text,label
ሮሮ አይመረው,1
የሰውን ልክ,1
ጥያቄዎች ደግሞ,0
ያገር ሸክም,1
አንጀቱ ተቃጠለ,1
ሰፖርታዊ ጨዋነት,0
ሀገሬ ኢትዮጵያ,0
ውርደት ተቀበለ,0
ተማሪዎች በርእሰጉዳዩ ላይ ጥልቅ ውይይት,0
አመልህን ሰብስብ,1
በአረፍተነገር ውስጥ,0
ቋጥኝ ቁም ነገርን,0
ለአገር ጉዳይ ተሟጋቾች,0
ሩቅ አገር,1
ከአንገት በላይ,1
አገር ውስጥ ያለውን,0
ተቋቋመ,1
ምክንያት በማድረግ,0
አመተ ምህረት,0
አፉን አሾለ,1
ጃንሆይ ድል አድርገው ከገቡ በኋላ,0
እንዳለ እንደ መርግ,0
ሁን ያለው ይሆናል,1
ለበቃ ለባቃ,1
የተሰጡ መነሻ መልሶች,0
ብረት ለበስ,1
ሎጥ ሎጥ አለ,1
ጥርሰ በረዶ,1
አደራውንም ይወጣል,0
ማድረግ የሚችለውንም ሁሉ አድርጓል,0
መንጥሮ አጠበ,1
በመፃፉ ተፀፀተ,0
አምስት አመት,0
አይኑ አረገዘ,1
ፈፀመ,0
ለበሽታዬ ያህል,1
ለተግባቦት ለማሀበራዊ ህይዎት,0
በዱላ ለወሰው,1
ሀተታዊ አረፍተነገር,0
ሳታደርገዉ ቀረች,0
ቅምጠላው ጠፋ,1
ችክ አለ,1
የተሻለ የደሞዝ ክፍያ,0
አስተማማኝና ተመራጭ አይደለም,0
ቋቅ አለው,1
ብላ ተባላ,1
ሟጣጭ ሌባ,1
ራስ በራስ,1
ችክ ምንችክ አለ,1
ጉዳዩ መክኖ ቀረ,1
አትሰለፍ,1
ሁለተኛ ምእራፍ ተሸጋግሮአል,0
ሰንጠረዥ ውስጥ ያለ መረጃን ተርጉሞ መፃፍ,0
አርከፈከፈብን,1
ተራ ሰው,1
ወጣቶቹ ኦፓል ከመገኘቱ በፊት,0
አሞገሰ,0
ቀደም ቀደም አትበል,1
ልቡ ቆመ,1
ሰውዬው ቡዳ,1
ልቦለድ,0
ጠፍር በሊታ,1
አንገቱን መዘዘ,1
ሰማይ ቆጡ,1
ነጠላ አረፍተነገር የሚባለው,0
አንጀቴ ቁልፍ አለ,1
ግራ ክንፍ,0
ቆርጦኝ,1
ቀልጣፋ ንቁ,0
ቆሌው ተነስቷል,1
ድል,0
ሹመት አይደነግጥ,1
ምች አደር,1
ሱሪ አለበስኩም,1
ቁስሉ ሰፋ,1
ሰአቱ ሞላ,1
ማከምን,0
ረሀብ ቀጠቀጠው,1
ስልክ እንኳ ደውሎ አያውቅም,0
ብርቱካን ልቁረጥልህ,0
ጋኔን ለከፈው,1
እኔ የሱን ጥብቆ እንዳጥብ,0
ከላይ ላይ እንደተጠቀሰው,0
ምስለ አፍሳሽ,1
መንገድ አሳበረ,1
እየተስለመለሙ ይጠራሉ,0
ምርጊት ፊት,1
ክረምቱ ተጫነ,1
ሙት አማጣኝ,1
ቆምጬ አምባው ይልማ,0
ቂጣ,1
እንደሚተረጎም ገለፃ ያድርጉላቸው,0
መቼት የትረካ አንፃር,0
ላቀበለው ጠቢብ እጅ ነሳ,0
እንዳልሆነ,1
ለይቶ አየ,0
መንደርደሪያ ትችት,0
አቃቢ ህግ,0
ለብቻ ያስቀመጡት,0
ሽብሽብ አደረገ,1
መምህር አልሰጠም,1
ተቆለለበት,1
የጣይ ሽንት,1
ቀደሰ,1
ሞትን እንደ ሶቅራጠስ ቅደመው,0
ይዞ የተፈጠረዉ,0
ስድ አደግ,1
ጠጁን ለበለበው,1
መንግጎ ወሰደ,1
በዱላ ለወሰው,1
ቅሬታ ገባው,1
የእርዳታ ገንዘብ,0
ፊደል ቆጠረ,1
ልብ አፈረሰ,1
የበይነመረብ መረጃዎች,0
ተበደሪ ብልሽ አሻፈረኝ አልሽ,0
ሽንተ መልካም,1
ቀርቶ ላይቀር,1
በእንባ ተራጨ,1
ልባቸው ተራርቋል,1
ምእራብ የተሰደደው,0
በእርማት ማረጋገጥ,0
ሽራፊ ሳንቲም,0
የአሜሪካ ዶክተር,0
አሁን ግን ይበቃኛል,0
የወር ቀለብ,0
ውለድ,0
ክፍለትምህርት ስር,0
መድሀኒት ቀመሰ,1
ክፉ ስም ቀባ,1
ሞት በቃ,1
ልቡ ረጋ,1
ቃሉን አከበረ,1
ዋና ዋና ፍሬ ሀሳቦችን,0
ሽንታም,1
በወረዳ አስተዳዳሪነት ሰርቻለሁ,0
ልቡን መታው,1
አትሰለፍ,1
ሀሞታም,1
የቃል ፅህፈት,1
መዝገብ ላይ ውስጥ ተከለ,1
በእርሱ,0
እየስራ እንደሆነ,0
እንዳሉት የሚገመተው አማርኛ,0
ተግባራትን በጥንቃቄ ማከናወን ያስፈልጋል,0
የሚከተለዉን ነገራት,0
ረድኤታም ሴት,1
የወርቅ ሜዳልያ,0
በነገር ቀቀለኝ,1
ርስት ተመራ,1
የቅባት እህል,0
ሶማሊኛ ቋንቋ ይናገራሉ,0
በሀረግ ሸለመ አስጌጠ,0
በልመና ወይም በትህትና የቀረበ ትእዛዝ,0
ሀገር ምስል,0
ወንጀል ሰራ,0
በውጊያ ሜዳ,0
አማርኛን እንደአፍመፍቻ ቋንቋ,0
መድከም መዛል,0
በእምብርክ አስኬደው,1
ፍፁምነት ባይኖራቸውም,0
የኩልቤት,1
የተወያዩባቸውን ነጥቦች,0
እንዲያው ካገኘሁ እድሉን እኔም,0
ባርያ ፈንጋይ,1
መስቀለኛ መንገድ,1
ጠበቃ አቆመ,1
የብረት ልጥ,1
ማስተማር እንዳለባቸው,0
ምርጥ ዘር,0
የሰጡትን ይይዛል,1
ስንዝር ሲሰጡት ጋራ,1
ቅላጥቤ,1
ንፋስ መውጫ,0
ሀይ ሀይ አለ,1
ልብ አብግን,1
በአረፍተነገር ውስጥ,0
የተወለደበትን ቀን አስቆጠረው,1
እስረኛ ለአይን ያስፈራል,0
እንደሱ እንኳ አላደርግም,0
ቡዳ በላው,1
ውሻ አይበላው ጥል,1
ቋቱ ጠብ አለ,1
እንደሆነ የሚገልፅ,0
ቆቻ ዋለ,1
ቃሪያ ሰነጋ,1
ወሬው በረደ,1
የልቦለድ ድርሰት,0
ስራ ማይዝ,1
ልብስ ተማሪ,1
ጅማ አባጅፋር,0
ምሳ አደረገ,1
መስከረም ሲተኮስ,1
እሱን አየሁ,0
ፈፅሞ አላደርገውም,0
ሶስት ሰበር,1
ቷቷ አለ,1
ርጥብ ሬሳ,1
ቀባ ቆራጭ,1
ቀርጠ ቀላል,1
ቁም ነገር,0
ራስን ማሻሻል,0
ስለተለያዩ ጉዳዮች ስንናገር,0
እብድ ፍቅር,0
አንጀቴን አርሰኝ,1
ሁለቱ ድርና ማግ ሁነዋል,1
የሰውነት ክፍሎች,0
ማስመለስ,1
የሞተ እንጀራ,1
ንፋስ መውጫ,0
በፊታቸዉ በኋላቸዉ,0
ችግር አለው,1
ግምገማ ያዳመጡትን ፅሁፍ,0
ጉዳዩን ተኮሰ,1
መንገድ መታው,1
የሰማይ ቁጣ,1
ልሳነ እሳት,1
ልቡ ሞተ,1
እንደቅደም ተከተላቸው,0
በቁርጥ አደር,1
በራዥ ከላሽ,1
ሞገስ አገኘ,1
ሰዋስው,0
ምንባቡን ደግመው ያንብቡላቸው,0
ቢያወጣ ቢያወርድ,0
ርጥብ ቁርበት,1
ወንድ አለ,0
አውድማን ረገጠ,1
በተማሪዎች መፅሀፍ ላይ የቀረቡ,0
የተቀራረበ በመሆኑ,0
የውሸት ማንነት,0
ለማብረድ ቻሉ,0
ነገር በላ,1
ሁለት ግስ,0
አባትዋ እልፍኝ,0
ቱሪስቶች የተገደበ አይደለም,0
የአማራ መነሻ,0
ሸርሞ ለሸርሞ,1
ከላይ እንደተጠቆመው,0
እሱ ባልዉ,0
ያገር ሸክም,1
መንገድ ላይ,0
ክፍል አንድ,0
በጨጉራህ ይቆረባል,1
አናቱን ለየ,1
በትሩ ሀይለኛ,1
ለዛ ቢስ,1
ከኦፓል የሚገኘው ገቢ,0
በመፅሀፍ ላይ,0
ማንነትን መደበቂያ ጭንብል,0
ትዝታን በመፍጠሩ,0
በተማሪ መፅሀፍ የቀረቡትን,0
ቅደም ተከተል,1
አእምሮው ላሽቋል,1
ሴራ ቆረጠ,1
ባህር ሸሽ,1
በቁሙ ሞተ,1
ትቶት ሂዷል,1
አባ ሰንጋ,1
ይዘት,0
ተላላሰ,1
ብረት ሰሪ,1
መቼና ከማን እንደሚወለድ,0
መግለፅ መቻላቸውን ማረጋገጥ,0
በዛሁ ቀንሱልኝ አለ,1
ቅፅላዊ ሀረግ,0
ስጋው መጠጠ,1
ቀዳዳ,1
ተነስቶ ሄደ,0
በሆኑ ርእሰ ጉዳዮች ላይ,0
ብር ብሎ ሄደ,1
መከተ,1
እስማማለሁ,0
ቆላ ቁስል,1
የዋህ አላፊ,0
በተጨማሪም,0
ይቅር ተባባለ,1
መቆራረጥ,1
የቤት እቃ,0
የሚነገረዉ ሀሳብ,0
ደና ሁን,0
አይመስሉ መስሎ,1
እሳት መታው,1
በዛብህ የወጣበት,0
ፀሀፊያቸው ደብተራ ዘነብ,0
አፉን አሙሸ,1
የአባት ልጅ,0
በራሴ ጊዜ,0
ቀንዳ ቀንዳ አለ,1
ራሱ ጠና,1
ተስፋ ስጠ,0
በቀላሉ ሸጠኝ,1
ስማዊ ሀረግ,0
መልክ አምድርና የአየር ንብረት,0
ልጁ ቀለጠ,1
ላባ ቀረሽ,1
መሬቱ ቀና,1
ስጋ በል,1
ክፉ ስልጣኔ,1
በበዛብህ ጎጆ,0
ለመምህርመር የሚተገበር ሙያ,0
በአንድ ሙያ ታዋቂ መሆን,0
ከገደል ላይ ማር የሚያወጣ,1
ለራስ ያሉት,0
የሚያመለክቱ ማስረጃዎች,0
ጎርፍ,0
አብርሀም ሊንከን,0
መሸፈን መከለል,0
የድሀ መከታ,1
የሰው ቤት,1
በጉ,1
ቆሌው ተነስቷል,1
አንጀቱን ቆረጠው,1
ትውልደ አርመኖቹ በኢሏባቦር,0
የጨረቃ ቀንድ,1
አንድ ኢትዮጵያ,0
የተፈጠረ ሳይሆን,0
የሚያስሩ ግሶች,0
የሆድ,1
እናት ፓርቲ,0
እንዲሁም ቋንቋው የጋዜጣ,0
ወረዳ አዘዘ,0
ተስፋ አትቁረጥ,0
ሁሉ እንዲታሰሩላቸዉ,0
ገበሬዉ አረሰ,0
አታቀርሽብኝ,1
ድንገት ሀሳብ ገባኝ,0
ስንክሳሩ በዛ,1
ቁሞች,1
አባቱ,1
መከራ ተቀበለ,1
ቁጣው በረደ,1
የሱ ወንድምነት,0
ልቡ ፈረሰ,1
አያሌ ገፅታዎች አሉት,0
ሰብለ ወንጌል,0
በቃል እንዲመልሱ ያድርጉ,0
በርካታ ጠቀሜታዎች አሏቸው,0
ላጤ መላጤ,1
በሽታው ለቀቀው,1
በንዴት ተቃጠለ,1
ባጣ ቆዬኝ,1
የሚያካትት ጭምር,0
ለማንሳት ፈቃድ,0
ቋቱ ጠብ አላለም,1
አስፈላጊ ነዉ,0
ምግበ ነፍስ,1
የማያቀራርብ ስራ,1
አረጋግጦ መሰከረ,1
ችግር የሌለበት,0
ተብለው የሚገመቱ,0
ከአፍቅሮተነዋይ የራቀ,0
መልኩ መድሀኒቱ,0
ዝናቡ አቆመ,1
አይኑ ተሸነፈ,1
ሞኝ ያገኘው ፈሊጥ,1
እስኪጨርስ ድረስ በመደበኛ ዋና,0
ጉዳይ ቆረጠ,1
ቃሪያ ነገር,1
የተለየየ ሰዎችን,0
መንገድ መች ሆነና,0
ሞገደኛ ዝናብ,0
ልቡ አበጠ,1
ለማስቻል,0
ከስሙ እንደምንረዳው,0
ዘሩ የማይታወቅ ለሰው,0
ማነው ይግቡ,0
ረጠበ,1
በተዋቀሩ አረፍተነገሮች ውስጥ,0
ቁርበት ጣሉለት,1
የተጫማናቸው ጫማዎች,0
ቀን ጎደለበት,1
ደም ያረገዘ ጣት,1
መጥፎ እድል,0
የበቀል እቅዳቸዉን,0
በንዴት ተቃጠለ,1
የሚሄዱበት ደረጃ ላይ ደርሰዋል,0
ዳንኪራ መታ,1
አምባር ሰበረ,1
አስር ሀገራት መካከል አብዛኞቹ,0
ልበ ትልቅ,1
ልቡን አወለቀ,1
ከብቱ ጥርሱን ሰብሯል,1
አማርኛ ከአረብኛና ከእብራይስጥ,0
ስምህን ቄስ ይጥራው,1
ልቡን ሸነጠው,1
ቦይ ቀደደ,1
ልብ አጠፋ,1
ሰንኮፉ አልወጣም,1
አጥሩ ሊፈርስ ደረሰ,0
ለመስረቅ ቤት ሸነቆረ,0
በጎ ፍቃደኝነት,0
ቤት ሞላ,1
እነሱ በተለየ መንገድ,0
ማስተላለፍ መቻል ይኖርበታል,0
ቤት አሳየ,1
የሶቅራጥስ ሞት,0
የሚጥስ ይሆናል,0
ቃናው ተለወጠ,1
ልበ ጡል,1
በሰብእናውና በመልኩ,0
አስበቃ,1
ውሸታም,0
እስኪነስረው ነገረው,1
ገበሬዉ አረሰ,0
ሰማይ ለሰማይ,1
ቀብሮ አቆየ,1
መስክ አልፋ,1
አመሉ አልሰከነም,1
አውድማ በረበረ,1
ለቀረበው ተግባር,0
ለበርካታ ወጣቶች የስራ እድል,0
ቀላድ ጣለ,1
አንድ እቃ ወይም አገልግሎት,0
ከሚሰጣቸው አገልግሎቶች,0
ርስት ተከለ,1
ራሱን አወቀ,1
የትውልድ ቦታ,0
ሆደ ባህር,1
ጥፋት በአይነ,0
ሽጓጣ,1
ረሀብ በረበረኝ,1
ብረት ለበስ,1
አረግ መዘዘ,1
ደመናው ተሾመ,1
ለክፍል ተማሪዎች አቅርቡ,0
የግእዝ ፈደላትን በመውሰድ,0
የቀረቡትን የቃላት ጥያቄዎች,0
ተጫጫነኝ,1
ይህንንም ያደረገው,0
ፆታዊ ፍቅር,0
ፅሁፍን አሳጥሮ መፃፍ,0
አንብበው እንደጨረሱ,0
ከአርባ ቢሊዮን,0
ፊታውራሪ መሸሻም,0
ነብዩ ቁርሱን በልቷል,0
ብርክ ያዘው,1
ስነፅሁፍ እንዲሆን አድርገዋል,0
የፈጠራ ችሎታን ያጎለብታሉ,0
የአንድ ነገር መሰደድ መለቀቅ,0
መታገስ መቻል,0
የሚላስ የሚቀመስ,1
ልቡ ገባ,1
ትፋታም,1
አግዶኝ,1
ቀን,1
የሀገር ፍቅር,0
ሞገስ አገኘ,1
ከክፍለትምህርቱ የሚጠበቁ ውጤቶች,0
የኢትዮጵያ ምንጮች,0
የእውቀት ብርሀን,0
በምልከታ ማረጋገጥ,0
የወርቅ ሀብል,0
ቆረጠኝና,1
ቀደም ሲል የደላንታን ሰማይ አንጋጠው,0
የስጋ ከብት,1
ተራ ነገር,1
ሰውነቱ ተለወጠ,0
ልቡን ሰበረው,1
የሌሊት ወፍ,0
ድንገት ጣል አደረገብኝ,0
ደህና ይሁኑ,0
ራስ ስሞሽ,1
ሞቅ ሞቅ አለ,1
ፅሁፉን ካነበቡላቸው በኋላ,0
ብርድ ብርድ አለው,1
መፅሄቶች ጋዜጦች,0
ሽንታም,1
የሚሰናዳ መፅሀፍ,0
ልጦ ጎርዶ አወጣ,1
ቀንዱን አሳየ,1
ሳብ ረገብ አደረገ,1
አሯሯጠው,1
በረት ምጣድ,0
የቋጠረው የማይፈታ,1
ቁልፍ ቦታ,1
አቀለጠኝ,1
ምርጫ ምርጫ,0
ከበግ አይሻልም,1
የሚማሩ ግለሰቦችን,0
በውይይታቸው የደረሰቡባቸውን ማጠቃለያዎች,0
ሰማይ ጠቀስ,1
መቼ አጣሁት,1
በተዘዋዋሪ መንገድ ሊቀርብ ይችላል,0
ሰውዬው በረደ,1
እንደሚበልጥ,0
መጥምቀ መለኮት,0
በስብሰባ ወይም ዝግጅት ወጣት,0
ማብረድ ቻሉ,0
በማደግ ላይ ካሉ አገሮች,0
ይቻላል,1
ምርቅና ፍትፍት,1
ለማሳየት አሁን ያለው ትውልድ,0
ገንዘቡን አቃጠለ,1
ንስሀ አባት,0
ስር ተቆጣ,1
ጉዳዩ መክኖ ቀረ,1
የወዲያ ስራ,1
ሻ ብትን,1
ቅምጠላው ጠፋ,1
የፍቺ ልዩነት መግለፅ,0
መሬት አሟሸ,1
ቆዳውን አስወደደ,1
ሟጣጭ ሌባ,1
ሊያለቅስ ደረሰ,0
ማናቸውም አይነት ግብር,0
ሀብተ ሰባራ,1
የሰው ልጆች ሀሳባቸውን,0
ተጎዳ ተጎሳቆለ,0
ሌላው የኢትዮጵያን እንግዳ ተቀባይነት,0
አለመገኘቱ,0
ሆድ ሆዴን,1
ተቋቋመ,1
አይቻልም,1
አለቃና ምንዝር,1
ክፉ ቀን,1
በእኩል ጊዜ እንዲያልቁ ሆነው,0
እንደመነሻ ይጠቀሙበት,0
ማስቀየም ማስከፋት,0
ተማሪዎችን በመጠየቅ ማረጋገጥ,0
ያንበሳ መደብ,1
ቆብ ጫነ,1
የቀረው ቢቀር,1
ባህር ሸሽ,1
ስር ያዘ,1
ከካኔ ሚያሀራ ጋር ተዋወቀ,0
ውርደት ተሸከመ,1
ይህን ችግር,0
የኢትዮጵያ ስፔስ,0
ቆይ,1
የእንዝርት ቂጥ,1
የሚያጠናቅሩበት በቂ ጊዜ ይስጧቸው,0
ገጣሚ ሰው,0
ረሀብ በረበረኝ,1
ግምባሩ ተሸበሸበ,1
ልቡ ቆረጠ,1
ስለማይፈቅዱላት አዝና,0
ሌላውን,1
ሰውንቴ ተሟገተብኝ,1
ጅምላ ጭፍጨፋ,0
አይነት ሁኔታ ላይ ሳለ,0
በኢትዮጵያ የመጀመሪያውን,0
ደብተሮቻቸውን በመመልከት ማረጋገጥ,0
እግዚአብሄርታን ያመለክታል,0
እርጥብ ናት,1
ሀረግ መዘዘ,1
አርእስተ ነገር,1
አስመታ,1
የትዳር አጋር,0
በአሁኑ ወጣት እውቀትና ገንዘብ,0
በላብ ሰጠመ,1
በዜማ የሚቀርቡና አጫጭር,0
ሰነፍ ምርት,1
ቀነደበ,1
ልበ ፈሪ,1
ስልጠና ፍላጎት,0
የድሀ መከታ,1
ቀጠንጠን አድርጎታል,1
ጠጉር ስንጠቃ,1
ቂም መቅረፊያ,1
ጎን ለጎን,0
የቀለም ቀንድ,1
ስማቸው ከሚጠራ አስር ሀገራት,0
ይኸውም፦,0
ዘጠና ደቂቃ,0
ሆዱ ሻከረ,1
ብረቱ ሸንቶበታል,1
ቅመም,1
በቀድሞው ይፋት አውራጃ,0
እጅ መንሻ ስጦታ,0
ነፃነት ፍለጋ,0
አንጀቱ ተበጠሰ,1
መምህር መከናወት,0
ሰፖርታዊ ጨዋነት,0
ሴት አውል,1
ልቡ ቀዘቀዘ,1
መንገድ ቀደደ,1
ሀዘን ቤት,0
አንጀቱ ቆረጠ,1
ልቡ አበጠ,1
አይነስረውም,1
የሚቀራረቡበትን ዘዴ,0
ሁለት ዲግሪዎችን,0
መፅሄቶችንና የምርምር ውጤቶችን ይጠቀሙ,0
የውሻ ቁስል,1
በውይይት መሳተፋቸውን,0
በማድረግ ማረጋገጥ,0
ቁም ስቅል አሳየ,1
ሞቴን ሞት ወሰደው,1
ዝናብ መታው,1
ጥቅም አልባ ዋጋ ቢስ,0
ልቡን ሸነጠው,1
እንደሱ የወንድ ፈሪ በሀገር የለም,0
ዝምተኛ ሰዉ,0
ልጓም አጥባቂ,1
ላይ ታች አለ,1
ከንፈሯን መገመገዉ,0
መኝታ ቤት,0
መርጃ መሳሪያዎች,0
አሳበ ሩቅ,1
ልበ ጥሩ,1
ጥቁር አዝሙድ,0
የቁም ከብት,1
ባዝራዋ ተመታች,1
ያድማዉ መሪዎች,0
በዋለ ቀረ,1
የወር ገቢ,0
ተመሳሳይ ካልተገኘለት,0
ማስታወቂያ ሲዘጋጅ,0
ልቡን መታው,1
በእጅ ስልኮችም በሚገባ,0
እዚህ ተቀመጥ,0
ቃል አጋኖ,0
ቤተሰባዊ ግንኙት መፍጠር,0
ዳኛ ረግጦ ሄደ,1
ፈዳ,0
ቂጥ ለቂጥ ገጠመ,1
በጎ,1
የሚመስላት አጥታ,0
ስምህን ቄስ ያንሳው,1
ምንድነው ውበቱ,0
መሬት ሰነጋ,1
አጭር ፅሁፍ,0
ኢትዮጵያ አሁንም ስደተኞችን በመቀበል,0
ነገር ቆሰቆሰ,1
ከዚህ በተጨማሪ,0
መንግስት አመምህርንና አስተዳደርን,0
ብቅሉ አናቱ ላይ ወጣ,1
ጎጆ ቀለሰ,1
ሀዊረ ህይወት,0
ቅኔ ቆጠረ,1
መረጃዎችን ለመለዋወጥ,0
ሙሽሪት ማሬ ማሬ,0
በህዝቦች ህይወትና ግንኙነት,0
ሊያተኩሩባቸው የሚገቡ ነጥቦችን,0
አሻሻጭ,1
የኔ ቢጤ,1
ብዝሀነት በአንድነት ውስጥ,0
ማንቆርቆሪያ አፍንጫ,1
ወቀሰው,0
በፅሁፍ ውስጥ መኖራቸው የተሟላ,0
ትንሽ ስህተት,0
ቅዳሴ ታጎለ,1
መሰናክል እሩጫአ,0
መንግስተ ሰማያት,0
ቅርጥ የለሽ,1
በመደረጉ ምክንያት,0
አንገቱን ረገጠው,1
ሰንካላ,1
ብለን በትግስት,0
ልቡ ቆሰለ,1
የሴት ልጅ,1
የተለያዩ አረፍተነገሮችን በመስጠት,0
መከራ ቀመሰ,1
ነገረኛ,0
አለባበሰ,1
አፈር ይብላኝ,1
ምድር ያዘ,1
ምርጊት ፊት,1
አዳማ ከነማ,0
በቤታቸው ሰርተው እንዲመጡ ይንገሯቸው,0
የጠላቶቻቸዉ ጥፋት,0
አይኑ ሰረቀ,1
ገንዘብ አለውና,0
ልብ ቀረው,1
ቢሆን የሚከፈል ግብር,0
ለልጁ ሳሳ,1
ስርአት ተከለ,1
አባ ሙላት,0
በልክ,1
ፊቱ መጠጠ,1
ምድር መሸበት,1
የፈሲታ ተቆጢታ,1
ተጠናከረ,0
ግብር ማሰብሰብ ትምህርት ቤቶች,0
ሮሮ አይመረው,1
የስሜት መነቃቃት,0
ልበ ከንቱ,1
የጥርስ ስጋ,1
ክፉ ስልጣኔ,1
ምድር አስጋጠ,1
መጠጊያ የሚፈልጉ,0
አንበጣ መታዉ,0
ቀንድ አሽሽ,1
የምትወደዉን አታገባም,0
አገር ተመታ,1
ልቡ ሞቷል,1
በቅሎ ነች,1
ብትን ድልህ,1
መነጠልና በራስ መዋጥ ሳይሆን,0
በሚኖርበት ማህበር,0
ቋንቋው አልገባውም,1
የሆነው ይሁን አለ,1
ቅድ አፍ,1
ቀደም ሲል,1
በቃል ሲያቀርቡ በመከታተል ማረጋገጥ,0
ይኸውም በዳይና ተበዳይ,0
ማለትም በፌስቡክ ገፁ,0
ግብር በመንግስት የሚጣል,0
እንደ እድል ሆኖ,0
አፉን አሙሸ,1
አደራ በላ,1
ይሁን,1
ጭንጋፍ,0
መሸኛ ደብዳቤ,1
ልበ ሰፊ,1
ስራት ለበሰ,1
የጤናና ማሀበራዊ መገልገያዎች,0
ህይወት በሙሉ,0
ገንዘብ ቀረጠኝ,1
ቋሚ,1
በተማሪ መፅሀፍ,0
በበዛበት ከዚያ,0
ሸለተ,1
የቀረበውን አጭር ማስታወሻ,0
አለሁ አለሁ ባይ,0
ካሳ ሰራ,1
ዘመናዊ እርሻ,0
ቃሉን አከበረ,1
አገሮችን ለማሳደግ,0
ወይም ባህላዊ ወይም,0
የስራ አጋር,0
ቦርቦር አለ,1
ከልቡ ወደደ,1
ስር የለሽ,1
የሚያውቀውን እውነታ እንመልከት,0
ሰብለን በፈት ወግ አገባለሁ,0
የኢትዮጵያ ህዝብ,0
ሹመት አይደነግጥ,1
የሰይጣን መልእክተኛ,1
ሞት ይቆረብለትና,1
ምድር ቀለጠ,1
ቤት ያፈራው,1
አድካሚ እንደሆነ ይናገራል,0
እጅ ለእጅ ሲጨባበጡ,0
እኛ ጋ ያሉት,0
ሳታደርገዉ ቀረች,0
ልቡን መታው,1
ቀንበር ሰበረ,1
ዱላ ቀመሰ,1
ራስ በራስ,1
ሳታገባ ትቀራለች,0
መግዛት ከፈጣሪ,0
ባታላጋኝ,1
ታማኝ,0
በወጣትነት እድሜው,0
ስድ ቤት,1
ተጨማሪ ገለፃና ማብራሪያ,0
የ አመት ጎልማሳ,0
የሌሎቹንም ቃላት ፍቺና አጠቃቀም,0
ልቡ ሰባ,1
ቆርጦ ቀጥል,1
ልብ አቁስል,1
መጥኔውን ይስጥሽ,1
ነገር ተበተበ,1
ድምፁ ያውከው ጀመረ,0
የነበረው የአስተሳሰብ ስርአት የተበታተነ,0
ባርያ ሰደድ,1
ስጋ በል,1
ልቡ ሸፈተ,1
ቁርበተ ሞኝ,1
ሰርገኛ መጣ በርበሬ ቀንጥሱ,1
ፈተና ቀለለ,1
አይነ ልም,1
ጨዋታው ቀለጠ,1
ሰረገላ ገባ,1
አናቱን ለየ,1
አንድነት ደግሞ ጭቆናን አያመለክቱም,0
መገመት መምህርጠር,0
ተማሪዎች በምንባቡ ውስጥ,0
ተከሻህን አትሽ,1
ክፉ ጎረቤት,0
አንቺ ከየት ታመጫለሽ,0
በሬው ቀና,1
ሰውነቱን በላው,1
ቢከፍቱ ተልባ,1
ልቡ ራሰ,1
ማዶ ማዶ,1
የነገር መነሻ,0
ልቡ ገባ,1
የውሻ ቁስል,1
ሁለት ወይም ከዚያ በላይ የሆኑ,0
ስራ ፈት,1
ዱላ ሸተተው,1
ጥሩ የቃላት ፈጠራን,0
ክፍል የቀረበው የቃላት ትምህርት,0
ፅሁፎችና ስእሎች,0
የሰይጣን ቁራጭ,1
ባለው ጥሩ ባህሪ,0
መጥፎ እሴቶች,0
ሟጣጭ ሌባ,1
ባይሸት ይሻላል,1
ምግብ ቤት,0
በሽታው ወጣለት,1
የገንዘብ ቦርሳቸውን,0
ከየጉድጓዳቸው ብቅ ብቅ ሲሉ,0
ፅልመት ውስጥ,0
እሱ ባልዉ,0
በሰው ፊት ቀሰለ,1
የአመተ ምህረት ህዝቦች በስፋት ግብርና,0
ቁጣዬን ቀሙኝ,1
ትምህርት ቀሰመ,1
ልበ ተራራ,1
ሰርግና ምላሽ,1
ማህበረ ቅዱሳን,0
ልቡን ሰጠው,1
ታች አብሽ ወረደ,1
መሬት ይቅለለው,1
ትኩስ ሀይል,1
አውሬ ቀሰቀሰ,1
ገንቢ ግብረመልስ ይስጡ,0
ብዙ ገንዘብ,0
ለውይይት የሚጋብዙ,0
የሰው በታች,1
ለምኔ,1
አስመሰከረ,1
ስም እንዳለው,1
ለታማሚው መስጠት,0
እባጩ በሰለ,1
ከከተማው ቀደም ብለው የተነሱ,0
ልጁ ቀለጠ,1
በመሆኑም በብዙ ዘመናዊ ግጥሞች,0
ቁም ለቁም,1
ሊበላ,1
ልቡ ሊከዳው ፈለገ,0
ሽንታም,1
ቆርጦት,1
ምድር ቤት,0
ብረ ሸሽ,1
ሹም ሽር,1
ወዳጅኔቴን ሰርዣለሁ,1
የተሰጠ አንድ ብያኔ እንመልከት,0
ልበ ክፍት,1
የልመና እህል,1
ውሀ ቀጠነ,1
ሙት ለሙት ያለቅሳል,1
በመንግስት የሚጣል,0
የጀግኖች ባል,1
ፍትሀዊነት የጎደለዉ,0
ሰማይ ሰማይ አትይ,1
ሸማ ለባሽ,1
እነዚህ አረፍተነገሮች,0
አንድነትና ልዩነት ግልፅ እንዲሆንላቸው,0
የበሰለ ዋስ,1
ይሁንና ተገቢው ትኩረት,0
በጎ አድራጎት,1
ብበደር ገንዘብ ተቸገረች ይለኛል,0
አልተስማሙም,0
ስለሆነ,1
ቀርቶ ላይቀር,1
ሰዎች ሸክምህን በጎነተሉት ቁጥር,0
ወንጀል ሰራ,0
ሰምና ፈትል,1
ሆዱ ተቋረጠ,1
ባጭር ቀጨ,1
ቁጥብ,1
ባለ ወግ,1
ነገርን ነገር ያነሳዋል,1
መብቶችን በተቻለ መጠን,0
ኦፓል ውድና ተራ ተብሎ,0
መታ ያለ,1
አቃቢ ህግ,0
ልብ አብግን,1
በጦር ሸከሸከው,1
በነገር ሸቀጠ,1
ልቡ ተሰነጠቀ,1
ለነዚህ ልጄን,0
ፈውስ የሚገኘውም,0
ደብረ ኤልያስ,0
ጥቂት ቆይቶ ይዘንባል,0
ሲበሉ የላኩት,1
ቸገረኝ,0
አማካሪ መምህር,0
እንጀራ በወጥ,0
ኢትዮጵያዊውን መስለው,0
ዳኞች ፊት ቀርበው,0
የማስጠበቅ ባህሪ እዳለውም,0
መከራውን በላ,1
የኋላ ኋላ,1
ልጁን ተቆጣው,1
ቁም ነገራም,1
በራብ አለንጋ ተገረፈ,1
የኔ ውብ ከተማ,0
ይሁንልህ,1
ጎጃም አዘነ,0
በተማሪ መፅሀፍ የሚገኙትን,0
ልጨኛ,1
ርስ በርስ የማቀራረብ ፋይዳ አላቸው,0
ክርክር የሚያደርጉት,0
ህግ ሰበረ,1
ከቋት ከቋቱ,1
መካከል ያለው ግንኙነት,0
ስምህን ቄስ ያንሳው,1
ማርም አልልስ,1
ተቀብላ እያስተናገደቻቸው ትገኛለች,0
የነገር ማቋራጫ,1
ብው አለ,1
መካከል አንዱ ማእድን,0
ስጋ በል,0
ሞት የተፋው,1
የክፍለትምህርቱ አቀራረብ,0
ቤት አሳየ,1
ተለሳለሰ,1
ዛር ስትወልድ ቢያይ የሚያምጥ,1
አንዲት ወጣት ልጅ,0
ተዛማች ወሬ,0
የክፍለትምህርቱ አቀራረብ,0
ግን,0
አፉን ተመተመ,1
ንቃት የሚያበራ ቁም ነገርን,0
ቅርጥ የለሽ,1
መጠነ ቁስ,0
እንኳወ ላጆችዋ,0
ቆንዳ ቆንዴ አለ,1
የመሰረቱን እስቲ ልናገር,0
ለዋሳ,1
ለመናት,1
ፊታውራሪ መሸሻ,0
ጤናህን ነህ ቢለኝ,0
ጋሽ ውብሸት,0
ትክክል እርግጥ,0
ሁለተኛ ስራ,1
አልጫ ድንች,0
ርግጡን ንገረው,1
በተ በረከት,1
ስራ ቤት,1
በሽምግልና ወጣት,0
የደጋ ርጥበት,0
በዳበሳቸው መፃህፍት ተሞልታለች,0
ቀይ ስር,0
በአንፃሩ ደግሞ,0
ባህር ሸሸ,1
በሽታው ቀለለው,1
መዋእለ ንዋይ,0
እጁን ቀሰረብኝ,1
ሳይሆን,1
አጣደፈው,0
ዘና ብለው በራሳቸው,0
መርጃ መሳሪያዎች,0
የወፍ ቋንቋ,1
በላይ ይገመታል,0
እንቅልፍ ነቃ,0
ስለዚህ ሏላዊት ሀገር,0
ገንዘብ ቋጠረ,1
ቀይ ስር,0
የወረዳ አስተዳዳሪ,0
ባህላዊና መንፈሳዊ ይዘት ያለው ክዋኔ,0
ብስል ሰው,1
ሰርተው እንዲመጡ ይንገሯቸው,0
መስታዉት ፊት,0
በሚገባ ስራ ላይ እየዋለ,0
ልብ አቁስል,1
በጥልቀት ማጤን ይጠበቅበታል,0
ርግጡን ንገረው,1
በብስጭት ውጪ ትወጣለች,0
ጥቁር ገበያ,0
ይህን ስርአት ያልነበረውን,0
ከጠረጴዛ ላይ,0
ልቡ ቆሰለ,1
ህዝብን በተግባር ማገልገል,0
የእንግዳ ቁርበት,1
ጥፊ ላሰ,1
ልቡ ተርፏ አለ,1
ቁልቁል ሲሰደን,0
ነጭ እሾህ,1
ቤት መታ,1
ቃናው ተለወጠ,1
ማፍሰስ ጀምሯል,0
ማክበድ የምትችለው አንተ ነህ,0
መስክ አልፋ,1
ተልባ መታ,1
መልካም ባአል,0
ሞባይል ቴፕ ወይም መቅረፀ ድምፅ,0
የሞት ሞት,1
ሰጥ ለጥ ብሎ ተገዛ,1
የወሰደውን ገንዘብ ተፋው,1
ቁልፍ ቦታ,0
የቅርብ ሩቅ,1
በየሄዱበት አገር በቴክኖሎጂና ሳይንስ,0
ሱቅ በደረቴ,1
ጋኑ ተሾመ,1
ቁቲት በጣሽ,1
ወንድ አለ,0
ልቡ ተሸበረ,1
ለትምህርት አገልግሎት,0
ቆመብኝ,1
ርእስ አንቀፅ,1
መከተ,1
በክፍለትምህርት ሁለት,0
ሰንኮፉ አልወጣም,1
በቃ በለው,1
ሿ አደረገ,1
ሁለቱ ድርና ማግ ሁነዋል,1
ሰርገኛ መጣ በርበሬ ቀንጥሱ,1
ከዚህ ቀጥሎ ተሰጥተዋል,0
አራጋፊ,1
ማእዱን አማገጠ,1
ሲስሟት ቀርቶ ሲስቧት,1
አባዛች,1
እርስ በራሱ,0
ለተማሪዎች የሚያዳምጡትን,0
ቋሚ,1
ይቅር አሰኘ,1
በቋንቋ ድምፃዊ መግባቢያነት,0
በሊታ,1
ከድህነትና ኋላ ቀርነት,0
ለአሸናፊ የሚሰጥ የክብር ሽልማት,0
ቀጥሎ ሶስተኛውን ቦታ የያዘ,0
ስራን አግባብተው የሚሰሩ,0
እንዳትቀር አሉ,0
እረስሀለሁ,0
ቀርበታ ሆድ,1
ቢስ አይይህ,1
በእምብርክ አስኬደው,1
ነጣላዋን በተነች,1
በደረቱ አሰጠግቶ,0
ልበ ጥኑ,1
ሰዎች በተለያዩ ጉዳዮች ያላቸው አመለካከት,0
ብዬ,0
ለሚሰሩ ጥያቄዎች ስርአተነጥብን,0
ቤተኛ,1
ፈጠራ ወደኮምፕዩተር ገብቶ,0
በሬ ወለደ,1
የሰው ሚስት አማገጠ,1
ወይዘሮ ላቀች በትካዜ,0
መቼ መጣሽ,0
ቤት በመለስ,0
የጀግኖች ባል,1
ጋብቻሽ ይሁን መልካም ፍሬ,0
በሀብት የበሰበሰ,1
ልብ አውልቅ,1
ከብቱን ለቀቀ,1
የራሳቸውን የማስታወቂያ ድርጅት,0
ስሙን ተከለ,1
መጣላት ፈለገ,0
የጦር ምሰሶ,1
በደስታ መምህር,0
ውሸቱን ቀረደደው,1
መከዳ አቃፊ,1
አርፈ መስቀል,1
ምድር ደህና ዋይ አለ,1
ተቋረጠ,1
መነሻ ነጥቦች,0
ተራ ነገር,0
ወህኒ ቤት ለምን እንደጣሉት,0
ከቤተሰብ ምድቡ,0
ግድግዳው ላይ የተሰቀለውን,0
ቃርያው በሰለ,1
ስራ ፈት,1
ብቅል አውራጅ,1
የጥያቄዎቹ መነሻ መልሶች የሚከተሉት,0
ተቀናሽ የሚሆን የገንዘብ መጠንን,0
ልቡን ሰለበው,1
ዋጋ ቆለለ,1
የእምነት ሀሳብ,0
ያለውን ልዩነት መግለፃቸውን,0
ምድር ተፋህ,1
ባህር ማዶ,1
ነገር ግን,0
ልቡ ወላወለ,1
ልብ አብርድ,1
እልሁን አስቆጠረ,1
በጎ አድራጎት,1
ስራም ይጀምራሉ,0
ቆቡን ቀደደ,1
ለበሽታው የሚዘጋጁ ቅመማዎች,0
ላባ ቀረሽ,1
የሀገራችን ችግር,0
ቀጭን አንጀት,0
የቅርብ አላፊ,0
ስድስት አዳዲስ የላንቃ ደምፆችን,0
ማለዳ ላይ,0
ሀዘን ቤት,0
ኒክ አነቃቂ ንግግሮችን,0
ትዳሩ ሞላ,1
ጥሩ አይደለም,0
ቦይ ቀደደ,1
ምርዝ አደረገ,1
ትኩስ ነገር,0
በደብተራቸው ፅፈው,0
ቃል ማሰሪያ,1
ማርም አይልስ,1
በቶሎ የማያልቅ እህል,0
እዝል ዜማ,0
የሚቀጥሯት ሰዎች,0
ስራተ ቢስ,1
እንደ አግባቡ,0
አግኙ ተገናኙ ኮርቻውን,0
መዝጊያ ቆረቆረ,1
ሁለትምህርትምህርትምህርት ቤት,1
ይቅርታ ጠየቀ,1
ለአህያ ማር አይጥማትም,1
አሰልጥ ባርያ,1
ረጅም ተረከዝ,0
ብን ያርግህ,1
ቃላዊ ግጥሞች ከባህል ጋር የተሳሰሩ,0
ሽል ያለ,1
ብቅሉ አናቱ ላይ ወጣ,1
ቅጥቡ ሞላ,1
ሙሉ ሰው,1
አረገዘች,0
ሳይሆን በተገኘው ስራ,0
በቋንቋ መጠቀሙ,0
ደም ያረገዘ ጣት,1
ቢያክ ቢያክ አለ,1
የጣሪያ ስር,0
ክፍል ከተማ,0
ደራሲ የላቀ የቋንቋ ችሎታ ያስፈልገዋል,0
ቋንቋን የሚጠቀም ፍጡር ባለመኖሩ,0
የሚባልበት አይደለም,0
ጎን ለጎ,0
መልካመ ጋብቻ,0
በተጨማሪ ሌሎችም,0
የተተወ,1
መለየት የሚችል የአእምሮ ክፍል,0
በነገር ቀቀለኝ,1
እንባ ረጨበት,1
ተነስቶ ሄደ,0
ከላይ ሁሉም ቃላት የተመሰረቱባቸው,0
አይቡ መጠጠ,1
ስነግጥም በቋነቋ አማካኝነት,0
ነገር ሰራ,1
ለተማሪዉ ደወለ,0
የልመና እህል,1
የሰው አይን በላው,1
ነክሰዉ የጠላቶቻቸዉን,0
ቀፎ ቆራጭ,1
ዘጠና ደቂቃ,0
አድማ መታ,1
የቀረበውን ማስታወሻ,0
ከአንድ ባለቤት ከአንድ ማሰሪያ አንቀፅ,0
ወደኢትዮጵያ አምጥተዋቸዋል,0
ስለዚህ የሰው ልጅ,0
ቀድመን ማንዘምት,0
ትኩስ ፍቅር,0
ቆዳ,1
ሴራ መታ,1
ከታሪኩ ጠንካራ የስራ ባህልን,0
ሸፈነ,0
ፓለቲካዊ ተሳትፎ,0
የቤት ውልድ,1
ትከሻ ሰጠ,1
የመሰለው ሌላኛው ባለመለዮ,0
እንቅልፍ ወሰደዉ,0
የቤት ጣጣ,1
ተራ ንግግር,1
በህይወት ዉስጥ,0
ስሙን ተከለ,1
አንጎል በራስቅል አጥንት ውስጥ የሚገኝ,0
ብልት አዋቂ,1
የርሱ ነገር በቃኝ,1
ህግ ተላለፈ,1
መኪናውን ቆሰቆሰ,1
ሰአቱ ሞላ,1
አቶ ውብሸት ወርቃለማሁን ያገኛል,0
ሞቴን ሞት ወሰደው,1
በረሀብ ተቀጣ,1
ተክለ ሀይማኖት,0
ቀን ጎደለበት,1
ቁርጥ,1
በአስገዳጅ አስገዳጅ ባልሆነ መልኩ,0
በቁምህ,1
የሚለው,0
ቤቱ ሰው አያውቀውም,1
ልብ አብርድ,1
አይለመድ,1
ስለማይፈቅዱላት አዝና,0
መፍትሄ ሰጭ,0
መነሾ,1
ሞሰበ ወርቅ,0
ተገቢውን ስርአተነጥብ እንዲያስገቡ,0
በርካታ አዳዲስ ቴክኖሎጂዎች,0
ከዋናው ፅሁፍ ጋር በማስተያየት,0
ለመሸፈን ተጣጣረ,0
በእነዚህ የመናዊያን ምክንያት,0
አይደለም,0
ንባብ,0
በ አመቱ,0
በነገር ረጨኝ,1
እጅ ሳመ,1
ጠጉር ሰራ,1
አየር ሀይል,0
ስራ ያስከብራል ስም ያስጠራልና,0
ሀብታም,0
የተለየህ አይደለህም,0
ስመ ጥቁ,1
ባለህበት ርጋ,1
እንትፍትፍ,1
የቀረበውን ምንባብ,0
ልቤ ተሰቀለ,1
ከብቱ ጥርሱን ሰብሯል,1
ቃል ሰጠ,1
ሁሉ አገርሽ,1
ቃል ሰጠ,1
አባቴ እምቢ አለኝ,0
ቂም በቀል,1
ባልና ሚስት ቁልፍ,1
ለእውቀት በቃ,1
ሀብትሽ በሀብቴ,1
ተክለ ሀይማኖት,0
በከፊል የሚከተሉት,0
ቁልፍ ቦታ,1
አማራ,0
ያስችልህ,1
ላይ ያጠነጠነ,0
ሬሳ,1
ሴተ መሬት,1
ከቅርብ ጊዜ ወዲህ ግን,0
ቤቱ ሰው አያውቀውም,1
ንፍቀ ክበብ,0
ድንቄም ሰለጠነች,1
ልብቡ አልሰከነም,1
ይበላል,1
አይቻልም,1
ላስ አደረገው,1
እሳት መታው,1
ሀይ በል አለ,1
ስድ አደግ,1
ጥርሱን አረገፈው,1
በጦር ማገረበት,1
ቆፍጠን በል,0
በመጨረሻም እርማት ያድርጉ,0
የበለጠ ተጠቃሚ እሆናለሁ,0
ተስፈኛ,1
እስከ መሻሻጥ ያሉ ስራዎች,0
ቅቤ አንጓች,1
ሞላጫ ሌባ,1
የሰዉ እብድ,0
የሰው ልጅ የስራ ባህሉን,0
የተረሳውን ጎን ቀሰቀሰ,1
በተማሪዎች መፅሀፍ ላይ,0
የድንጋይ አጥር,0
አእምሮው ተመለሰ,1
ቅሬታ ገባው,1
የመጀመሪያው ተግባር ይዘት,0
የቃል ዘገባ ማቅረብ,0
አስር አመት ላይ,0
ልቡ ወደደ,1
ሞረትና ጅሩ,0
ሰውነቱን በላው,1
ሆዱን ቆለፈ,1
ያለው መሰረታዊ ልዩነት,0
የተፈጥሮ ውሳኔ,0
መስከረም ነጋ,1
አይነ ሰባራ,1
የህይወት መልኮች የሚታዩበት,0
በቀደምለት,1
ልቡ ተሸበረ,1
ሙልጭ አለ,1
ከደረሰ ተራዬ ያጤ ስርአቱን,0
ቀን ለቀን,1
በኢትዮጵያም ዘመናዊ ህክምና,0
ትምህርት ቀለበ,1
ምንህ,1
በፆም በአላት እለት የማይቆረጡ,0
አንድ ሪዛም አዛውንት,0
ምእራብ የሚሰደዱት,0
አባ ተክለሀይማኖት በተባሉ መነኩሴ,0
በንባብ ወጣት የሚገኙት,0
ትከሻ ሰጠ,1
ልቡ ሰባ,1
በይና ተበይ,1
በዱላ አቦነነው,1
አኳኋን,1
ባዶ አፍ,1
እንደዚያ የምባለው,0
መሬት አቀርቅረው,0
እንዲህ ያሉ ነገሮች,0
ምላሱን አሾለ,1
ስድስት ክፍሎች ያሉት,0
ከታሪክ ግጥምጥሞሽ ጋር በማያያዝ,0
ቃል ገባ,1
ባለመኖሩ ምክንያት,0
አብሮ መነሳት ያለበት ነገር,0
ዳንኪራ መታ,1
ዋጋ ቀረፈ,1
የተገኘው በ ኛው ክፍለዘመን,0
ልብ አትክን,1
አጥሩ አረገዘ,1
በሽታ ይዞታል,1
መኝታ ቤት,0
ይብላኝለት,1
ድብልቅ አረፍተነገር ሶስት ግስ,0
አየር መንገድ,0
ይሉኝታ ቢስ,0
ባዶ እጅ,0
ሽልማት ያገኛል,0
በጥበብ መምራት,0
ዋጋ ቀረፈ,1
አዉንታዊ ትርጉም,0
ያንን ጋዜጣ ደግሞ በባህር ዳር,0
ገበያ ቆመ,1
ቤቱን አሸነፈ,1
የልመና የሙሾ,0
እንዲህ ያለ እውቀት የለ,0
አንድ ላይ ይኖሩና,0
የስጋ ቁራጭ,1
እያንዳንዱ ምእራፍ,0
መረጃዎች ያሳያሉ,0
አንደበተ ስል,1
ንሽ,1
ሴት ልጅ,0
የራስ ማስታወሻ,0
አቡነ ሄኖክ,0
ስራዬ ብሎ,1
ስልጣኑ ተያዘ,1
ተገቢ ግብረመልስ ይስጧቸው,0
መስፋፋት የጀመረው,0
ዳገቱ ሲያቀና,1
ከእጁ የገባው ድርሳን,0
ጥቂት ገንዘብ,0
በነገር በከለው,1
መከራ ቀመሰ,1
ገፀባህርያት ሲሳሉ,0
የሆነ ተስፋ,0
ትንሳኤ በአል,0
ህግ ሰበረ,1
መከራ ተቀበለ,1
ቢንጣለል አስፋልቱ,0
አንድ ነጥብ አራት ሚሊየን,0
ይሰበር ደጋሚ,1
የፈጠራ ታሪክ መፃፋቸውን ማረጋገጥ,0
ቆይቶ ቆይቶ,1
ብቅሉ አናቱ ላይ ወጣ,1
ቅኔ ቆጠረ,1
አፍሮ እስያ,0
ህግ ገባ,1
በኮምፕዩተር መጠቀም,0
ተማሪዎችን በመጠየቅ ማረጋገጥ,0
ካኔ ተሳበችበት,0
የወር ደሞዝ,0
ሳይንስና ቴክኖሎጂ,0
ከሁሉም በላይ ብዝሀነትና አንድነት,0
ጥቅል ጎመን,0
ማስከፋት ማስቀየም,0
ህዝባዊ ሀብት ይቻላል,0
መቀነቷ ተፈቷል,1
ወኔው ቀዘቀዘ,1
ከቅፅላዊ ሀረግ,0
አይነ ሌባ,1
እንዳላቸው በማሳየት,0
ትክክል እርግጥ,0
ማድ ረጋጭ,1
ቁራጫም,1
ርካሽ,1
ሴት አስረካሽ,1
ራህመት ለወንድሟ ደብዳቤ ፃፈች,0
ብርድ ቆነደደው,1
መስጠት እየጀመረ ባለበት ጊዜ,0
እሺ በጎ,1
መሀል ሰፋሪ,1
አጋናኝ አረፍተነገር,0
እንቅልፍ ይስባህ,1
ቁራ ይጮህባታል,1
ከሁሉም በላይ በይበልጥ,0
ሴራ,1
ብታደራልኝ አማግሁልህ,1
ባይኔ በብረቱ,1
ሀተታዊ አረፍተነገር,0
ይህ ደግሞ ኒክ ወደተለያዩ ሀገሮች,0
አይስማማኝም,0
ከስልጣኑ ስር አንበረከከው,1
ረሀብ ሸነቆጠው,1
ብይ መጫወቻ,0
ቆዳ,1
ክፉ ቀን,1
መዝገቡ በውድቅት ቀስቅሶ,0
ርጋ,1
ረገጠ,1
በፅሁፉ ውስጥ,0
ቆራጭ ፈላጭ,1
ልበ ከንቱ,1
አልተቀራረቡም,1
ቃል አጋኖ,0
ምስጢር አየ,1
ጥቅም ላይ እንዲውሉ,0
ግድ የለሽ,0
አምላኬ ማረኝ,0
ምድር ዞረበት,1
የምትወደዉን አታገባም,0
የገና ዛፍ,0
ሀዘን ሸነቆጠው,1
በነገር በከለኝ,1
ቆሻሻ ውስጥ,0
ጉረኛ አይደለም,0
የሰው ምሰሶ,1
የሚሰደዱበት ምክንያት የተለያየ,0
በተለያዩ ወረዳዎች,0
የማይሆነው ነገር,1
አሰባሰበ,1
ቃለ መጠይቅ,0
የቤት ሰራተኛ,0
አንዳች ሁነትን,0
ቀሪዎቹን ጥያቄ ሁለትና ሶስት ለመስራት,0
ነገር ቀረቀረብኝ,1
ልቤን ማረከችው,1
ቢል ያለች,1
ያልተለመደ እንግዳ ነገር,0
ሆዱ ጎሸ,1
ውቃቢ የቀረበው,1
ግእዝ አማረኛ,0
ፖስታ ቤት,0
ጉዳዩን አታርቀው,1
ሹል ቂጥ,1
ከዚያም በተማሪዎች ፈቃደኝነትና,0
ከሰው ተስማማ,0
ተማሪዎች በራሳቸው ርእስ,0
ትከሻ ወረደው,1
ብርክ ያዘው,1
ልቡ በረረ,1
ተራ ነገር,1
ልጄ ከመመረቁ በፊት,0
በዱላ ቀለጠ,1
ቁርጥ,1
የቀረቡ,0
ወደሰገነቱ ወጣ ጊዜ አንድ,0
እንዲያግዛቸው ታስቦ,0
ቆሌቢስ,1
ቃል ገባ,1
ስምህን ቄስ ይጥራው,1
ውርደት ተሸከመ,1
ቁመናቢስ,1
ይቅናህ,1
በጥፊ ለጠፈበት,1
በሶስተኛው አለም አገሮች,0
ምኑ ቅጡ,1
ሲያድግ ግን ትርጉሙን በመረዳቱ,0
ቃጠሎ,1
ዉሀ ሙላት,1
እድሜው ቀጠለ,1
አብሮ ሳቀ,1
የሚቀርቡበትና የሚብራሩበት,0
እግዚአብሄር የጣለው አውጠንጣኝ,0
ምድር መታች,1
ምላሱን አሾለ,1
ስልክ መታ,1
ይህንንም ያደረገው ሁሉንም,0
በትከሻዬ,1
ሌሊት ሲቆፍሩ ያደሩት,0
ምስጋና ቢስ,1
ቃለ ከባድ,1
እንደ ዋለ ቀረ,1
ባዶ,1
በግንባር ቀደምትነት ይጠቀሳሉ,0
ይህንን በደንብ ጥናት,0
ብትንትኑ ወጣ,1
ዋጋ ሰቀለ,1
የተለያዩ አይነት መንግስት,0
መጭ አለ,1
ቀንደኛ,1
ከንፈሩን ሚን ሚን አደረገ,1
በዱላ አላሻቀው,1
አሞላ,1
ሾላካ,1
ሊኖሩት ይችላል,0
በአረፍተነገር አይነቶች,0
ባርያ ሰደድ,1
ይሁን እንጂ,0
ተርታ ሰው,1
ካገር በነነ,1
ልበ ቀን,1
እንዲያደርጉ ያድርጉ,0
የሚያሸንፍ ቢሆን,0
ተወያይተው እንዲናገሩ ያድርጓቸው,0
በትር ቀመሰ,1
አቀንቃኝ ሆኖ አይወለድም,0
ትምህርት ቤቶች,0
ይህም የተለየ ጥበብንና ተሰጥኦን,0
አስረጂ አንቀፅ,0
ይበጀኝ,1
አይቀጡ ቅጣት ቀጣ,1
የየራሳቸው ድርሻ ያላቸው,0
እየተዋወቁበት ያለ,0
ስራዉ ወረታ,0
የቋጠረው የማይፈታ,1
ውስጠ ክፉ,0
የታሪክ መፃህፍት,0
ሁኔታው አይፈቅድም,1
ነገር ቆሰቆሰ,1
ደህና ሁኚ,0
በቅሎ ነች,1
ጣእም ለወጠ,0
ልክፍታ,1
ብቻውን,0
ደጀኑን ሰበረ,1
የህዝብ አለም,0
ፋሲል ከተማ,0
ሰአቱ ሞላ,1
ባትህን አሳዬኝ,1
ስለሆነም የሚደርሰው ጉዳት,0
አብራጃ,1
ይዘው አዲስ አበባ ገብተዋል,0
ጉዳይ በቀላሉ የሚታይ,0
ለበሽታዬ ያህል,1
ሹመት አይደነግጥ,1
የሆነ ተስፋ,0
ስራ ስራውን,1
የጣት ቀለበት,0
ቦርቦር አለ,1
የህልም ሩጫ,1
ሀገሬ ኢትዮጵያ,0
በቁሙ,1
ያስችልህ,1
የሰለጠነ የሰው ጉልበት,0
በመምህር መምሪያ ይገኛሉ,0
ልዩነት እንጂ ተቃርኖ የላቸውም,0
በቃል ለሚመለሱ ጥያቄዎች የተሰጡ,0
ፆታዊ ጥቃት,0
ምንጭሩ ድብን አለ,1
ፍፁም ወይም አንድ ወጥ ሆነው,0
ቢጤ ከቢጤው,1
ጥቂት ዝምታ,0
ላባ ቀረሽ,1
ተባራሪ ጥይት,1
መላ ጣይ,1
መነሻ መልሶች,0
እስልምና እምነት,0
ሰው,1
ሱሪ ባንገት ማውለቅ,1
ስር ነቃይ,1
ደመ መምህር,1
ብስል ከጥሬ,1
የባህል ህክምና,0
የቢስ የቸር,1
በተማሪ መማሪያ,0
ፈሊጣዊ ንግግሮች,0
እውነቱን ትቶ ሀሰት ተናገረ,0
የሶቅራጥስ ሞት,0
መለየት ይችላሉ,0
በረዶ ውሀ,0
ቃሉን ሰጠኝ,1
ቀን አይቶ,1
ይሄው ሁለት አመት ሞላው,0
ጓደኛ አለችህ,0
አንድን ቃል በተለያዩ አገባብ ፍቺ መስጠትነው,0
ከተማ በላው,1
አርራገጠ,1
ጠጉር ሰራ,1
እንደአውዱ ተለያይቶ ሊቀርብ ይችላል,0
የጣውንት ግጥሞች ወዘተ,0
ቤተኛ,1
ምድር ተፋችው,1
ልብስ የምታጥብልኝ,0
ነፃ ህይወት,0
እንኳንስ አገር,0
ጥሩ ውጤት ያስገኘውን,0
የነገር ሰረገላ,1
ሁለ በል,0
የቀረው ቢቀር,1
ቆንዳ ቆንዴ አለ,1
በሚገርም ሁኔታ,0
ሰማይ ሰማይ ማየት,0
በተማሪዎች መፅሀፍ ላይ,0
የላይኛው ክፍል,0
በባለፀጋ ልጅ,0
ሰራተኞችን ለስራ ለማነሳሳት,0
ምድር ቀለጠ,1
ጥርቅም ከየአይነቱ የተሰበሰበ,0
ፀጉር ሸሸ,1
ሁሉንም የግእዝ ፈደላት,0
የሴት አለሌ,1
ላብ ላብ አለው,1
አመለጠ,0
ጉሮሮው ላይ ተናነቀው,1
በመስጠት እንዲረዱ ያድርጉ,0
ደግሞ በአስራ አራተኛው ክፍለ ዘመን,0
በቀጥታ መንገድ,0
ቃሪያ ጥፊ,1
ምድብ,0
ስብስብ እምቤት,1
ሰው,1
ምንባቡን ለማንበብ በቂ ጊዜ ይስጧቸው,0
የሞት ሞት,1
አጋዥ የሰዋስው መፃህፍት,0
ሆዱ ቆረጠ,1
ተነስቶ ሄደ,0
ልክፍታም,1
ፍቅር መቃብር,0
ረጅም,0
ብትን ድልህ,1
ችግር ፈጣሪ,0
የድሀረማዳመጥ ጥያቄዎችን,0
አቸፈር ማቻከል,0
ሀብት ለመፍጠር አስችሏል,0
ብልት አዋቂ,1
አዳምጠው ለመረዳት,0
ልበ ጡል,1
በፈጠረላቸው ታሪክ ውስጥ,0
ሰሎሞናዊውን ስርወመንግስት,0
ችግር አለው,1
ቅፍፍ ያለ,1
አልተስማማንም,0
ብዝሀነትና አንድነት,0
ግብር ለስልጣኔ የሚከፈል ዋጋ,0
ሰአቱን ሞላ,1
አያላውስም,1
በአይን ሲያይዩት ቅርብ የሚመስል,0
የተቀቀለ ድንች,0
እየቅል እየቅሉ,1
በሽታዬን አውቀህልኛል,1
ሙት ደረቅ አይበላም,1
በነጠላ ታሪክ,0
ዝናቡ አቆመ,1
ዝናብ መታው,1
እውነተኛ እድል,0
በደንብ ጥናት ይደረግባቸዋል,0
መሬት ሰነጋ,1
ጉዳዩ መክኖ ቀረ,1
ትከሻውን አሳዩ,1
ደስ ብሎት,0
ይሁንና በሀገራችን,0
ቀደም ሲል,1
ከልቡ አገለገለ,1
በማታው መርሀ,0
ማላ አፈረሰ,1
የስኬት ደረጃ,0
በፊት ግን በተማሪ መፅሀፍ የሚገኙትን,0
ልቡ ቀና,1
ቢነስርም ቢከስርም,1
ጠምንጃው ተራገጠ,1
የቤት ስራ,1
ወደኋላ ገፋው,0
እንጨት ሰባሪ,1
ውይይቱን በተሻለ ሁኔታ,0
ሰመር ገጠመ,1
ሆነልኝ,1
የተማሪዎችን ማጠቃለያ ይገምግሙ,0
በመፅሀፉ ዉስጥ,0
ልቡን ሰቀለው,1
ያደርጋል የሱ ስራ መያዝ,0
ባለንበት ዘመንም በህግ ሳይፈቀድ,0
በማዳመጥ ጊዜ,0
የንጨት ሽበት,1
በተለያዩ መገናኛ ብዙሀን የሚተላለፉ,0
ሰርቶ አፍራሽ,1
ልቡን ቆረቆረው,1
በነበሩ የፅዳት ሰራተኛ,0
ልንጠብቃቸውና ልንከባከባቸው ይገባል,0
ባለዉ ግንኙነት,0
ቤተ ሰሪ ኋላ ይመጣል,1
ቀላል ሰው,1
አፉን አቆመ,1
ቂጡ ቄጤማ ቆረጠ,1
አለ እያፌዘ,0
ይህም ሆኖ ወጣቶቹ,0
ማላ አፈረሰ,1
ተጠናከረ,0
እንቅልፍ ነቃ,0
እንዲዘጋጅላቸው አደረጉ,0
አትበሳጭ ማን,0
ቃሉን አጠፈ,1
በኢትዮጵያ ዘመናዊ ፍርድ ቤቶች ሳይቋቋሙ,0
ወይን ረገጠ,1
ዜጎችም ግብር በመክፈል,0
የአማርኛ ቋንቋ በትምህርት ደረጃ እንዲሰጥ,0
ጥምጥሙን ቆለለ,1
ልሳነ እሳት,1
ተክሊል ሞላ,1
በጥርስ ሸኘው,1
ወደፊትም በርካታ እቅዶችን ነድፈዋል,0
እጆቻቸው ሰው ሰራሽ ሲሆኑ,0
ልምድ የሌለው,0
ልቡን ሰረቀው,1
ባስከተለው የምግብ እጥረት,0
ወይም ዥንጉርጉርነት,0
አለዘበ,1
በሳቅ ተተረተረ,1
ልቡን ነካው,1
አቡነ ሄኖክ,0
በነበረው ቦሌ ሚካኤል,0
ቅኔ ተመራ,1
በእሴቶችና እምነቶች,0
ስር ነቀል,1
ምስጥር ቀበረ,1
ነገረ ሰሪ,1
በዱላ አለፋው,1
አንብበው እንደጨረሱ,0
ይህንን የሰለጠነ,0
ሰመር ገጠመ,1
አገኘ,0
ከጥቅሱ ጋር በአይን ይነጋገራሉ,0
ቀን ቢጥላት,0
መነዛት መሰራጨት,0
ከዚህ ለየት ያለ ባህሪ አለው,0
አውቆ,0
ልብ አቁስል,1
በገና መታ,1
ፊት በላሁ,1
የሰው አይን ሆነበት,1
የራስ ምርጫ ሳይሆን,0
ያምር,1
በራብ አለንጋ ተገረፈ,1
አብርሀም ሊንከንም ይህንን,0
በነገር ተሸረከተ,1
ላይ በላይ,0
ተውሳከ ግሳዊ ሀረግ,0
አባረረ,0
በአካባቢው መኖሩ በመታወቁ,0
የለበጣ አነጋገር,1
በባህላዊ ህክምና,0
እንደሆነ ወዘተ,0
የስነፅሁፍ ዘርፍ,0
መስራታቸውን በምልከታ ማረጋገጥ,0
ቤቱ ፈረሰ,1
ስማዊ ሀረግ,0
በብዛት ተኮሰበት,0
ሊቀበሉት አልቻሉም,0
በተወሰነ የቅመማ ሂደት አዘጋጅቶ,0
የረጋ,1
አብዛኛውን ጊዜ,0
አደራ በላ,1
በሽፍቶች ተደብድቦ,0
ምንጭር ቆራጭ,1
ኦፓልን አምርቶ በመሸጥ ላይ ሆኗል,0
ስጋ ለስጋ,1
ያልተለመደ እንግዳ ነገር,0
ያልተወኝ እግዚአብሄር,0
ብሽ አለው,1
የኋላ ኋላ,1
ጠላ ቤት,0
ሀገር ቋንቋ,0
ፍርድ ቀጠነ,1
አሉታዊ ትርጉም,0
ስራ ያዘ,1
ለቅሶ ለመዋጥ,0
በፅሁፉ ውስጥ ያሉ,0
ያስቀሩባቸዉን ጥቅም,0
የኔ ውብ ከተማ,0
በቁሙ ሞተ,1
ሰውኛ ዘይቤ,0
ቃለ ከባድ,1
በሀገሪቱ ውስጥ,0
ታሪክ ሰሪ,0
የእንዝርት ቂጥ,1
ስሙን በከለው,1
በሆነ ባልሆነ,1
ትክለኛ,1
ቅሌን ጨርቄን አለ,1
ፈተና መቀመጥ,0
ቅጥብ,1
የሩቅ አላፊ,0
በብዙሀኑ ዘንድ የሚታወቅ,0
ተፅናና,0
ቃሪያ ጥፊ,1
የቤት እቃ,0
ተማሪዎች ጥያቄዎቹን,0
በአየር ላይ ተንሳራፋ,0
ማገልገል መጥቀም,0
ይሉኝታ የሰውነት ትርፍ ክብደትን,0
እናትና አባቴ,0
ላይ ደርሼ የእርሱን,0
ቃላት በጥራት,0
አሁን ግን ቆፍረው በሚያገኙት,0
ደፍሬ,0
መንገዱ ቀና,1
አያሳብም,0
ብርድ ብርድ አለው,1
አፈገፈገ,0
ስርቅ ስርቅ አለው,1
ማስወረድ መግደል,0
ይህም ሰው ሰራሽ እጅ,0
ቤት መለስ,1
ትህትና የተሞላበት,0
በማንፀባረቅ የቀለማት ጨዋታን,0
ቀጠፈ,1
የግብር የቀረጥ አሰባሰብ ስርአት,0
ስጋ በል,1
ከምታበላሽ ተርፋለች,0
በሚፈለገው ደረጃ ላይ እየደረሰ አይደለም,0
መቼና መክፈል እንዳለበት,0
አመድ ፊት,0
ቆሰቆሰ,1
ባዶ,1
ሌሎችም እንዲጠቀሙበት,0
ስንደዶ ቀጨ,1
አብሮ ሳቀ,1
ፆታዊ ጥቃት,0
ከነመረቁ አቃመው,1
ሰነፍ እርቅ,1
የሱስንዮስን ልጅ,0
መነሻ መልሶች,0
አራገፈ,1
እንዲጓዝና ብዙ ንግግሮችን,0
አመለ ቁርንጭ,1
መልከ መልካም,1
ሰልፍን አሳምር,1
የሴት አለሌ,1
ልበ ደፋር,1
የአገሪቱ ቁንጮ በሆነ ማግስት,0
ወህኒ ቤቷን እንደተወዳጃት ገመተ,0
አትልከፈኝ,1
ደማቸዉን ለማብረድ,0
ጠጉር ስንጠቃ,1
ትከሻማ,1
ህንፃው ቢረዝም,0
ፅሁፉም ምክንያታዊ,0
ብትን ወረቀት,1
የርግቦችን ባህሪ,0
ምኑ ቅጡ,1
በሽታ ይዞታል,1
ልብ አትክን,1
ቆዳውን አስወደደ,1
ያለ ቋንቋ,1
እንዲበረቱ,0
ከመስፋፋቱ አስቀድሞ ለዘመናት,0
ቅዱስ ባለጌ,1
በረከተ ስጋ,1
ዳማከሴ,0
ከፍተኛ ስልጣኔ,0
የሚሉት,0
መስተንግዶው ከባድ,0
በመላ ተናገረ,1
ሊኖረው የሚችለውን አገባባዊ ፍቺ,0
ሀብተ ሰባራ,1
የእሳት ነበልባል,0
ባለጌ,0
ምድር አስጋጠ,1
ይገልፃል,0
አይሆነኝም,1
ለፅሁፋቸው መልስ ይስጧቸው,0
የሰይጣን ፈረስ,1
ሶስት መቶ አምሳ,0
ዘመዱን ሸኘ,1
አባ ሙላት,1
ባደሩ ማግስት,0
ባህሪ ገላጭ,0
ባዝራዋ ተመታች,1
የሰው ሀገር,1
በነገር በከለው,1
ትኩስ ትኩሱን,1
ከሜክሲኮ እንደዚሁ ኮብልለው,0
ተከሻህን አትሽ,1
ያልሰማ ጆሮ,1
ተብላላ,1
በመዘወር ወፍጮ የሚፈጩ ሰዎች ላይ,0
አይመስሉ መስሎ,1
የጦር ምሰሶ,1
የኔ ቀበሌ ሊቀር,0
የሚያገለግለው,0
ጥይቱን አርከፈከፈበት,1
የሚገልፅ ትምህርት ቀርቧል,0
ትምህርቱን ቀጠለ,1
መስተዋድዳዊ ሀረግ,0
ቀልጣፋ ንቁ,0
ውሸቱን ቀረደደው,1
ለመከላከልና ለማስወገድ,0
ትጥቅ,1
ምድር መታች,1
አረፍተነገሮችን ከመዋቅራቸው አንፃር,0
ከብቱን ለቀቀ,1
በነገር በከለው,1
በቻምበር ኦፍ ኮሜርስ ሀላፊነት,0
አበበ ሄደ,0
የመጣበትን ለቅሶ,0
እገዛ የሚፈልጉ ተማሪዎች,0
ንፍቀ ክበብ,0
ባዶ እጅ,1
እንዳልሆነ,1
የአንድነትና ብዝሀነትን,0
ቢል ያለች,1
አሰልጥ ሌባ,1
ለመስራት ያዳግታል,0
መርዞ ያዘ,1
ሊጠበቅ አይችልም,0
አሁን እሱም ተማርሁ ሊል,0
በቃል ነገረው,1
ራስ ላይ ወጣ,1
የነገር ቁራጭ,1
ሰው,1
ያየችውን ሁሉ የምትከጅል,0
በረኛ,1
የሰው ሚስት አማገጠ,1
በመሆኑም በተለያየ የአፃፃፍ ስልት,0
በሽታው ለቀቀው,1
ብሩ አጠር ያለ,1
ልበ ቀላል,1
ምስጢር አየ,1
ግርፋት መግረፊያ ለበቅ ልምጭ,0
ለተማሪዎች ያሰሟቸው,0
ሰማዩ ተደፋበት,1
ይህን የዘጠነኛ ክፍል አማርኛ,0
ነፍስ,1
ትምህርት ቀላወጠ,1
ማቀበል ያውቅበታል,0
የተተፋ,1
በዱላ አበራየው,1
መልካም ወጣት,0
መጥኔውን ይስጥሽ,1
ቤት ያፈራው,1
በህክምና ስህተት,0
ማብቂያው,1
ቀን ጣለው,1
በአጋጣሚ ሁለቱም,0
የሴት መዶሎቻ,1
ልዩ መድረክ,0
ሻ አለው,1
ሙሬ አፍ,1
እራስን መግዛት,0
ሱሪ ባንገት ማውለቅ,1
ምሳሌ ሆነው መቅረብ የሚችሉ,0
ስበትን ረገጠ,1
የሚያሸንፍ ቢሆን,0
ቀና አመለካከት እይታ,0
ቂም ቋጠረ,1
የበታች በታች,1
አይኑ በረረ,1
ክፍል,0
ያድርጉ በመቀጠልም ስለግስ,0
የሀዘን የሰርግ የሀይማኖት,0
ስር ጠምዛዣ,1
የሰማይ ቁጣ,1
ቆላ ቁስል,1
በቃልሉ ፀና,1
በክረምት ወጣት,0
አስቸጋሪ ሁኔታ,0
ስመ ጥር,1
ምግብ ቤት,0
የዶሮ መረቅ,0
ነገር በላ,1
መስመር በመስመር,0
ሹም ሽር,1
መስቀለኛ ጥያቄ,1
ያኔ እናቱን የረሳ እያሉ,0
ቅበ ቢስ,1
በጊዜ ወደቤት እንሂድ,0
በረክ በረክ አለ,1
የተተፋው ሳይደርቅ,1
ህክምና መስጫ,0
ቁም እግዚአብሄር,1
ከእለታት መሀል,0
ባይሸት ይሻላል,1
ራስ የለውም,1
ከቃል ክፍሎች በአንዱ ወይም በሌላው,0
ብልሀት የለውም,1
ሰንጣቃ እንጨት,1
አንዳንድ ጊዜ የንጉስ ቋንቋ,0
ብርድ ቆነደደው,1
ፊደል ለየ,1
ረገጠ,1
ትግራዋይ,0
ተራ ሰው,1
ሸርካታ,1
ሀተታዊ አረፍተነገር,0
የድሀረንባብ ጥያቄዎችን ያሰሯቸው,0
ሊቀ መንበር,0
የአበሻሌ ሊቶች,0
ተቆለለበት,1
ስልጠና መስጠት,0
ውርርድ ተከለ,1
ገንዘብ ቀረጠኝ,1
ለችግር,1
ሞት ይርሳኝ,1
አትቁጠርብኝ,1
ልቡ ረጋ,1
ራስ ሳይጠና ጉተና,1
እነዚህን አመተ ምህረትን ያጥለቀለቁ,0
አንተም ታሸንፋለህ,0
ማስታወቂያ ሚኒስቴር,0
ተስፋ ቆረጠ,1
በዘልማድ,1
አለጠለጠ,1
የሚዋቀረውም ከተራ ስማዊ ሀረግ,0
ጉዳዩን ሞላ,1
የቤት ስራ,1
ሚስጢር አጋለጠ,0
ተካይ ነቃይ,1
የሚያሳየው ውድ ኦፓል,0
እንደወግ የወሰድናቸው ነገሮች,0
በር በሩን አዬ,1
ቀባ ቆራጭ,1
በራሳቸው አቅምና በተረዱት ልክ,0
የነገሩንና ያጋጠመንን እናጋራችሁ,0
ምንጭር ቆራጭ,1
ጅማ አባጅፋር,0
ልቡና ይስጥህ,1
ልብቡ አልሰከነም,1
ቀነደበ,1
የሰጠ,1
የትምህርት አይነት,0
ርሀብ ሞረደው,1
የገቢ ግብርን ዘመናዊ መልክ የያዘ,0
ሰው መብላት,1
በቁርጥ አደር,1
ቅፍፍ ያለ,1
ባጭር ቀጨ,1
የምንጋራው,0
መለየትና የያዙትን የግስ መጠን መግለፅ,0
የክፍለ ትምህርቱ ዝርዝር ይዘቶች,0
አደጋ ሊያጋጥምም ይችላል,0
ብረቱ ሸንቶበታል,1
የመጀመሪያውን ማስታወቂያ,0
ሲጥ አደረገው,1
የአንድ መናኛ መስሪያ ቤት,0
ሁለት እጁ እነሴ,0
መፅሀፍ መምህራንን የሚያግዝ እንጂ,0
ልቡ ቆረጠ,1
እንደሚኖሩ ይታወቃል,0
ለማስተማር,0
እንትፍትፍ,1
መስገርት,1
ሊያብቡ ወይም ሊቀጭጩ የሚችሉት,0
በሳምንት ዉስጥ,0
ዋስ ሁነኝ,0
መልከ መልካም,1
ወህኒ ቤት መግባት,0
ላይ ተዘጋጅተው እንዲመጡና በየተራ,0
ቆጠረበት,1
ላይ አይኑን ማንከራተት ጀመረ,0
ዜማው ሰበረ,1
ባዶ ባዶ,1
ተላላሰ,1
ስራ አስኪያጅ,0
ትጥቅ,1
እንደ ተፈጥሮዬ,0
እግዚአብሄር ቅጥል አለ,1
የሀገር ፍቅር,0
አስመታ,1
ትምህርቱን ቀጠቀጠ,1
ሱሪ አለበስኩም,1
ለስብሰባ መጥተው,0
ክረምቱ እስኪወጣ,0
ጠባብ ትርጓሜ አንፃር,0
ሳር ቅጠሉ ሁሉ,1
ብቅል አይጠንሰስ,1
አባትህ ጫማ ጠጋኝ እንደነበረ,0
ለዋሳ,1
በሶስቱም ተግባራት ላይ,0
ሀፍረት ለበሰ,1
የነገር ማቋራጫ,1
ቁስሉን ነካው,1
ቋሚ ነገር,1
አዎንታ ከመሆኑ ባሻገር,0
ተማሪዎች በአረፍተነገሮቹ ውስጥ,0
ብረት ሰሪ,1
የሰው አገር,1
ለህዝብ ጥቅም የሚሆኑ ስራዎች ማከናወኛ,0
ሊቀ መንበር,0
እምየ ምኒልክ,0
ትምህርት ቀለበ,1
ኒክ የእምነትና የተስፋ,0
አማ,0
መነሾ,1
የገባቸው ይመስላሉ,0
ሆዱ ሻከረ,1
ተክሊል ሞላ,1
ቅርብ ዘመድ,1
የተለያየ አመለካከትና እይታ ስላላቸው,0
መጭ አለ,1
ትምህርት ቀላወጠ,1
ብሎ ጠየቀኝ,0
በእርሱ ህይወት ዙሪያ,0
ሰማይ ስሚ,0
በቃኝ በቃኝ,1
መድረኮች አነቃቂ,0
አንድ ትርጉም ይዘው ቁመዋል,0
ባልተደረገ,0
መጨመር ማከል,0
ቆዳ,1
መስመሮች በአንጓ ተከፍለው,0
እርግጥ,1
ጥሩና መጥፎ,0
ልብ አብርድ,1
ጊዜው መሽቷል,0
ማህበረ ቅዱሳን,0
አልብሽኝ አንተርሽኝ,1
ልቤን ማረከችው,1
ሙሉ ዉድቀት,0
አየር መዛባት,0
መድሀኒቱ ረከሰ,1
ልቡ ሰባ,1
ለውይይት መጋበዝ,0
በኋላ ኒክና ካኔ ተጋብተው,0
ዘር መምህር,1
ደካማ ጎን,0
በነገር ተነካ,0
ፊታቸው እንደፀሀይ ያበራል,0
ደመናው ተሾመ,1
ለማስተማር ከቀረቡት ምንባቦች,0
ባልተቤት,1
በሶስተኛው አመት,0
ከአረብኛ ቀጥሎ ትልቁ ሴማዊ ቋንቋ,0
የቅድመንባብ ጥያቄዎችን ያሰሩ,0
ለስላሳና ምቹ የሆነ ማእድን,0
ልጓም አጥባቂ,1
ልብ አፈረሰ,1
ቴያትር ቤቱ ግን ገና አልተከፈተም,0
ቦይ ቀደደ,1
በብናኝ ገደሉት,1
ስነ ልቦና,0
ብድግ ያህል,1
በጥያቄው ስር የቀረቡ አረፍተነገሮች,0
እንባው ረገፈ,1
ገንዘቡን በተነ,1
ራስ ምታት,1
በሶ አበሰበሰ,1
እየቅል እየቅሉ,1
በል እንጂ,1
በሱ ቆርበሀል እንዴ,1
አሽከራቸዉ በሞተበት,0
ትጠበቅ ነበረ,0
በእዚያ ያገኟቸውን,0
ውጤት,0
ቅጡም እንዲያ,1
አፀፋ መልስ መስጠት,0
በዋጋ ተራራቁ,1
መጥፎ ጠረን,0
ህዝቡን በማንቀሳቀስ ልዩ ዘመቻዎች,0
ሀይማኖቱን ለወጠ,1
በሶማሊያ ባለው ሰላም እጦትና ድርቅ,0
የፅህፈት ክሂልን የሚመለከቱ,0
ፈተና መቀመጥ,0
አታክብደው,0
በአካል መምጣት የማይችሉ,0
ሳረ በል,1
ለነገር ተዘጋጀ,0
አንደበቱ የተለቀመ,1
አርከፈከፈብን,1
ይዞ የተፈጠረዉ,0
ሁለ በል,0
ቡዳ በላው,1
የተተፋ,1
ጥሬ ቃል,1
ነፃ ህይወት,0
ቆይ,1
እንዲገለገሉበት እየመምህርን,0
የጉድፍ ልቅ,1
ቁቲት በጣሽ,1
ከቀፎው እንደወጣ ንብ,1
ግፍ ሰራ,1
ክፍለ ጊዜ,0
ራሱን ቻለ,1
እጅ መንሻ,1
ራስ ራሱን,1
ብርክርክ አለ,1
እሾህ አይውጋህ,1
መጠቀም መገልገል እድል,0
መኝታ ቤት,0
ስር የለሽ,1
በክፍል አምስት,0
በሽታዬን አውቀህልኛል,1
ወዘተ ሊሆን ይችላል,0
እንደየሁኔታው,1
በጎ በጎ,1
ለትርፍ ያልተቋቋመ ድርጅት ፈጥሯል,0
እዚህም እዚያም ይሰማል,0
ልክፍታም,1
መሬት እስኪነካ,0
ክፍለ ሀገር,0
ብር ነቀል,1
ሰውነቴ በረዶ,1
አገሪቷ ለውጥ ያሻታል,1
መቆያ,1
መጠጣትና መተሻሸት ይመርጣሉ,0
የመጀመሪያው ልቦለድ ጦቢያ,0
ልጨኛ,1
ለተከፈለበት የግብር ክፍያ,0
የደስታ ቤት,0
የስራ ቋንቋ ይሆናል,0
እ ኤ አ በ አመተ ምህረት,0
ቢፈጥር ቢፈጥር የማያልቅበት,0
ቁም ነገራም,1
ርጥብ ቁርበት,1
እጀ ሴሰኛ,1
እስልምና እምነት,0
ሽጓጣ,1
አገልግሎት ላይ የሚውል,0
ምድር ዞረበት,1
ቃለ ምልልስ,0
የሚከተሉትን አገሮች እንመልከት,0
ጎመን ዘር,0
መኪናውን ቆሰቆሰ,1
ምግበ ስጋ,1
ሰመር ገባ,1
ሌላውን,1
በማተሚያ መሳሪያ ሊከተብ ችሏል,0
ለታማሚው ፈውስ ለመስጠት,0
ከምእራብ አፍሪካው ሀውሳና,0
ርግጡን ንገረው,1
እጁን አቆመ,1
ልኮልኛል ኮ,0
ልበ ሞቃት,1
ሌባ ዝናብ,1
ህዝባዊ ሀብት,0
ካልነኩን በቀር,0
ተራ በተራ,1
ደካማ ጎን,0
የገበያ ትስስር የታወቀ የመገበያያ,0
መከተ,1
ከአመታት በፊት,0
ቆንዳ ቆንዴ አለ,1
መላቢስ,1
የፐብሊክ ዲፕሎማሲ,0
ምድር ደህና ዋይ አለ,1
ለብቻ,1
ላይ ትልቅ ተፅእኖ ስለሚኖረው,0
ልበ ቀን,1
መሻት ይገባዋል,0
ዳገቱ ሲያቀና,1
ከቁንጫ ሌጦ ማውጣት,1
ካርኔ ቆራጭ,1
እቅጩን ተናገረ,1
በተማሪ መፅሀፍ,0
በርካታ ቁም ነገሮች ስለያዙ,0
ግምገማ,0
ሌባ ሚዛን,1
የንጨት ሽበት,1
ተረኛ ይገባል,0
የሀገር ገፅታንም ያበላሻል,0
ክፉና በጎ,1
ቤተ ፈት,1
የሚስተናገድበት ሚዛናዊ ቀመር,0
በትውልድ አርመናዊያን,0
ቀለም አገባ,1
በሙያቸው ስራ የማግኘት,0
በረት ምጣድ,0
ይህ ደግሞ እውቀትንና ተሞክሮን ይጠይቃል,0
የመጀመሪያው ልቦለድ ጦቢያ,0
ጣእም ለወጠ,0
ዝናብ ቀጠቀጠው,1
የሴት ምራቋ ደንዳና,1
ተብታባ,1
ሙክቱ ቀለጠ,1
ስንዝር ሲሰጡት,1
ጓያ ሰበረው,1
የቂል በትር,1
ሸለተ,1
ወንደ ላጤ,0
ልብ ወለድ,0
የከበረ ድንጋይ,0
ስራ ተቋርጠ,1
የፈለገው ቢደረግ,0
በለውጡ ተመጣጣኝ የሆነ እቃ,0
የተፈጥሮ ሀብት,0
ቋንቋው በተለያየ መንገድ,0
ካለሰው ቢወጣት,0
አብይና ንኡስ ታሪክ የሚቀርብበት,0
ቅንብቻ ሆድ,1
በጥርስ ሸኘው,1
ልብ ነሳው,1
በዘመናዊ መሳሪያ ቢደገፉ,0
መድሀኒቱ ረከሰ,1
መስከረም ሲተኮስ,1
ስምንት መቶ ሀምሳ ሺህ,0
ሰዶ ማሳደድ,1
ጣና ሞገድ,0
ግብር የማይከፈልባቸው ገቢዎች,0
ሙርጥ አወጣ,1
የስነፅሁፍ ዘርፍ,0
ቅጥየለሽ,1
የተማሪዎችን ስራ ትክክለኛነትና ተገቢነት,0
የልብ ልብ በቃው,1
መሆኑን ሲገልፁ,0
ከቀፎው እንደወጣ ንብ,1
በእርግጥ በትክክል በእውነት,0
የሰውነት መብት የተሰጠው አካል,0
በሙሉ የተጫሙት ጫማ,0
ለስራዉ ማነቃቂያ,0
እምነት,0
ስለቱ በረደ,1
ሳር እግዚአብሄር,1
የበቃ,1
አንብቦ መረዳትን ለማስተማር,0
መሳል የለባቸውም,0
ቀነ ቀጠሮ,1
እንጂ አብዛኛው በጭድ የተሞላ,0
የሰው ባዶ,1
ቀልበ ቢስ,1
ተቀናሽ ምሳሌ,0
እሾህ አፍ,1
መሬት ነካ,0
ቀጥያሉና ሚዛናዊ የሆኑ,0
ብድር ከፋይ,1
ማስወረድ መግደል,0
በአመለካከቱና አኗኗሩ,0
አላስተረፈኝም,1
ህገ ወጥ,1
በመረዳት በጋራ,0
ቋቅ አለው,1
ጉዞ ሄደ,0
አስመለከተህና,1
ቀን አይቶ,1
መቼ እንዲህ አልኩ,1
ለዚህም ከፍተኛ አስተዋፅኦ ያደረገው,0
ኑሮ ቀያሪ,0
ዘመናዊና ቀልጣፋ የግብር ስርአት,0
ሁለት ሜትር ርዝመት ያለው,0
በገንዘብ ሲተመን,0
እስካሁን ካዳመጣችሁት ምንባብ,0
አርሶ አደሩን አለመለያየት,0
ጋር የምናደርገው,0
ጉልበቱ ተሸነፈ,1
ልቡና ይስጥህ,1
የሳበው,0
የእለት ተእለት ተግባራት ሆነው,0
ቤት ሰረሰረ,1
በስርአትና በቅደም ተከተል,0
ልብ አሳጣ,1
ስም ለበስ,1
ናትናኤል ደብተር ገዛ,0
ለሚያገለግል ህዋስ,0
የተቋጥሮ ዝምድና,1
እናት ፓርቲ,0
የእንጨት ምንቸት,1
ሞት ቀነጠሰው,1
እንዲያቀርብ መነሳሳትን ፈጥሮለታል,0
በወካዪና ቋንቋ,0
አለጠለጠ,1
የመጣው ቢመጣ,1
ብር ቂንጥ,1
ዋናውን ሀሳብ በፅሁፍ,0
ባለቤት,1
ቁርበት ጣሉለት,1
ከአገልግሎታቸው አንፃር ሀተታዊ,0
በተገነቡ ሀሳቦች ወይም መርሆዎች,0
አይቡ መጠጠ,1
ቋንቋ ለቋንቋ,1
ምሳ አደረገ,1
የቀንድ ከብት,0
የአንድ ሸክም አልባ,0
ደብረ ዘይት,0
መላ ቅጡ,1
ብዙ ገፀባህሪያት,0
ብትሰማ ይሻላል,1
ህሊና ቢስ,1
ጥናት ማድረግ,0
በቀንዱ አፈር ያዘ,1
አቀላወጠ,1
አበራች እንደፀሀይ,0
ብቅል ረገጠ,1
አኩርፈህ ነዉ,0
ጠንካራ,0
አራራቂ,1
ማስረዳትና ማሳወቅ አላማዎች,0
ፊት,0
አጫራሽ,0
የእረኛ ቃል,1
በግሳዊ ሀረጋቸው ክፍል,0
ቃል ለምድር ለሰማይ አለ,1
የማያይ መስሎ አዬ,0
የሩቅ ዘመድ,1
በቃል ነገረው,1
የተለያዩ ብሄር ብሄረሰቦች,0
እህል ውሀው ተበጠሰ,1
ይሉኝታ ስግብግብነትን,0
ባላገር,1
ይመስል,0
የቤት እቃ,0
አፄ ምኒልክ እንደ አፄ ቴዎድሮስ,0
እድሉን መሞከር,0
መዛግብተ ቃላት,0
ስራ ተቋርጠ,1
ቁርጥ ነገር,1
ለመናት,1
አደጋ ከፍተኛ,0
ባለ ወግ,1
በር በሩን አዬ,1
ባዶውን ቀረ,1
መከራ ስጋ,1
ግራ ክንፍ,0
የባዮቴክኖሎጂ ምህንድስና,0
በአፄ ምኒልክ ዘመነ መንግስት,0
በብናኝ ገደሉት,1
በረከት የለሽ,1
ላጤ መላጤ,1
ተቋቋመው,1
አስተዋይ ሁን,0
የእገሌ ስም በራዲዮ ተጠርቶ,0
አንገቱን ቀለሰ,1
ልብ አጠፋ,1
በማይታይ ፍቅር,0
ተቃለለ,1
ባለዉ ግንኙነት,0
ቂጣ ቆረጥ,1
የልብ ልብ በቃው,1
ቀንቶታል ጎበዝ ሁኗል,0
ይቅር አለ,1
ቆሽቱ አረረ,1
ሰው አደረገው,1
አደራ በላ,1
ቦታ ማብቃቃት,1
ስርራ ፈታ,1
ልበ ልል,1
መዝገቡ ድብልቅልቅ,0
ቅኔ አትናገር,1
ብረቱ ሸንቶበታል,1
በስራ ላይ,1
በዚ ፈንታ,0
ቁመተ ስጋ,1
ተባላ,1
አይገቡ የሚገባ,0
ስር ስሩን,1
ነገሩን አልቀበል አለ,0
ሰለጠነባቸው,1
ምግበ ስጋ,1
አበሰለ አበሰለች,1
ነገር ማብቃቃት,1
ሽባጥ,1
መልካም ባአል,0
ሰው መብላት,1
መርጦ መሆን ወይም መከተል መቻሉ,0
ልቡ ተሰነጠቀ,1
በቅሎ ነች,1
ቀኝ ቀኙን ያስመልክትህ,1
ውሻ አይበላው ጥል,1
የቅርብ አላፊ,0
ሽመልስ ፀጋ ትግስት ሞገስ,0
ተረከከው,1
መገዘዝ ፊት,1
የሚያቃስት ድምፅ,0
ለነገር ተሰለፈ,1
ቀነደበ,1
ግርማ ሞገስ የራቀው አድሀሪ,0
ቅጠል በጣሽ,1
አጋጣሚያዊ,0
የሀገር ምሰሶ,1
በምሳሌ እንዲገልፁ ለተማሪዎች መጠየቅ,0
መምህራንን የሚተካ,0
ታች በሌ,1
ፈሱን ቆረጠ,1
ቁልፉ ሚስጢር,0
ልቡ ሰባ,1
መፍትሄ ሀሳብ,0
የምንባቡ ጭብጥ ያሳደረባቸውን ስሜት,0
ቃርያው በሰለ,1
አይኑ ሞቷል,1
ያረጀ,0
በሽታው ይበርዳል,0
ጎመን ዘር,0
ሲመለሱ የማይችሉትን,0
ተማሪዎች በጥሞና እንዲያዳምጡ,0
ቅፅ,0
ቀላድ ጣለ,1
አውሬ ቀሰቀሰ,1
የሚኖሩ ቦጋለ መብራቱ,0
ጥል ቆመ,0
የዶሮ መረቅ,0
የባህል ሀኪሞች መድሀኒት,0
እስቲ ልውስ ትልና,1
አንድ ግስ የያዘ,0
መቸውንም,1
የትዳር አጋር,0
አባቴ ጫማ ሰፊ,0
ቸበቸበው,1
ደም ግፊት,0
አለባበሰ,1
ሽሮ ወጥ,0
በሊታ,1
የወፍ ቋንቋ,1
የኖሩት እንደስደተኛ,0
ሲቆፍሩ ያደሩ በርካታ ወጣቶች,0
በመጨረሻም ተገቢእርማት ያድርጉላቸው,0
ቂም አረገዘ,1
የእግዜብሄር በትር,1
መስክረም ሲብት,1
ስልጣን እንዳጣህ አትኑር,0
በአጋጣሚ ቃሉ,0
የወንድ በር,1
ራስ ስሞሽ,1
እግዚአብሄር ጣት,0
አንብቦ መረዳትን ለማስተማር,0
ለይስሙላ,1
ሊበላ,1
የሄደበት ሁሉ የሚስማማው,0
ለጦርነት ታጠቀ,1
አመርቂ ውጤት ሊያስገኝ አልቻለም,0
ብረት ሰራ,1
ክፉ ሰዉ,0
አቃለለ,1
ዝምተኛ ሰዉ,0
ዘመናዊ አፃፃፍ,0
ቁርበት የሌለው,1
ማየት አቃተው,0
ላይኞች,1
ቀጭን,0
አእምሮ ተጠቃሽ,0
ቅምጠላው ጠፋ,1
ይህ ከሆነ ሀገር,0
ቁርበት የሌለው,1
አኝዋ,0
መጫወት አለባቸው,0
ምላስህን ሰብስብ,1
በረሀብ ተቀጣ,1
ገበታ ረጋጭ,1
ማደጎ ይመስል,0
የምትባል አሜሪካዊት,0
መኸሩ ሳተ,1
ቀንድ አሽሽ,1
የደላንታ ወረዳ ማእድን ስራዎች,0
የእረኛ ቃል,1
አርባ ወጣት አርመናዊያንን,0
ፀጋ ለበሰ,1
ቸር ጓደኛ,0
የቀለም አባት,1
መምህር እዉነት,0
ስር ሰደደ,1
ወገብሽን ታጠቂ,1
የቅባት እህል,0
ልቤ ረጋ,1
ሰው ሰራሽ የሚሆነው,0
ልብ አብሽቅ,1
ዝናብ ቀጠቀጠው,1
ዮሀንስን በመምህርነቱ,0
ፊት,0
ህገ መንግስት,0
የግስ ጊዜያትን እንዲጠቀሙ,0
እየጠናከረና ቅርፅ እየያዘ,0
ሌባ ጣት,1
ቀን ቢከፋባት,0
የሚገኙትን የቅድመ ማዳመጥ ጥያቄዎች,0
ቀንደኛ,1
ንግግሩን አላረካውም,1
እንደአፍመፍቻ,0
ሽታው ለወጠ,1
የማዳመጥ ጊዜ ጥያቄዎች,0
መግል ሰራ,1
መጠቀም አስፈላጊ,0
በዝርዝር ይዘቱ,0
የማርያም መቀነት,1
ጥርሱን አረገፈው,1
ጥገኛ ሀረግ ዘረጋች ሄደች,0
የአይን ምሳ,1
ከአገልግሎት ከመዋቅር አንፃር,0
ስረ ነገር,0
አሸናው,1
መኖሪያቸው ገጠር ሆኗል,0
ስለተጣለ ግብር የወጣው ህግ,0
ባዶውን ቀረ,1
አጥር ግቢ,0
ወንዝ ማዶ,0
የበግ ለምድ የለበሰ,1
ብዬ,1
በእርማት ማረጋገጥ,0
ሳይጫነኝ ልጄ,0
ክፉ ነገር,0
የመጨረሻው ውድቀት,0
ማርም አልልስ,1
መከራ አሳየ,1
የቤት ስራ,1
እንደምን ሰንብታችኋል,0
የተዋቃሪዎችን አይነትና የግስ መጠን,0
ማጠፍ,0
ትእዛዙ በተለያየ መንገድ,0
ጎህ ቀደደ,1
አንገቱን ቀለሰ,1
የሚጥስ ይሆናል,0
የድንጋይ ክምር,0
ሸክም,1
የተዘጋጁት በአዲስ መልክ,0
ሁሉ አገርሽ,1
በል ልበልህ,1
ምች መታው,1
አለማዊ,0
ናፍቆቴ,0
ስራ ያዘ,1
አንደበተ ስል,1
የስራ የፍቅር,0
ኮምፒዉተር ሳይንስ,0
ክፍል አምስት,0
ሞተር አስነሳ,1
ልቡን መታው,1
ለተማሪዎች ስራ እርማት ያድርጉ,0
ግቢ ጉባኤያት,0
በትሩ ሀይለኛ,1
ወንደ ላጤ,1
የሞቀ ቤት,1
እልልታው ቀለጠ,1
በሱስ ምክንያት,0
ስነ ስርአት,0
ችግሮችና መሰናክሎች,0
ይቅር አሰኘ,1
በአፍሪካና በእስያ የሚገኙ,0
ማስተማር እንዳለባቸው,0
መሰረታዊ ግእዝ,0
ብትን ንባብ,1
ቆቡን ጣለ,1
በፈጠረሽ,0
ጓያ ሰበረው,1
ስር ጠምዛዣ,1
በአላማውም አንድን ጉዳይ,0
አይሆንልኝም,1
ቋሚ ነገር,1
ቃሉን ሰጠ,1
ላደረገልኝ ለዚህ ቀናኢ,0
ማፉድ ገበያ,0
ምላሽ ጠራ,1
በትር ፈለገው,0
ሆደ መጋዝ,1
ድህነትን ለማጥፋት,0
አያ ሙሌ,0
በኩራት ተነፋ,1
ህልሙን ያሳካ,0
ተባራሪ ጥይት,1
የቅጅ መብት,0
ያወጣው አንድ ዘገባ,0
ሀሳብ ተሰነቀረብኝ,1
ምግብ የምትሰራልኝ,0
በራፍ,1
እሳት መታው,1
እጁን አቆመ,1
ልታየዉ የማትችለዉን,0
ማዶ ማዶ,1
የዜግነት ክብር,0
አጋናኝ አረፍተነገር,0
ትሁት,0
ቅዱስ ገብርኤል,0
ምክንያት,0
ታጥቆ ተነሳ,1
እዉነተኛ ፍቅር,0
የቃላዊ ግጥም አይነቶች ብዙ,0
ተቆርጦ የምትወደዉን,0
ሴራ,1
ጥያቄዎችንም እንዲሰሩ ያስታውሷቸው,0
የሎተሪ ማስታወቂያቸውን,0
በለስ ጣለ,1
ልጓም ጣሰ,1
ብው ብሎ ሰከረ,1
እንደመረጃ ምንጭ ሆነው ያገለግላሉ,0
ለህክምና ሶስት መቶ ሀምሳ ብር,0
እንባ አላፈልቅ,0
የማያቋርጥ የማያልቅ ጭቅጭቅ,0
ውጤታማ ነጥቦች,0
በተማሪዎች ፅሁፍ የሚሞላ,0
በአፍሪካ ውስጥ ደግሞ,0
ባዶ ለባዶ,1
ቅድስት ጉባኤ,0
አንጀቱ ተቃጠለ,1
ሎጥ ሎጥ አለ,1
የጥንቱን እንተወው,0
ምስጋና ይግባው,1
ተቋጠረ,1
አፍፉን ለቀቀ,1
በሽታ ይዞታል,1
ብትን ስራ,1
ብይ መጫወቻ,0
መሸጦ,1
ተንታኝ አንቀፅ,0
መላኩን እንዲቀጥሉ,0
ስንዝር ሲሰጡት,1
ቅድስት ኤልሳቤጥ,0
የምንሻገር,0
ሙርጥ አወጣ,1
መቆራረጥ,1
ሹል ቂጥ,1
ከመቀጠር የሚገኝ ወርሀዊ ገቢ,0
ቁመናቢስ,1
ረሀቡ በረደ,1
በረኛ,1
ሰምና ፈትል ሁናችኋል,1
መስገርት,1
ቤተኛ,1
ልቡ ቀረ,1
ላይ ላዩን ሄደ,1
የፊቱን ጦር ቀመሰ,1
መስሎ ስለታየው ለማንበብ ተበራታ,0
ህብረተሰባዊ ኋላቀርነት,0
ትዳሩ ሞቀ,1
ወህኒ ቤት አስገባ,0
ልብ አድርቅ,1
ለቃላት ተመሳሳይ ፍቺ መስጠት,0
መልአከ ሞት,0
ኦፓል ፀሀይ ላይ ሲደረግ,0
ስለሆነም ሰዎች ሁሉ,0
ቀልጣፋ ንቁ ባለሙያ,0
ሀሳብ ያዘው,0
ሆድ እቃ,1
ትፋታም,1
ሊያስተናግዱ ይችላሉ,0
ተወዳዳሪ ተፎካካሪ,0
ክህሎት ስልጠና,0
ሶስት ሰበር,1
ዝንጅብል,0
ልበ ከንቱ,1
ወሬው በረደ,1
መሳሳት መወናበድ,0
ስነ ሰእል,0
መለስ በአደጋ ምክንያት ያጣ,0
የተገለፁ ሀሳቦችን በመፈለግ እንዲፅፉ ያድርጉ,0
ቂጣም,1
ሰዶ ማሳደድ,1
ወንድ ወጣቶች ከጉድጓዱ ሲወጡ,0
አሰልጥ ባርያ,1
ቃል ሰጠ,1
ልብ አጠፋ,1
ሰውነቱ ባዘተ,1
ባህል ህክምና,0
ግብር ከፋዩ ማን እንደሆነ,0
እድሜሽን ልትነግሪኝ,0
ቅቤ ማውጣት ጀመረ,0
መነሾ,1
ተሻሽሎና ተቀናጅቶ የቀረበ,0
ማለትም አራቱን የቋንቋ ክሂሎች,0
አባራረ,0
በጅ አለ,1
ትምህርቱን ቀጠለ,1
ባር ባር አለው,1
ፍቅር አሟጠጠ,1
አእምሮው ተበርዟል,1
ውሸቱን ላፈው,1
ቃላት,0
አረግ መዘዘ,1
መልሱን በጋራ ስሩ,0
ደረሰ,0
ሰንካላ,1
ለጋ ቅቤ,1
ቅልጥ አለ,1
ስንዝሮ,1
ሁሉንም አንቀፆች,0
ዳኛን ሰበረ,1
ውሀ በላው,1
ቀጥለው የቀረቡትን ጥያቄዎች,0
ስነ ምግባር,0
የጀግኖች ባል,1
ሁሉን አቀፍ,0
ከበግ አይሻልም,1
ግብረ ስጋ,1
ነገር ጎለጎለ,0
ረጅም,0
ተቋጠረ,1
በስራ የሚወጠር በስራ የሚደክም,0
በጋራ ስሩ,0
ባዶ እንጀራ,1
ተባቃ,1
በዛብህ የወጣበት,0
የወርቅ ሀብል,0
ችግር ፈጣሪ,0
አብላላው,1
ሳብ ረገብ አደረገ,1
ሰይጣኔ መጣ,1
ማስታወሻ እንዲወስዱ ያድርጉ,0
የትም አገር,0
ትንትግ ትንትግ አለ,1
ልቡ ሞቷል,1
እቀልቤ ገባ,1
እጁን አቆመ,1
የመንግስት ሰራተኛ መሆን,0
የኢትዮጵያ ትንሳኤ,0
ረጅሙ ሰው ትከሻ ላይ ወጥተው,0
ሰባራ ስንጥር,1
አሳከረ,1
ቁመናቢስ,1
በተጨባጭ እንዲረዱ ያድርጉ,0
ልቡ ተቀሰቀሰ,1
ፈተና ቀለለ,1
አንድ,0
አይኑን ሰቅሎ አዬ,1
ምች መታው,1
በእምብርክ አስኬደው,1
ስድ አደግ,1
ተራ ነገር,1
ተራ በተራ ተናገሩ ሀገር ይስማችሁ,0
ቁመተ ዶሮ,1
እምክ እምክ ይላል,0
አስብቶ አራጅ,1
መለስ ቀለስ,1
አለ,1
ሰመር ገጠመ,1
ዱላ ሸተተው,1
የሰማይ ቁጣ,1
ለማደግ የሚያስፈልጋቸውን,0
አፉን ያሞጠሙጣል,1
እንደመሆኑ መጠን,1
ሀዘን ቤት,0
ሞኝ ያገኘው ፈሊጥ,1
ተልባ,1
ዘፈኑ ቀለጠ,1
ከተማ በላው,1
ቁመተ ዶሮ,1
ውሱንነት ስላለው ባህርይ,0
ቅል ራስ,1
ቅልጥጥ ቅብጥጥ አለ,1
ለዛ ሙጥጤ,1
ቁራ ይጮህባታል,1
ያደጉ ልጆች,0
ሽጋ መለሎ,0
የቃል ፅህፈት,1
የሚሉ ምሁሮች አሉ,0
ምስክር ቆጠረ,1
ብር ሸሸ,1
ብልቱን መታው,1
መድሀኒቱ ረከሰ,1
በአንድ ቃል ታስሮ,0
አይጥ አበላ,1
ስራ ስራውን,1
የስጋ ቁራጭ,1
ነገር ቆሰቆሰ,1
በዘልማድ,1
ከአገልግሎት ከመዋቅር አንፃር,0
እርግፍ ያርገኝ,1
ጋለበ,0
ሆዱን ሰጠ,1
ሰኔና ሰኞ,1
ስልጡን አፍ,1
ብቅል ረገጠ,1
ሴት አውል,1
መላ መታ,1
አዘነበት,0
ይበላል,1
ዉሀ ሙላት,1
ታቦት ነገሰ,1
አንዱ የሆነው የደላንታ ወረዳ,0
አደይ አበባ,0
ነጠላ አረፍተነገር,0
በተለያዩ የሀገር ውስጥና የውጭ,0
በጦር ማገረበት,1
መንከባከብ መጠበቅ,0
ላይኞች,1
ከጥቅሶቹ መሀል መዝገቡን,0
ባጣ ቆዬኝ,1
ኢትዮጵያዊ ነን,0
ቅድ አፍ,1
ብልሀት አለቀበት,1
የሰዉን ችሎታ,0
ሰውነቱን በላው,1
ከሆነማ,1
ቁም ለቁም,1
ሙት ለሙት ያለቅሳል,1
እጁን ሰጠ,1
ትከሻ ለትከሻ,1
መማለጃ በላ,1
ሁሉም በየአይነቱ ገብቷል,0
የልቦለድ አይነቶቹ ብዙ,0
ራሱን አዋረደ,1
የመስበክ,0
እንትፍ እንትፍ አለ,1
በቴሌቪዥን መርሀ ግበሮችና በፅሁፍ,0
በፊታቸዉ በኋላቸዉ,0
የአማርኛ ፊደል በዶክተር አበራ ሞላ,0
በሀሰት ለጠፈበት,1
የነገር ሰረገላ,1
አይቀጡ ቅጣት ቀጣ,1
ስራም አይዝ,0
ለተማሪዎች ያንብቡላቸው,0
ለበሽታዬ ያህል,1
ግጥም የፈጠራ ፅሁፍ,0
ያስችልህ,1
መጠነ ቁስ,0
ሀብተ ነፍስ,1
ስርቅ ያለ,1
የመስቀል ወፍ,1
አበጀ በለዉ,0
ኬላ ሰበር,1
ስር ተቆጣ,1
አስኪጀመር ድረስ,0
ምድር ዞረበት,1
ራስ ህመም,0
ዘመናዊ አፃፃፍ,0
በረከት አጣ,1
የነገር ቁራጭ,1
ግፍ ሰራ,1
ከዚህ ወረድ ስንል,0
የሚቀርብበት የፈጠራ ፅሁፍ,0
ሆነብኝ,1
በስራ መበልፀግ,0
ውርጭ አመድ የመሰለ ነጭ በረዶ,0
በጦር ሸከሸከው,1
ሴራ ጉዱ,1
በድሬዳዋ ከተማ መስተዳደሮች,0
ራስ ተስሞ,1
የእንስሳት ተዋፆዎችና የተለያዩ ማእድናት,0
አለና ቦዘዝ,0
ገበታው ሳሳ,1
ሲል,0
መከራ ቀመሰ,1
ብልህ,0
ድርጅት,0
የመልመጃ ጥያቄዎች,0
ሞልጮኝ ሄደ,1
ስራ ተቋርጠ,1
ጥቂት አመታት,0
ባንድ አይቅር,1
ቅሌን ጨርቄን አለ,1
መጋረጃ ይዘጋል,0
መንግስታዊ ሽብርተኝነት,0
ህግ አፈረሰ,1
ውስጣዊ ባህርያት አሉን,0
ልብ አቁስል,1
ተጠቃሚ መሆናቸውን,0
ንኡስ አንቀፅ,0
የሞተ ሞተ,1
ብትንትኑ ወጣ,1
ብዬ,1
አይከሰኝም ይላሉ,0
በሽታው ወጣለት,1
በዛብህ ግን,0
ወታደራዊ የስራ ደረጃ,0
ገፍቷቸው አያውቅም,0
ቴክሎጅ ፋካሊቲ,0
አረፍተነገሮች እንደሚነገሩበት,0
ቅልል ያለ,1
ልቡ ሞተ,1
መለስ ቀለስ,1
ሀላፊነት የጎደለው,0
የመጀመሪያው ወሰነ,0
ልብሷን ቀደደች,1
አደይ አበባ,0
በመጠየቅ ማረጋገጥ,0
ቃል በቃል,1
ቃሉን አጠፈ,1
ሰዉ ወደደ,0
የቤት ስራ ሰርተው እንዲመጡ ያድርጉ,0
ሰዋስዋዊ ስህተት አለመታየቱ,0
በትምህርት በደንብ አስተማረ,0
ሰው አደረገው,1
ክፍል ከተማ,0
ፊደልም የቆጠረ አይመስል,1
ስራ ማይዝ,1
በወህኒ ቤቷ የታሸገው,0
ገንዘቡ ቀለጠ,1
የጋማ ከብት,0
ወላጆቹም,0
ቃል አልገባም,0
ጥንቃቄዎች አሉ,0
ወተቱ ሸፈተ,1
በፋብሪካ ደረጃ ማምረት የሚቻልበት,0
ይጨምረዋል እንጂ,0
የአስተሳሰብ ወጥነት ይሰጠናል,0
ማድረግ ተገቢ,0
ትንሽ ሰከረ,0
ምድር ቤት,0
ልበ ጥሩ,1
አላማውም በምርምር የተገኙ,0
ጉዳዩን ብታጤነው ብታሰላስልበት,0
አነቃቂ የሆነ አጭር ዘጋቢ ፊልም,0
መንጥቆ አጠበ,1
ሀይማኖቱን ለወጠ,1
ቤት ከቤቱ ገባ,1
የታሪካችን ሰበዞች,0
አልባሌ,0
የአማራ ብሄራዊ ክልላዊ መንግስት,0
ኮምፒዉተር ጥገና,0
የወር ገቢ,0
ሿ አደረገ,1
እድሜዉን ሙሉ,0
ግፈኛና አጥቂ,0
ኬንያና ሜክሲኮ,0
በመላ ተናገረ,1
ቆሌቢስ,1
ቤት ለቤት,1
አንድ ሰው የተፈጥሮ ሰው,0
በቃላት ፍቺ መሰረት አረፍተነገር ይፅፋሉ,0
መንግጎ ወሰደው,1
ከልቡ አገለገለ,1
የርግቦችን ባህሪ,0
ስርአተ መንግስት,0
የሴት ልጅ,1
ማስተማሪያ ቋንቋ,0
ቀልበ ደረቅ,1
ቁርበት መጣል,1
አደጋ ስጋት,0
ሞት ይርሳኝ,1
ስልጣን,0
ከመጠበቅ አልፎ መሰረቱን ያስተካክላል,0
ሳለ አይሰጥ,1
የተማሪ መፅሀፍን,0
ሌባ ጣት,1
ተመለጠ,0
ቁስሉ በላው,1
ምድር አድምጪ,0
ቀረቦ,1
የዝምድናችን መተሳሰርያ,0
ቆዳ ተማሪ,1
ከነገር ሸተት አለ,1
መፅሀፍ መምህርደሪያ,0
እዳ,0
በርካታ ግለሰቦች,0
የኢፌዴሪ ህገመንግስት,0
በሱ ፈንታ እኔ ልሙት,0
በመምህር ማስተማር ወጣት,0
ሀሳብ ስብስብ,0
ፊደልም የቆጠረ አይመስል,1
የተለያዩ ስሞች አሉት ‐,0
ሲያቅዱ ጥርሳቸዉን,0
ማሻሻያዎችና ለውጦች ይደረጉባቸዋል,0
ስነ ልቦና,0
የተወለደበትን ቀን አስቆጠረው,1
ሲሸከሟቸው ለሚውሉት ቁመተ መለሎ,0
ቅርሻ ቅርሻ አለ,1
ደብረ ታቦር,0
ቀትረ ቀላል,1
ወይም አይኖሩም,0
የእንግዳ ቁርበት,1
ድህነትህ ይፋቃል አይደለም,0
የተለያዩ ቀለማትን,0
ረጋ ስራሽ,1
ቃሪያ ድምጥ,1
አጥሩ አረገዘ,1
ጉንፋን,0
ሰማንያ ከነዳ,1
አእምሮ የአንድ ሰው ንቃተ ሀሊና,0
ባህር እሳት,1
አሁን ያለንበት,0
ሳቢያ ስምንት መቶ ሀምሳ ሺህ,0
ቀዝቃዛ ጦርነት,1
ሳር ቤት,0
ቢስ ገላ,1
ሴተ ላጤ,1
እድሜው ተበጠሰ,1
መጀመሪያ አዲስ መንደር,0
በግስ ጊዜያት የተፃፉ አረፍተነገሮች,0
እሾህን በሾህ,1
ሽንት,1
በአመት ውስጥ,0
ብር ብሎ ሄደ,1
በተማሪ መፅሀፍ ላይ የቀረቡት,0
አባ ሙላት,1
ሙልጭ አለ,1
አባቴ ልሁን,1
ለሆነ ነገር,1
ቁርጬ ደሀ,1
ሎሚ በየተራ,1
ራስ ራሱን,1
ማፍራት ደርሰዋል,0
ባዘቶ ገላ,1
በህይወቱ ላይ ሙሉ ለውጥ አድርጓል,0
ረሀብ ቀጠቀጠው,1
የቁጥቁጥ ኑሮ,1
ስር ሰደደ,1
ለቅሶ ቤት,0
የልብስ ቅድ,1
አንጀቱ ተቆረጠ,1
አዋቄ ሰው,0
ታጥቆ ተነሳ,1
በአጠቃላይ በአገር,0
ትከሻ ቢስ,1
ኢትዮጵያዊ ነን,0
ይህን ምንባብ በቅድሚያ,0
ብጣሻም,1
የሚላስ የሚቀመስ,1
ተጨባጭ መምህርዘራዊ የሆነ ማስረጃ,0
እየታገለ ተነስቶ,0
ባህር ማዶ,1
ከላዩ ላይ,0
ነገር ውስጥ ማገደው,1
ሲገባ ሊኖረው የሚችለውን,0
የትምህርቱ ይዘት,0
ገበታ ሰራ,1
የስራ ማመልከቻ,0
ጠጉር ሰራ,1
ግር ግር,0
ውሸቱን ለቀቀው,1
ተማሪዎች የክለሳ ጥያቄዎችን,0
ምሽት ላይ,0
ልቡ በደስታ ሰከረ,1
ልበ ቆራጥ,1
ባላልጋ,1
የምርምር ውጤቶች,0
ትም አደረገ,1
ለመልሶቻቸው ግብረመልስ ይስጧቸው,0
አንጀቱ ራሰ,1
አትነፋ,1
የበላን ያብላላዋል,1
ዝነኛ,0
በማስታወቂያው የተሳበው ሸማች,0
አይሆንም,1
ከሀያ በላይ ትምህርት ቤቶች,0
ምድር ለቀቀ,1
ፊቱ በራ,1
ስማቸዉን ሲረሱባቸዉ,0
ቁጥር,0
የሽማግሌ ትንሽ,0
ዝናብ ስለዘነበ ወደቤቷ ሄደች,0
ተቆረቆረ,1
ቅጥ ያጣ,1
ተረካቢ ነጋዴዎች,0
በገና ምት,1
ከዚህ በታች,0
ሰውኛ ዘይቤ,0
እዚያ ሰፈር ተወልደው,0
ቅመማ ቅመም,0
ሁሉም የስራ ዘርፍ አለው,0
ተራ መታ,1
ታጋሽ,0
በቀንዱ አፈር ያዘ,1
ምኑና ምኑ ተይዞ,1
ግብር አግባብነት ባላቸው ህጎች,0
ስለኢትዮጵያ,0
ሻ አለው,1
በልብ አዋለው,1
ሸክምህን ለመቋቋም,0
ተራ ወታደር,1
ከአንዲሮቹ ሁሉ,0
ምላሱን አሾለ,1
ቅልጥ አለ,1
ሞት የተፋው,1
ገንዘብ ቋጠረ,1
ብርሀን በምን ዋጋ ይተመናል,0
ከንፈሯን መገመገው,1
ሹመት ያዳብር,1
ልባም,1
መመረቂያ ፅሁፍ,0
ቋሚ ንብረት,1
በዱላ አላሻቀው,1
ልብ አውልቅ,1
ስመ ጥር,1
ተራ በተራ,1
ድብልቅና ድርብ ድብልቅ በማለት,0
ጠዋት መነሳት,0
የቆመ,1
ውስጥ ይታያል,0
ከአንዲሮቹ ሁሉ,0
ለጋ ደመና,1
ራሱ ጠና,1
አንቅሮ ተፋው,1
ቃላዊ በመሆናቸው,0
ቁስሉ ሸፈጠ,1
ግዴለም,1
በሰንጠረዡ ውስጥ በቀረበው ምሳሌ,0
አለዘበ,1
በቁሙ,1
ባለማታወቅ ኖረ,0
ምርር አለ,1
የተከሰቱ አሉታዊ,0
ቀስቱን ለጠጠ,1
ቁራጫም,1
በቃል እንዲመልሱ ያድርጉ,0
ሀገር ዉስጥ,0
ወደቀጣዩ ምእራፍ ከመሸጋገርዎ በፊት,0
የሙያ ዘርፍ,0
ይበረታታና ይጎተጎት,0
ሙልጭ ወጣ,1
የበለጠ ተጠቃሚ እንደሚሆኑም,0
የመጀመሪያ ትውልድ ይገኝበታል,0
የመኖሪያ ስፍራና ጊዜ,0
እንግዲያስ ለራት,0
የሰማንያ ሚስት,1
ሰርተዋቸው እንዲመጡ ያድርጉ,0
የበታች በታች,1
ክፉ ነገር ረመጠብኝ,1
ቤት አሳየ,1
ባለሱሪ,1
ብቅ ጥልቅ አለ,1
መሬት ይቅለለው,1
ሆድ ሲያውቅ ዶሮ ማታ,1
ታች ይቀንሳል ጋብ ይላል,0
አንደበቱ ረታ,1
መፅሀፍ መምህርደሪያ,0
ቅዳሴ ማህሌት,0
ታቦቱን ሰረቁ,0
ውጋት ሸከሸከው,1
ሙሉ ቀን,0
ዘር ቆጠረ,1
ቁርጡ ታወቀ,1
ህልሙን ያሳካ,0
አዉንታዊ ትርጉም,0
ጋኑ ተሞላ,0
አገሪቷ ለውጥ ያሻታል,1
ለዘመናዊ የገቢ ግብር ፅንሰ ሀሳብ,0
ነገር አረገዘ,1
በሽታ ሸመተ,1
ተስፋ ሰጠ,1
ቁም ከብት,1
ብላ ባለኝ,1
የቋንቋ ምንነትን የሚገልፅ ትክክለኛ ማስረጃ,0
የክፍለ ትምህርቱን አላማዎች,0
አፈር ይብላኝ,1
በገ ሰማይ,1
መምህርተር ልምዱ,1
አልብሽኝ አንተርሽኝ,1
በውይይት መፍትሄውን ፈልጉና ፃፉ,0
በመጨረሻም የተማሪዎቹን ክርክር,0
ቆርፋዳ ሻንጣ,0
በውይይት ጊዜ እየተዟዟሩ ማረጋገጥ,0
አረጋዊ ዮሴፍ,0
በነገር ረጨኝ,1
ነገሩ ረቀቀ,1
ሲያሳየው ይሰማዋል,0
በሽታው ተነሳ,1
መደንገጥ ነበረበት,0
ነገር ለደፈብኝ,1
መሰናክል እሩጫአ,0
ከስልጣኑ ስር አንበረከከው,1
ያክል አልቀራቸዉም,0
ቤት ለቤት,1
አፅመምህርስት,1
ልቡ ቀረ,1
በ ኛው ምእተ አመት,0
መስከረም ሲተኮስ,1
አይኑ ቀላ,1
ቢራ ያጠጣቸዋል,0
አይኑን ተከለ,1
ከማን አንሼ,1
ቀፈፈ,1
ተባላ,1
ልቤን አልነካኝም,1
አውራ መንገድ,0
ከታማሚው ጋር,0
ይለዋወጣል,1
በፍቅር ታዉራ,0
የፈለገው ይሆናል,0
በመሆኑ ጫና የበዛበት,0
ግጭት ትልም,0
ፊደል ለየ,1
የሰይጣን ቁራጭ,1
እልሁን አስቆጠረ,1
ቆርጦ ሄደ,1
ትዳሩ ሞላ,1
የስራ እንቅስቃሴውን ተመለከትን,0
የሆነ ሰዉ,0
ባለቅልጥም,1
ቤቱን አሸነፈ,1
ቁስሉ ቂም ያዘ,1
እንኳን በደህና መጣችሁ,0
እንግዳውን ሸኘ,1
በሶ በላ,0
ዘመዴ,0
አልብሽኝ አንተርሽኝ,1
ግጥም ፃፈ,0
መንግስት በሀገሩ ላይ,0
እነዚህ ህጎች የተፈፃሚነታቸውን ወሰን,0
ማህደረ ማርያም,0
ልቡን ሰጠው,1
ሀዘን ሸነቆጠው,1
ነገረኛ ሰዉ,0
ባደረጉላቸው ውለታ ምክንያት,0
የሚሰሩበት ቃላት,0
አገሩን አቀና,1
ቁም ዜማ,1
ልብ አለ,1
ጥሩ የቋንቋ ችሎታ,0
ትርፍ የለሽ,0
ሰው ተሰልፏል,0
ጎዶሎ ቀን,1
ለመከራ ሰጠ,1
ቃል ለምድር ለሰማይ አለ,1
ባይሸት ይሻላል,1
ቁም እግዚአብሄር,1
አደብ ገዛ,0
ባልኮል ተቃጠለ,1
ወንድም እህት,0
ራስን ማወቅ,0
ከዋሻው የሚወጣትን ይጠባበቃሉ,0
ህልውና,0
መልካም እድል,0
ምንም ምላሳቸዉን,0
ፋሲል ከተማ,0
ቸንቧ ቸንቧ አለ,1
የወጣው ሀብትም ባክኖ ይቀራል,0
ቤት ለንግዳ,1
ደንታ የሌለዉ,0
ሊመሩ የሚችሉ ተማሪዎችን,0
የጭን በቅሎ,1
ነገ አንድነትን ሊያራምዱ ይችላሉ,0
በሚደረግበት በዘመናዊ,0
ወዲያ ወዲህ መወዝወዝ,0
ቃሌ,1
ልብ አደረገ,1
መላቢስ,1
ስብሳብ የተወለደ,1
በጠባብ መቼትና በአንድ የትረካ አንፃር,0
በልቦለዱ ውስጥ የልቦለዱ አላባውያንን,0
የነገር ብልት ያውቃል,1
ወህኒ ቤት መግባት,0
መጠይቃዊ አረፍተነገር,0
ቆለለበት,1
ብዙ መሰናክሎችንም ማለፍ ችሏል,0
ብድር መለሰ,1
ሴት አስረካሽ,1
ታይተዋል,0
ሀፍረት ለበሰ,1
በቀን እንደሆነ ይስማማሉ,0
የቆንጆ መራራ,1
የወላድ መካን,1
ስነ ስርአት,0
ክረምቱ ተጫነ,1
ሙት ደረቅ አይበላም,1
አእምሮው ላሽቋል,1
ማልዶ ማልዶ,1
ቀፈቀፈ,1
ሰንጣቃ,1
አቀለጠ,1
አሟልቶ ሰጠው,1
በሚያነቡበት ጊዜ,0
ቁርባን,1
የቤተሰብ ባላ,1
በቀላሉ በጎግል ወደሚተረጎሙት,0
የበግ ለምድ የለበሰ,1
ከተማሩ በኋላ የሚሰደዱ ምሁሮችን,0
ስብስብ እምቤት,1
ቀትረ ቀላል,1
እንዲያም ሆና ብዙም,0
ቋንቋ ያልሆነ,0
አግዶኝ,1
አይኑ ይሳሳል,1
ትኩረት መስጠት,0
አማካኝነት ጥሩ ተናጋሪ እንዲሆን,0
ልብሷን ቀደደች,1
ውሸቱን ለቀቀው,1
ቁስሉ ምጠጠ,1
እግዚአብሄር ቅጥል አለ,1
እብድ ይለኛል,0
በመላ ሄደ,1
እንዲፈፀምልሽ መንገድ,0
የሽ ጥላ,0
በነገር ተሸረከተ,1
ጉዳይ ቆረጠ,1
ረገብ አደረገ,1
ሁለ በል,0
ትጠበቅ ነበረ,0
የቀለም ሰው,1
ከነ እርሙ በላ,1
ራሱን ሳተ,1
ልጓም አጥባቂ,1
ያማረበት የሚመስለው አስከፊ ነገር,0
በዚህም የቃላትን ባህርይ,0
ተማሪዎችን በመጠየቅ ማረጋገጥ,0
ሌባ ሻይ,1
ይቅለበለባል,0
ነገርን ነገር ያነሳዋል,1
የሰው ክፋት,0
ግድግዳው ሰምበሌጥ,0
ጣል ይደረግበት,0
ሆዱ ሻከረ,1
ሙሉ እምነት,0
ልብ አደረገ,1
የጦር መሳሪያ,0
ግብይቱ ሲጧጧፍ ዋለ,0
ጆሮውን ሸመጠጠው,1
ነገረ ሰሪ,1
ደስ የማያሰኝ ነገር,0
እል ደግሞ,0
አይሞላለት,1
ግብረ ስጋ,1
አባጣ ጎባጣ ኮረኮንች የሌለው,0
ልቡን ሰረቀው,1
ሀረግ ወይም አረፍተነገር ይዋቀራል,0
ገላ ሰውነት,0
ያልተገለጠ ነገር,0
የት አለ ስራ,0
ተፈጥሮ መዉደድ,0
ለነገሩ እንግዳ,0
ልበ ጥልቅ,1
ኢንፎርሜሽን ቴክኖሎጅ,0
ድል,0
መልካም ስነምግባሮች,0
ትምህርት ክፍሎች,0
ጥቃቅን ገጠመኞችን,0
በማሀበረሰቦች መካከል,0
ኮምፒዩተር ሰለጠነ,0
ባለሙያዎች ጥቅሞቻቸው,0
አፉ ተሸበሸበ,1
ሌላውን ተክቶ ቢገባ,0
ይህን ምእራፍ አጠናቀው,0
ተርታ ሰው,1
በመላ ሄደ,1
ከዚያም በአዲስ አበባ,0
ሲቃ ያዘው,0
ደብረ ዘይት,0
ሰብለ የልብ በሽታዋ ተነስቶባት ትሞታለች,0
ውርርድ ተከለ,1
ተማሪዎችን በመጠየቅ ማረጋገጥ,0
በቁሙ ሞተ,1
ነገር ቋጠረ,1
ሌባ ሚዛን,1
ዉስጣዊ ስሜቴን,0
አገር ከመምራት,0
ምድር ተፋችው,1
ሰማይ ቆጡ,1
ተዛማች ወሬ,0
ቤት መምቻ,1
ስለበለስ,1
በትእዛዝ ሶስት አራት ስር,0
ነፃነቱን ለማግኘት ዲማን ጥሎ,0
ከዚያ በፊት ግን,0
ባላልጋ,1
ስጋ በል,0
ምክሩ አጥንት ይሰብራል,1
ልሳኑ ተዘጋ,1
በ፻ አመተ ምህረት ገደማ,0
ይሆናል ብሎ,1
በቃል እየተላለፉ,0
ብትሰማ ይሻላል,1
አከንባሎ ሰበረ,1
በነገር ረጨኝ,1
ብሩ አጠር ያለ,1
ራስን ማጥፋት,0
ዝም አሰኘ,1
አገልግሎት ላይ እንዲውል በማድረግ,0
ጎን ለጎ,0
ፍፁም ህብረት,0
ቢሆን ባይሆን,1
ቤት ሰራ,0
ስድ ቤት,1
የተሰማሩ,0
የጋራ ነገር,0
በአፄ ምኒልክ ዘመነ መንግስት ጊዜ,0
እግዚአብሄር ጣት,0
እሳት የላሰው,1
አትሰለፍ,1
ባላልጋ,1
እኔ ራሴ,1
መነኩሴ መስላ,0
መቼ ጠፋኝ,1
ማንኩሳ በተባለው ቦታ,0
ግፍ ሰራ,1
በቃላት ተመሳሳይ ፍቺ,0
አካል ብቃት,0
በይና ተበይ,1
ለመግለፅ ራሱ,0
ተስፋ ሰጠ,1
እምነትና ፍልስፍና,0
በጥበብ መምራት,0
ስራ አጥ,0
ለፅሁፉ ተስማሚ የሆኑ,0
አመድ ውስጥ መገኘት,0
የተተፋው ሳይደርቅ,1
እንኳ ማቀፍ ሳትችህሉ ስትቀሩ,0
ሴተ ላጤ,1
መሬት አሳመው,1
አይሁን,1
በተማሪዎች መፅሀፍ ላይ ቀርበዋል,0
ምኑና ምኑ ተይዞ,1
አገው ምድር,0
ሰምና ፈትል,1
በልዩ,1
ድንበር ረገጠ,1
እነዚህ ጠቃሚ መርሆዎች,0
ምጥ ጀመረ,0
አፈር ቀመሰ,1
ህዝባቸውን አስተባብሮ ግብር በማስከፈል,0
ፅሁፉን በሚገባ መረዳት መቻልን ማረጋገጥ,0
እንደ መቃብር በሚደብት,0
ቤተ ፈት,1
ስልክ ደወለች,0
የበሰበሰ,0
በትሩ ሀይለኛ,1
የቅጅ መብት,0
ነገሮች መነሻነት,0
ወይን ረገጠ,1
ቀለም ገላጭ,0
በመጠኑ ስለሚመሳሰሉ ይግባባሉ,0
ኬላ ሰበረ,1
ሙልጭ አድርጎ ሰደበ,1
ስድ አደግ,0
በየቤቱ,1
ልታለቅስ ይገባታል,0
ነገሩን አብላላው,1
ስንት ወር,0
ለመምህርጎም የሚከተለውን መነሻ ይጠቀሙ,0
በእኩልነት,1
ፊት ለፊት በቀጥታ,0
ታቦት ተከለ,1
በየግላቸው በክፍል ውስጥ,0
ቸንቧ ቸንቧ አለ,1
ደከመ,0
መላቅጡ የጠፋ ነገር,1
ትከሻውን አሳዩ,1
የሀገር ትርጉሙ ከመሬት በላይ,0
የማንበብ መርሀግብር,0
በወቅቱ,0
ያልተቻኮለ,0
ቤተ ክርስትያን ሳመ,1
እርጥብ ናት,1
ውቃቢ የቀረበው,1
ነገር ሰራ,1
ልቤን አልነካኝም,1
ጥያቄዎች ያቀርባሉ,0
ቦርቦር አለ,1
ባዶ እንጀራ,1
ምድር ዋጠው,1
የአእምሮ ህሙማን,0
ባለሙያዎች እንደገለፁት,0
የጥንካሬ ደረጃ,0
ተስፋ ቆረጠ,1
አርራገጠ,1
የማስያዝ ባህሪ ያላቸው እፀዋት አሉ,0
ምክሩ አጥንት ይሰብራል,1
አርአያ መሆን እንሚያስችል,0
ጋዜጦችን,0
እንዳጋመስነው እንጨርሰዋለን,0
የቀለም ቀንድ,1
ያለው ግለሰብ መኖሪያውና ቤቱ,0
ተተክሎ ዋለ,1
እንዳይቀድስ ተከለከለ,0
የዘንድሮ ብርድ እንደሚወራው አይደለም,0
ሰብአዊነታችን,0
መንግጎ ወሰደው,1
ምርጫ ምርጫ,0
አትፍራ,0
ልቡ ሳሳ,1
ተኩራራህ,0
መቆራረጥ,1
ታዲየ,1
ፈተና ቀለለ,1
ሙት,0
ጣና ሀይቅ,0
ሰፊ በመሆኑ,0
ትምህርቱን ቀጠቀጠ,1
ቋንቋ በኮምፒውተር,0
ልበ ቀን,1
አሳሩን በላ,1
የግስ ጊዜያትን መለየታቸውን ማረጋገጥ,0
ልቅ,1
ቸበቸበው,1
ራስ ምታት,1
ተፅእኖ ለማሳደር ስለሆነ,0
ደግ ቀን,1
አንዳንድ ጥናቶች ደግሞ,0
በረከት የለሽ,1
ሰርአት አልበኝነት,0
ሁለተኛ ስራ,1
በአማራ ብሄራዊ ክልላዊ መንግስት,0
ጫት ቃመ,1
ምስለ ቢስ,1
ክፍል ሶስት,0
ሆደ ገር,1
የገቢዎች ሚኒስቴር,0
ልቡ ቆመ,1
ቆይቶ ቆይቶ,0
በረዶ መታው,1
ቅሌም ይኸው,1
ጥቂት ጥሞና ውስጥ,0
መድከም መዛል,0
ግብር የመጣል ስልጣንና ሀላፊነት,0
ልቡ ዋለለ,1
ከክብር ሰገነት ላይ ይወርዳሉ,0
እንዲለዩ ተማሪዎችን በመጠየቅ ማረጋገጥ,0
በነገር ሸነቆጠው,1
እዉነትን ፍለጋ,0
በሽታው ተነሳ,1
ማላ አፈረሰ,1
ቤቴ ቤቴ አለ,1
በዩኒኮድ እውቅና አግኝቷል,0
ቅዳሴ ታጎለ,1
በክፉም በደግ የትኛው እንደሚሻል,0
የወጣለት የሰብለ አጎት ጉዱ ካሳም,0
ቁልፍ ሰው,1
ቤተ ክርስቲያን,0
አንጀቱ ተቆረጠ,1
ስነ ዉበት,0
አግብታ ትቅር,0
ስማ በለስ ቀንቶህ,0
በባህላዊ ህክምና መድሀኒቱ,0
እንባ ረጨበት,1
እስዋ አታለቅስ,0
ማግኘታችሁ ዛሬ ይሁን,0
የጥያቄዎቹ መነሻ መልሶች,0
በሙያቸው ተቀጥረው ይሰደዳሉ,0
ይሸናል,1
ብርድ ቆነደደው,1
ይበጀኝ,1
እላይህ ላይ,0
ቁም ነገር,1
አነጋገሩ ቀለለ,1
ቤት ተከራይተው,0
ግሳዊ ሀረግ,0
ፀሀይ መታው,1
ያደረጉት የነረሲስ ናልባንዲያንን,0
የዉድድር ምርጫ,0
አፍንጫውን ነፋ,1
አሻሮ ቃሚ,1
አስመለከተህና,1
አንቃውሀ በተባለ አካባቢ,0
መናቆሩ ለምን ይመስላችኋል,0
ኮምፒዩተር ሰለጠነ,0
የበላይና የበታች,1
ባዳመጡት ፅሁፍ ላይ,0
ህቅ አለ,1
ለዘመናዊ ገጣሚዎችም ቢሆን,0
ያምር,1
ሰረገላ ቁልፍ,1
ርስ በርሱ,1
ምስጋና ይገባቸዋል,0
የቤት ውልድ,1
በምህንድስና በኢኮኖሚና በሌሎችም,0
ፈፅሞ አለመግባባት,0
ሌሎቹ አርመኖች,0
ሞተ አረፈ,0
እንትፍትፍ,1
ዝርዝር ምስክር,1
የዘይቤ አጠቃቀም ደራሲው,0
የስነፅሁፍ መሰረታውያን,0
ባልና ሚስት ቁልፍ,1
ደምወዝ ቆረጠ,1
ምልስጥ,0
የተመጠኑ ሀረጋትን ይይዛሉ,0
ሁሉም ያልፋል ግን እስኪያልፍ ያለፋል,0
ለማክበር የሚቻለው ሁሉ ጥረት ተደርጓል,0
ነገር አረገዘ,1
የቀደመእውቀት ላይ በመመስረት,0
አፉን አቆመ,1
ባለስሜት እየተጨናበሰ,0
ልበ ጎዶሎ,1
በሌላው አመተ ምህረት,0
ዜና ሙዳይ,0
በኋላ መድሀኒቱ እስኪያሽረው,0
ሁሉ ስላሳካ,0
ተጨማሪ ገለፃና ማብራሪያ,0
ቀኑ በራ,1
ራስ ሳይጠና ጉተና,1
ቀን ቀን አለው,1
ምራቁን ዋጠ,1
ቅዱስ ሚካኤል,0
ርካሽ,1
ልጅ መባልን አይጠላም,0
ልቡን ሰለበችው,1
ምስለ ቢስ,1
አለልክ,1
ተፋበት,1
ማስቀየም ማስከፋት,0
ለጋ ጎበዝ,1
ሸለተ,1
ምንጭሩ ድብን አለ,1
እንደላቲን ከግራ ወደቀኝ መፃፉ,0
ቅርብ ዘመድ,1
ፀሀፍተ ትእዛዛት,0
ጉዳዩን ሞላ,1
የመጣው ቢመጣ,1
ለጋብቻ የሚቆረጥ,1
ብው ብሎ ሰከረ,1
አለም ሰፊ እግዚአብሄር ቤት ናት,0
አንድን ፅሁፍ አሳጥሮ ለመፃፍ,0
ያዳመጡትን ፅሁፍ በራሳቸው አባባል,0
ውጭ ካለው ህዝባቸው,0
በርካታ የህንድ ምሁሮች,0
በአእምሮ ተንኮል እያሰላሰሉ,0
ንፋስ መውጫ,0
ራሱን ነቀነቀ,1
ሙጢ አፍ,1
ቆርጦ ቀጥል,1
ስንክሳሩ በዛ,1
በቀደምለት,1
አባትዋ እልፍኝ,0
ልብ አድርቅ,1
ሆዱ ጠቡቷል,1
ልብ አሳጣ,1
ልበሙሉነት,0
ጥቂት ዝምታ,0
ልበ ጥሩ,1
ጫት ቃመ,1
አሳታፊ በሆነ መንገድ ያሰሯቸው,0
አዲስ አበባ ብለው መላክ ይችላሉ,0
የቀብር ስነ ስርአታቸውም,0
አንገቱን መዘዘ,1
ነገር በላ,1
ልበ ባህር,1
ወደቤት ይገባሉ,0
እንዲሰሩ ያድርጉ,0
ትከሻ ሰጠ,1
የሞት ሞት,1
በስደት ያገኙትን የንግድ ተሞክሮ,0
ቆላ ቁስል,1
አፄ ሀይለስላሴ,0
ቅርሻ ቅርሻ አለ,1
ልበ ብር,1
ሆደ ሰፊ,1
ምስጥር ቀበረ,1
ፈፅሞ አዋረደ,0
ሰኔ ነግ በኔ,1
ድርብ ድብልቅ አረፍተነገር,0
ውጤታማ ስራ,0
ጠበቃ አቆመ,1
በከፍተኛ ደረጃ,0
እንዲሁም በደቡብ ጎንደር ዞን,0
እየታገለ ተነስቶ,0
ስሙን መነዘረው,1
ልክፍታ,1
ልበ ሞቃት,1
መሬት ይቅለለው,1
እነሱ ባያዩ,0
ማስታወሻ የመያዝ ጥቅም,0
ተሞካከረ,1
የቀረበውን ምንባብ,0
ወለሉ ላይ,0
ቀንዳ ቀንዳ አለ,1
ባህላዊ ዘፈን,0
ድጋፍ ሲፈልጉም እገዛ ያድርጉላቸው,0
ልበ ጎረምሳ,1
ከራስጌው ያለውን,0
አንበጣ መታው,1
ስልክ መታ,1
ከፋኝ,1
አመሳቅሎ ለበሰ,1
መለስ ቀለስ,1
ደን ጥብቃ,0
አገሪቷ ለውጥ ያሻታል,1
ማንበብ ለህይወት,0
ራስ ምታት,1
ሰዎች ብሎ,0
ትምህርት ክፍል,0
ቃሉ ጎደለ,1
የተፈጥሮ አካላት,0
ምድር ተፋህ,1
የመፅሀፉ አቀራረብ,0
ቁርበተ ነክ,1
ወለሉ ላይ,0
ሰማንያዋ ወረደ,1
ቅልጥ አለ,1
እኔ ራሴ,1
ቆዳ መሬት,1
በመጠጥ ተራጨ,1
ሸማ በየፈረጀ ይለበሳል,1
በቁሙ ቀበረው,1
አደብ ገዛ,0
ቤት የእግዜር,1
ውሸቱን ለቀቀው,1
እሾህ አይውጋህ,1
የግምገማ ስልት ወዘተ,0
ቁርጥ ነገር,1
ልጂቱ እጅግ በጉጉት,0
አገዳ አይደለም የሚቀነጠስ,0
ጎሀፅዮን ትወርዳለች,0
ከሞላ ጎደል,1
ልበ ትልቅ,1
ብልሀት የለውም,1
በአሁኑ ጊዜ,0
በር ለበር,1
ከህንድ ምእራብ አገሮች,0
ልብ ከዳ,1
ልቡን ማረከው,1
ኬላ ሰበር,1
መና ቀረ,1
ቀንዳም,1
ቀረቀበ,1
ይብላኝለት,1
ሰማይ ቆጡ,1
ለሚሰጧቸው ገለፃ,0
ስወጣት,0
ቤተ ክርስቲያን,0
ከዘመናችን,0
ቁራ ይጮህባታል,1
ቀንበር ተሸከመ,1
ጉቦ በላ,1
በቁምህ,1
ሰረገላ ውግ,1
ለችግር ለቅጣት መጋለጥ,0
መንታ ልብ,1
ቁም ስቃይ,1
ዘመናዊ እርሻ,0
ዳግማዊ ቴዎድሮስ,0
ሀላፊ ደስታ,0
ከደረጃ ላይ ተንሸራትተው ወደቁ,0
እንደየቤቱ,1
ጠቅላይ ሚኒስትር,0
ነፋሱ ተነሳ,1
በቃላዊ ግጥም ችሎታው,0
ቁርበት መጣል,1
ፋሲል ከነማ,0
አንድ ወጥ የሆነ,0
በተጨማሪም,0
ቁም ነገር,1
ትኩስ ነገር,0
ቀልቡ ወደደው,1
ተልባ መታ,1
ውሸቱን ሸመጠጠው,1
ተቋረጠ,1
ልጁ ምሳውን እየበላ,0
ገንዘቡን የሚሰጧቸው ይመስላችኋል,0
የምትሳሱላቸውን ሰዎች,0
ነገር አረገዘ,1
እንዳይሰሩ ምክንያት ይሆናል,0
አይመስሉ መስሎ,1
አባቃ አብቃቃ,1
አስረጂ አንቀፅ መፃፍ,0
በጦር ማገረበት,1
ተናገር ልናገር,0
ለዘር በቃ,1
በመሆን ውይይት,0
አለሟን ቀነጠሰች,1
አለሟን ቀነጠሰች,1
በሀብት የበሰበሰ,1
በኢኮኖሚ ባደጉት አገሮች,0
ሙሉ ልጃገረድ,1
ቀባ,1
ርእሰ መምህር,0
እስክስታ ወረደ,0
ጠፍቶባቸዉ ይሸበሩ,0
ራስሱ ዞረ,1
ክብረ ነገስት,0
ቁልፍ ሰው,1
እሳት ወይም ውሀ,0
መንፈሳዊ ከፍታ,0
በራሱ የሚያጋራን,0
ሰነፍ እርቅ,1
የመምህሩ ሚና የሚሆነው,0
የሚላስ የሚቀመስ,1
ዳታቤዝ ትምህርት,0
ማህሌት ቆመ,1
ሙሬ አፍ,1
ለቃላት አገባባዊ ፍቺ መስጠት,0
ለስራ አገልግሎት ላይ,0
መሸጦ,1
የጋራ ባህሪ ይዘው በመገኘታቸው,0
አጥሩ አረገዘ,1
ገፎኝ ሄደ,0
አንድ ባህላዊ ሀኪም እውቀቱ,0
እንደ ተፈጥሮየ,0
በተጨማሪ,0
ይሸናል,1
መስቀለኛ ጥያቄ,1
ልበ ጥኑ,1
በጥፊ ቀለጠ,1
በል በል አለኝ,1
ተራ ነገር,0
ስልጡን እጅ,1
ረጅም ሰው በረዳትነት በማቆም,0
ሞቅ ሞቅ አለ,1
ቁርበት መጣል,1
ደምወዝ ቆረጠ,1
አንበጣ መታው,1
ሴቶች ደግሞ በአካባቢው በመገኘት,0
ቀን ወጣለት,1
ቁርጥ,1
መርዘኛ,0
ስማቸዉን ሲረሱባቸዉ,0
ውሸቱን ላፈው,1
ተቃለለ,1
የአከራካሪ አንቀፅ አላማ,0
አሳሩን ቆጠረ,1
ያለ የተባረከ ልጅ መሰሎት,0
ዋና ውናውን,0
ልበ ድፍን,1
ቃል ገባ,1
ንግግሩን አላረካውም,1
አመንዝራ,0
አደጋ ስጋት,0
ሰማይ ዳሴ,1
ረጋ ስራሽ,1
ጎጃም ውስጥ,0
ቋሚ ንብረት,1
ዋጋ ቆለለ,1
ቀትረ ቀላል,1
ሰንኮፉ አልወጣም,1
የሚከተሉት,0
ልብ አውልቅ,1
ልበ ድንጉጥ,1
መጠቆም ማመልከት,0
እድሜው ሞላ,1
የሽና,1
ሾላካ,1
ለራስ ያሉት,1
ቀጥሎም የቃላት ጥያቄዎችን,0
መሆን ግድ የሚሆንበት ጊዜ አለ,0
የጉም ሽንት,1
ሽል ያለ,1
በቃ በለው,1
ህገመንግስታዊ መብቱ ውጪ,0
ያ ሰው,0
መነሻ,1
ጉዳዩን አታርቀው,1
ወዳጄ የአባቴን ስራ,0
ቂጡን አሳየ,1
ይበላል,1
ረሀብ ቆነደደው,1
ቀዝቃዛ ድምፅ,0
መጠየቅ መፈለግ,0
ባይተዋር ተደርገው አልነበረም,0
ቅደም ተከተል,1
የኮፒራይትና የስእል ባለቤትነት,0
አፄ ቴዎድሮስ,0
ሱሪ አለበስኩም,1
ቆሌያም,1
ዝናብ ቀጠቀጠው,1
አስማተኛ,0
ነገር ሻጠብኝ,1
ራሱን ሳመ,1
በብዛትም,0
የቤት ስራ ይስጧቸው,0
እንደ አፍመፍቻ ቋንቋ ትምህርት,0
ቃልም ምእላድም,0
አላዋቂ ሳሚ,1
ውሽቱን ቀደደው,1
ቀጭን እመቤት,1
መመዘን እንዳለባቸው,0
እረፍት መውሰድ,0
ለጋ ጎበዝ,1
መከራ አሳየ,1
ታላቁ ጥቁር,0
ልቤን ማረከችው,1
ቁጥብ ቁጥብ,1
ትከሻ ወረደው,1
አገልግሎት እየሰጠ ይገኛል,0
ውስጥ ሆቴሎች,0
የሀብረ ባህላዊነት ቁልፍ እሳቤ,0
ሾለከ,1
መዝገቡ እንቅልፍ,0
የሚሰደዱትን ለማሰልጠን,0
ነገሩ ረቀቀ,1
ማህሌት ቆመ,1
የህልም ሩጫ,1
እንደሚስማሙት የአማርኛ ቋንቋ,0
የአየር ጠባይ,0
ረጨ,1
ረጨ,1
ብቁ ዜጋ,0
ቅፅበታዊ ድርጊት,0
ልሳነ እሳት,1
ለጋ ጨረቃ,1
ለነገር ተሰለፈ,1
አምስት አመት,0
በጎ,1
ፆታዊ ፍቅር,0
ደራሲው በቋንቋ አጠቃቀሙ,0
ትንሽ ጊዜ,0
ይሁን እንጂ,0
ማተብ በጣሽ,1
ቀፈቀፈ,1
የተተፋ,1
ዛር ተነሳ,0
ልቡ ቆመ,1
ሰውየው ትክክል አይደለም,0
ብረት ሰራ,1
ትንሽ ልጅ,0
ፀጋ ለበሰ,1
ያጠረውን ፅሁፍ ትክክለኛነት,0
ዋስ ሁነኝ,1
ፈሰሰ,0
በአማርኛ በርካታ የስነፅሁፍ ስራዎች,0
በሬ,1
አመሳከረ,1
መዝጊያ ቆረቆረ,1
ልቡ ተረጋጋ,1
ልቡ ተሸበረ,1
ውድነሽ በጣሙ,0
ርካሽ,1
በልብ አዋለው,1
ተቃመሰ,1
ሰርግና ምላሽ,1
አይሞላለት,1
የቁም ከብት,1
ከልቡ ተነጋረ,1
ሆደ ባህር,1
ዜና መጣ,0
ዳኛው ሰማ,1
ልቡ ተነሳ,1
ከቆፋሪዎቹም ኦፓል በመግዛት,0
ሰንጣቃ እንጨት,1
ሚሊዮን ያህል ተናጋሪዎች,0
ለተማሪዎች ስራ እርማት ያድርጉ,0
አወዳደቅህ መጥፎ ስለነበር,0
ርጥብ ቁርበት,1
ቆዳው ሞኝ,1
ሰልፍ ዉጣ,1
የሚደረግ ክንውን ተብሎም ሊገለፅ ይችላል,0
ድህነት ሰለጠነ,1
የራስ ፀጉር,0
የራስ ገምት,0
አለሟን ቀነጠሰች,1
የበለፀገ አገር መነፅር,0
ቋቅ አለው,1
ምጋቤ ምላሽም ይስጧቸው,0
ስልክ መታ,1
የኤርትራ የደቡብ ሱዳንና የሶማሊያ,0
የዘይቤ አይነቶችን,0
ስርቅ ስርቅ አለው,1
ቀጣዩ የምንባብ ክፍል,0
ሳይሆን የምንገነዘበዉ,0
ውስጥ ይገባ,0
ጠምንጃው ተራገጠ,1
በገዛ እጁ ሞተ,0
የከፋ ገፅታ የላትም,0
እ ኤ አ በ አመተ ምህረት,0
የቤት ሰራተኛ,0
ቤት መታ,1
ስንዝር መሬት,1
ውጭ ማማተራቸውን አያቆሙም,0
የሆነዉ ይሆናል,0
በቂ ገለፃ ያድርጉላቸው,0
መምሰል አንድ አይነት መሆን,0
አንቀፅ ፅፈው እንዲመጡ,0
በደቡብ ካሊፎርኒያ መምህር ጀመሩ,0
ተማሪዎች ሀሳቡን በደንብ ካልተረዱት,0
ሴተ ቋንቋ,1
አረጋዊ ዮሴፍ,0
በአጠቃላይ የአማርኛ ፊደል ገበታ,0
የማዳመጥ ክንውኑን ከማድረግዎ በፊት,0
በትእዛዝ አንድ ሁለት የቀረቡትን,0
ቂጡ ቄጤማ ቆረጠ,1
ልጦ ጎርዶ አወጣ,1
ከነመረቁ አቃመው,1
ቢል ያለች እንጀራ,1
ሰነፍ ቆሎ,1
ኋላ ኋላ አለ,1
ተባራሪ ወሬ,1
ሶስት ሰበር,1
ሙሉ አካል,1
የስጋ ከብት,1
በምጥ ማርያም አለ,1
የበሰለ ቅቤ,1
ዉስጣዊ ስሜቴን,0
ሆዱ ቃረ,1
ቆሌው ተገፏል,1
ነገር ቀረቀረብኝ,1
የማያሳየው ደግሞ ተራ ኦፓል ይባላል,0
እድሜው ቀጠለ,1
አስፈላጊ ነዉ,0
የትውልድ ዘመናቸውን የሚያስታውሱት,0
ቸር ተመኝ,0
ቃር አያውቅሽ,1
የሚከተሉት ይጠቀሳሉ,0
ስደተኞችን ተቀብሎ በማስተናገድ,0
ቅኝ ግዛት,1
በቦታው ተገኝተን,0
ያየዉ ጀመር,0
አንጀቱን ቆረጠው,1
ቁም ነገር,0
ለይስሙላ,1
ቁም ስቅል አሳዬ,1
ባታላጋኝ,1
ባላጋራ,1
በእንባ ተራጨ,1
ወሬ አቃዳ,1
ቀረቀበ,1
የመፅሀፉን ገፅ እንደገለጠ,0
ሰው በመሰል ይሞታል,1
ግድግዳው ሰምበሌጥ,0
ሁሉ አማርኛን የቤተ መንግስታቸው,0
እንዲቻል በማድረግ,0
የእርስ በርስ ግጭት,0
እንዲሰሩ ያድርጉ,0
ልበ ሰፊ,1
ረሀብ ቆነደደው,1
በበዛበት ከዚያ,0
ረሀቡ በረደ,1
አቋቁሚኝ,1
የልብ ሰንኮፍ,1
መጠየቅ መፈለግ,0
ቆንጣጭ,1
ልቡ ተርፏ አለ,1
በማይሰራበት ትርጉም,0
በዱላ ቀጠቀጠው,1
ቅሌን ጨርቄን አለ,1
ህገመንግስታዊ መብቱ,0
ቆረጠኝና,1
ምላስህን ሰብስብ,1
ለመጥቅም መጠነ ሰፊ,0
ይህ,0
እጁን ቀሰረብኝ,1
አመሳከረ,1
ቤት የመለሰው,1
የቋንቋ መምህራን,0
መረጃ ለማግኘት ወይም ለማረጋገጥ,0
ሁሉ አማረሽ,1
በቃኝ በቃኝ,1
ርሀብ ሞረደው,1
ሰጥ ለጥ ብሎ ተገዛ,1
ይቅርታ ጠየቀ,1
ተፈጥሯዊ ስጦታ,0
ዋጋ ሰቀለ,1
መላ መታ,1
ስንት አየሁ,0
ቅንጫቢ ቃላዊ ግጥሞች እንመልከት,0
ለወዳጅዋ ያላት,0
ከሁሉም በላይ በይበልጥ,0
ስርአቱን የሚገለፅበት,0
ቂም ያዘ,0
አንድ ራሱን,1
ልቡን ሸነጠው,1
ለሁለት ከፍሎ ማየት ይቻላል,0
ደንደሳም,0
ዘር መምህር,1
ጤናማ ግንኙነት,0
ልቡ አረፈ,1
ትክክል ማሰብ አቃተው,0
ማየል መጠንከር,0
እንደየነገሩ,0
እጁን ቀሰረብኝ,1
ተወላጅ,0
ቀንዱን ተመታ,1
ሻ ብትን,1
ራሰ ዘናና,1
የሴት መዶለቻ,0
የመጀመሪያው ወሰነ,0
ወደኢትዮጵያ የመጡ ግሪኮችና ጣሊያኖች,0
ሺጊዜ ቢከር የማይበጠስ,0
በመገናኛ ብዙሀን,0
በዋለ ቀረ,1
ደም ተቃባ,1
መድሀኒቱ ረከሰ,1
ከጥቂት አመታት በፊት,0
አሻንጉሊት ተቋማት,0
በመተንተን የሚፃፍ አንቀፅ,0
አምላክን ወለደች,0
ክፉ አይንካህ,0
ረጠበ,1
እንቅልፍ እድሜ,0
ረገፈ,1
መለዮ ኮፍያ,0
ባዶ ባዶ,1
መሮ ጥርስ,1
ብዝሀነት ዴሞክራሲን,0
መግል ሰራ,1
ስድ,1
ቀንደኛ,1
ጥቁር ገበያ,0
ልቡ ወላወለ,1
ችግር አይቼ,0
ልዩ ስሜት የተሰማኝ,0
በሀሳብ ሰጠመ,1
ሳት አድረገ,1
ይሯሯጣል,1
ሀሳቡ ተበታተነ,1
ሰውነቱን ሸመቀቀው,1
መንፈስ ቅዱስ,0
እኔ ግብር ስለከፈልኩ,0
በውነቱ ደግ አይደለም,0
የመጨረሻ ትእግስት,0
አያላውስም,1
እነዚህ ሁሉ የቃላዊ ግጥም አይነቶች,0
እቀልቤ ገባ,1
አጋዥ መፃህፍት,0
ቆጠረበት,1
ፊታውራሪ መሸሻ ከባላገሮች ጋራ,0
የዘመኑን ግብር ወዲያውኑ ያስገባል,0
ስሜትን በሚማርኩ ገለፃዎች,0
ቤት አዛዥ,1
ብታደራልኝ አማግሁልህ,1
መራውን ወጣ,1
ተወደደ,0
ሙሉ እዉቅና,0
በልክ,1
በሰራው ታዋቂ,0
በመቶ ሺህ የሚቆጠሩ ህንዳዊያን,0
ባዶ እጁን ተባረረ,0
በአጋጣሚ የሚፈጠር ስለሆነ,0
የቂል በትር,1
ወተቱ ሸፈተ,1
የትምህርት ዘመን,0
ምሳሌው ለስራችን መተባበር አለብን,0
ውይ ነገሩ ያስገርማል,0
እመቤት አልነበረችም,0
ሲጥ አደረገው,1
ቡራ ከረዩ አለ,1
ምግብ በልተሸል,0
አነዚህን ሶማሌያዊያን ወዳጅ ከማድረግ,0
ርስት ተከለ,1
ሌላውን ትተን,0
አዲስ አበባ ደርሳም,0
ልብ አጣ,1
በሀዘን ሰጠመ,1
ካሳ ሰራ,1
ጨዋታው ሞቀ,1
መልስ ያለ,1
የፊት ገለፃ ወዘተ,0
ልበ ሙት,1
ቆራጥ አመምህር,0
አፈገፈገ,0
እስካሁንም በተለይ ከከተሞች ርቀው በሚኖሩ,0
ልቡ ሸፈተ,1
ልቡን ሰለበው,1
ተፈጥሮ ህልቆ መሳፍርቷን የምታቻችልበት,0
መዝጊያ ቆረቆረ,1
በአይነታቸው መለየት,0
ቅርጥ የለሽ,1
አገር ላለመመለስ ያስወሰናቸውን,0
ለሱ አሻሮ እንድቆላ ፈረድሽብኝ,0
የህዝብ እሴቶች,0
አይነ ሰባራ,1
ለመሆኑ ገንዘብስ እየላከ,0
የቆመ,1
ራሱን አወጣ,1
ልቡ ተቃጠለ,1
አስገዳጅ ያልሆነ ጋሻው ላሚቱን ይጠብቅ,0
ተካይ ነቃይ,1
ልቡ ታወከ,1
የግራ ጎን,0
የትውልድ ቦታ,0
የዘርፉ ባለሙያዎች ይስማማሉ,0
በተማሪዎች እድሜ,0
የቋንቋ ምንነት ራሱ ቋንቋ,0
ልበ ደንዳና,1
ፍጥጥ አድርጎ,0
መስጠታቸውን ማረጋገጥ,0
ሰው ለየ,1
ፈሱን ቆረጠ,1
ሙክቱ ቀለጠ,1
እያሰቡ መራብ,0
ብሄራዊ ቋንቋ የነበረ,0
ደም ተቃባ,1
አራሳት,1
በብድር በርዳታ ጥገኛ ስለሚሆን,0
መመረቂያ ፅሁፍ,0
ለምን ማስተማር እንዳለባቸው,0
ከዚያም በላይ በተጨማሪ,0
ተቃበጠ,1
የአማርኛ ቋንቋ ተግዳሮቶች,0
ሳብ ረገብ,1
ተራ ንግግር,1
ጭራ ቀረሽ,1
ራሱን ቀበረ,1
ተቆርጦ የምትወደዉን,0
ንግግሩን አላረካውም,1
ንሽ,1
ሰረገላ ቁልፍ,1
በቃ በለው,1
ሰዎች እሱን በማየት እንዲነሳሱ,0
ነገር ለደፈብኝ,1
በወገን በወገኑ,0
እንደኒሻን የተደረደሩትን,0
ትእዛዝ በሶስተኛ ወገን,0
ጥሩ የቃላት ምርጫ,0
የወዲያ ስራ,1
ስራት ለበሰ,1
ስርቆሽ በር,1
ፈቃደ ዝጋ,0
ቅስሙ ተሰበረ,1
አውራ ምስክር,1
ቁም ስቅል,1
የትውልድ ዘመነ,0
የድሀረማዳመጥ ጥያቄዎቹ መልሶች,0
ብርቱካን ልቁረጥልህ,0
በጎደለ ሞላ,1
ህሊናውን ሳተ,1
መነሻ መልሶች ከዚህ ቀጥሎ ተሰጥተዋል,0
ትኩሳታም,1
እጅ ማሟሻ,1
አንጀቱ ቆረጠ,1
ጥናታዊ ፁሁፍ,0
መዝገብ ላይ ውስጥ ተከለ,1
ቅንድብ መሸለል,1
ተወደደ,0
ርባ ስባ,1
አይከሰኝም ይላሉ,0
መከራውን በላ,1
አትተባበር,0
በመባል ከሚታወቁ,0
ሰንፏል,0
የቤት ጉድ,1
ያልሰማ ጆሮ,1
አገባባዊ ፍቺ በመጠየቅ ማረጋገጥ,0
ከተራ ግሳዊ ሀረግ,0
ገደደኝ,1
ለቅድመ ዝግጅት,0
ጥቅም በሚያስገኙለት,0
ሰማይ ሰማይ አትይ,1
ግራ ተጋባ,0
ልብ ወረደው,1
ቀን,1
አንጀቴ ቁልፍ አለ,1
ትዳሩ ሞላ,1
ነገር ሸረበ,1
አረፍተነገሮች መመስረታቸውን ማረጋገጥ,0
ቤቴ የሚል,0
ተለሳለሰ,1
በማይታይ ፍቅር,0
የእንጨት ምንቸት,1
ለምሳሌ የሚከተሉትን,0
ትከሻ ሰጠ,1
መሬት አሟሸ,1
ከደረደራቸው መፃህፍት መካከል,0
ከዚህ ቀጥሎ ቀርቦልዎታል,0
አጥብቆ ራበው,0
አጫውቶናል,0
አማርኛ ልሳነፅሁፍ መሆን የጀመረው,0
ከማን አንሼ,1
ህይወት የለሽ,0
ከተቻለ,0
ሎሚ በየተራ,1
ሆድ ቢብሰን,0
ደብረ ወርቅ,0
ቡዳ በላው,1
ጣመ ቢስ,0
ተረከከው,1
ቀኔ,1
ለተሰሩ ስራዎች እውቅና ለመስጠት,0
አፉን ተመተመ,1
ቀንተዉ ነዉ,0
ብዝሀዊነት ይገለፃል,0
ቀልቡን አሳጣሁት,1
ተመሳስሎው ወይም ወጥነቱ,0
ቃለ ምልልስ,0
ሞቴን ሞት ወሰደው,1
ለተማሪዎች ርእሱን ያስተዋውቋቸው,0
ቅጭታም,1
ጭቃው መጠጠ,1
አፍፉን ለቀቀ,1
ቶሎ በሉ,0
የሰው ሚስት አማገጠ,1
ትቶህ ይሂድ,1
የፈገው ሆነለት,0
ደም ግባቱ ረገፈ,1
ቆስቁሶ ቆስቁሶ,1
የማስተማር ዘዴዎችን,0
አለ,1
ቁርበተ ነክ,1
ረጋ ስራሽ,1
በረከት አጣ,1
ከትውልድ ትውልድ እየተላለፈ የመጣ,0
የተፈጥሮ ሀብት,0
ብን ያርግህ,1
የኢትዮጵያ ትንሳኤ,0
ባዶ ቤት,1
በፅብረቃ ግምገማ ማረጋገጥ,0
ላይ መመስረታቸው,0
የለበጣ አነጋገር,1
በጥይት ቆጠረበት,1
ቅኔ ነጋሪ,1
ስልጡን እጅ,1
የጤናና ማሀበራዊ መገልገያዎች,0
የቃል ትዉፊቶች,0
ዘመዱን ሸኘ,1
አጥንተው እንዲመጡ ይንገሯቸው,0
ቢረግጥ ይገል,1
ሹልክ አለ,0
እቅጩን ተናገረ,1
ሱስና አደንዛዥ እፅ,0
ብልት አወጣ,1
ችግር መፍጠር ማስቀየም,0
ይጠጣሉ ይጨፍራሉ,0
በሞተ ከዳ,1
የባህል ቤቶች,0
ባዶ አፍ,1
ከዚህ ቀጥሎ ተሰጥተዋል,0
ተሆነ ተሆነ,1
የረፍት ጊዜዬ ተቃጠለ,1
ፈሱን ቀደደ,1
እኩል ትኩረት ለመስጠት ተሞክሯል,0
ፊት በላሁ,1
ርጥባን,1
በአይኑ ከእግዚአብሄር እስከ ራሷ ዳበሳት,0
አሁንም አሁንም ይገላበጣል,0
የተለዬ አይመለስም,0
የቤት ስራ,1
ዲማ ውስጥ ፊታውራሪ መሸሻ,0
ወዶ አይደለም,0
ሽንት,1
ቢያንስ ራሳቸውን ችለው,0
በዛብህ ተነሳ,0
በራሳቸው አባባል ይገልፃሉ,0
ፍርድ ቤት,0
ቀጥቃጣ,1
እንዲያነቡ ይምከሯቸው,0
ስሙን መነዘረው,1
ምስጋና ይግባው,1
በቴፕ ወይም በመቅረፀ ድምፅ በመቅረፅ,0
ዛለ,0
አይነ ሌባ,1
ለሚሰጧቸው ተጨማሪ ማብራሪያዎች,0
ስርራ ፈታ,1
ቀን በቀን,1
ሰፊ የመንሸራሸሪያ እድል,0
አንተ አትስቅበትም,0
ከሸንበቆ ከቀርቀሀ ከሀረግ የሚሰራ,0
ስም እንዳለው,1
አንዴ ማንበብ ከጀመሩ,0
እንግዳ ተቀባይ ይባላል,0
አበቃቀሉ,1
በመድረክ ስራቸው የሚታወጣትን,0
የትስስር ገፆች,0
አቀላወጠ,1
የቅኔ መምህር ሆኖ ይቀጠራል,0
አውራ ምስክር,1
ልበ ጎረምሳ,1
ዝርዝር ጉዳዮች መያዛቸውን,0
ልብስ የምታጥብልኝ,0
ስህተቶች የተሞላበት ሆኖ ቀርቷል,0
ቀባ,1
መንግስታዊ ተቋማት ይገኙበታል,0
አደይ አበባ,0
ዝርፊያ ይነግሳል,0
አፍ መፍቻ,0
ቅልል ያለ,1
መቼም መቸ,1
ሰውነቴ በሰለ,1
የአካባቢው ነዋሪዎች መካከል,0
አመለከተ,1
በምልከታ ማረጋገጥ,0
መላ መታ,1
አብሮ የመምህር ፍልስፍናዎች,0
ስርቅ ያለ,1
ትግስትን ከተሞሉ,0
አስቸገረ,0
መከራ አተረፈ,0
የኢትዮጵያ ታሪክ,0
የጤና ችግር,0
ቋንቋ በሚል ርእሰጉዳይ ምንባብ ቀርቧል,0
ተወኝ,1
ቀስቱን ለጠጠ,1
በሉ እስቲ እናዳምጣችሁ,0
ዘመዱ ሞተበት,0
የሞያ መስኮች አስተዋፅኦ አበርክተዋል,0
በኢትዮጵያ የመጀመሪያው ጋዜጣ,0
ፀጥታ ያለበትና ያልተቋረጠ ንባብ,0
ሰውነቱ ተረታ,1
ፈለገ,0
ደስተኛ ነች,0
ሳምልኝ,1
እራስን መቻል,0
ዝም አለማለቴ,0
የቤት ኪራይ,0
ሮኬት ሳይንስ,0
መኸሩ ሳተ,1
ራሱን አወጣ,1
አርብቶአደር,0
ቅንብቻ ሆድ,1
የጎድን በር,1
ለፌደራሉ መንግስት,0
ያገር እዳ,0
እነዚህን ጠቃሚ ሀብቶቻችንን,0
አልሚና ለሚ,1
ስማ በለው,1
ዘሎ አበደ,0
መሰናዘሪያ ቦታ,1
የምታምር አንዲር,0
ሬት,0
ክሊኒክ ስትመጣ,0
አሳቡን ሚያከብሩለት,0
ርባነ ቢስ,1
በለውጡ ለክፍያው ተመጣጣኝ,0
ገበያው ይደራል,0
አጠበ,0
ያልተወኝ እግዚአብሄር,0
ልቡ ቀረ,1
ካገር በነነ,1
ወይም የብዝሀነት,0
ሸተት አለ,1
ሳር ቅጠሉ ሁሉ,1
ስነ ሰእል,0
ለመላቀቅ ደግሞ,0
ሳል ተከለበት,1
እራስን መግዛት,0
መላ መታ,1
በዲቪዲ መልክ አዘጋጅቶ ሸጧል,0
በሰዎች አካል አእምሮና ስነልቡና,0
ነገር ቋጠረ,1
የሽ ጥላ,0
ሰይጣኔ መጣ,1
አንጀቱ ተበጠሰ,1
ቦታ ማብቃቃት,1
የምንባቡን አጠቃላይ ሀሳብ,0
ሰማይ ዳሴ,1
ቤት መለስ,1
ቀብሮ አቆየ,1
የቀለም ጨዋታዎች,0
የቀረበውን ሰንጠረዥ ተመልክተው,0
መምህር አልሰጠም,1
ተፋበት,1
ቀጥሎ ከነበረው እየተሻሻለ,0
ቀን ጎደለበት,1
ስጋዬ,1
የነገር ርክፍካፎ,1
ቁብ የለሽ,1
ተበላሸ,0
ተቃቃረ,1
የማዳመጥ ጊዜ ጥያቄዎች,0
ጠረፍ አካባቢ ወዳሉ የስደተኛ ጣቢያዎች,0
ምርጥ ዘር,0
ከሀገር ላይ ስላወጣው ገንዘብ,0
ዘይቤዎችን ለይቶ ማመልከት,0
የቋጠረው የማይፈታ,1
ቅጠ መልካም,1
መሆኑን እወድለታለሁ,0
የአንድነትም የብዝሀነት,0
ልቡን ነካው,1
የስራ ወጣት,0
ልበ ጥልቅ,1
ጠብ በቀለ,1
እግረ ርጥብ,1
ውስጥ ቃላዊ ግጥሞችን,0
ቁስሉን ነካው,1
ተሸከመ,1
ተስፋ አስቆራጭ,0
ጥጋቡ በረደ,1
ደከመ,0
ምርግ,1
ህክምና አካልና አእምሮን,0
መገዘዝ ፊት,1
ከበግ አይሻልም,1
ሌሎች የግብሩን አስተዳደር,0
በዱላ አቦነነው,1
መግዛት ከፈጣሪ,0
ተው ባይ,1
መፅሄቶች ጋዜጦች,0
አስመሰከረ,1
ይቅር ለግዜር,1
የሰይጣን ነገር,1
ቁርበት,1
ልታለቅስ ይገባታል,0
ግብረ ገብነት,0
ቤት ሰረሰረ,1
በመጨረሻም ተማሪዎች,0
መሆኑን እወድለታለሁ,0
ባህር ዳር,0
በትምህርት ከሶስተኛ አገሮች,0
ከቦታ ቦታ በመዘዋወር,0
ያመራምራሉ እርካታም ይፈጥራሉ,0
በሀሳብ ባከነ,1
ጥያቄዎች በማስታወሻው ላይ,0
ጠባብ ክፍል,0
ግዴለም,1
ኢትዮጵያዊያን ዛሬም,0
የተከሰሰን ለማቅረብ ውል ገባ,0
ሰብለ ጠፍታ ታመልጣለች,0
ድብልቅና ድርብ ድብልቅ አረፍተነገሮችን,0
ቂም መቅረፊያ,1
አቀለጠ,1
በደረጃው የሚጠበቁትን,0
ሰእተቱን አራት ኪሎ,0
አንጀቱ ተቃጠለ,1
ካርኔ ቆራጭ,1
የተመረጠና ቁጥብ ስለሆነ,0
ተራ ወታደር,1
የረፍት ጊዜዬ ተቃጠለ,1
መስቀል መተኮሻ,1
ላይ የተመሰረተ መሆን አለበት,0
በራብ አለንጋ ተገረፈ,1
ልብ ነሳ,1
የወር ቀለብ,0
አይኑ ተሸነፈ,1
ኤልሳቤጥ ቤት እንደሰራች ያውቃል,0
ልቡ ሳሳ,1
ባጣ ቆዬኝ,1
የፖለቲካና የኢኮኖሚ ሁኔታ ላይ የተመሰረተ,0
እራስን መሆን,0
የበግ ለምድ የለበሰ,1
ፋይዳ የሌሽ,0
ከፍ ብልሽ,0
አለቃና ምንዝር,1
የእርስ በርስ ግጭት ከተቀሰቀሰ በኋላ,0
አልሚና ለሚ,1
ክፍል አንድ,0
በበጋ ወጣት,0
ስመኛ,1
በተመለከተ የተግባር አቅጣጫ ይስጧቸው,0
ልብ አቁስል,1
የማይታሰብ ነዉ,0
መኝታ ቤት,0
የሰዉን ችሎታ,0
በአንፃሩ በረዥም ልቦለድ ውስጥ,0
ልብ ቀረው,1
ባዶ እጅ,0
ራሳቸውን ንፁህና የአገር ቤዛ,0
በተለያየ አጋጣሚ,0
እንዲህ ሲባል,0
የሰው ሰው,1
ቁርጥ ስጋ,1
ቤት የእግዜር,1
ጠንካራ ጎን,0
ልብ አጣ,1
ቀትር ቀትር,1
ስንኳን,1
ስራ ሰሪውን,1
መልካም ባል,0
ውድ መምህር,0
ጀምሮ መደረግ ያለባቸው,0
መዋእለ ንዋይ,0
መካነ አእምሮ,0
ቀላድ ጣለ,1
የማዳመጥ ጊዜ ጥያቄዎች,0
ስሙን ተከለ,1
ቀልብ ገዛ,1
ራሱን ሰወረ,1
በረዶ መታው,1
ስብስብ,1
በአከራካሪ አንቀፅ,0
ስራህ ብዙ,1
ድህነት ሰለጠነ,1
ቸበቸበው,1
ልቡና ይስጥህ,1
ለጋ ደመና,1
አጭር ማስታወሻ,0
ትምህርት ክፍል,0
ቀረቦ,1
ውጪ ባይወጣ,0
በተማሪ መፅሀፍ,0
በተ በረከት,1
ሶማሌ,0
የተወሳሰበ ፈተና ሆኗል,0
በግጥም ውሰጥ,0
እንደ ቢጤው መምህር,1
ቀንበር ጫነ,1
በዱላ አላሻቀው,1
የእፅዋት ቀንበጥ ቅጠል ቅርፊት,0
በዱላ አለፋው,1
ትምህርቱን ቀጠለ,1
ቤት ሞላ,1
ቃር አያውቅሽ,1
ማን ይበሳጭ,0
መስራችና ባለቤት,0
የዘመናት ጥበብ,0
በተማሪ መፅሀፍ ውስጥ,0
ሰውንቴ ተሟገተብኝ,1
እስኪነስረው ነገረው,1
ሰነፍ መረቅ,1
በህልሙ እሚያቅፍ,0
አስተማማኝ ገቢ ከሌለው,0
የሌሊቱን ሸክም የሚያስረሳ,0
ቦጨቀ,1
ከሀ እስከ ፐ,1
ቅኝ አገር,1
ሰቀላ ቤት,1
ቀጭ መታው,1
ባጭር ተቀጠፈ,1
ቀልብ ገዛ,1
ደም ያረገዘ ጣት,1
ጉዳይ እንደሚሰራ,0
የቅድመንባብ ጥያቄዎችን በጋራ ስሩ,0
በረገድ በረገዱ,1
ስርቆሽ በር,1
ሰርቶ አፍራሽ,1
የቃል ፅህፈት,1
መደበኛ ሀረግ በመባልም ይታወቃል,0
ስንት ዘመን,0
ጓደኝነት ጀመሩ,0
ያ የቁራ መልክተኛ በዛው ቀረ,1
የፃፉትን አንቀፅ,0
ለመጀመሪያ ጊዜ,0
የፈጠራ ባለሙያ,0
ከሴማዊ ቋንቋዎች ቤተሰብ,0
ወደዘመናዊ,0
ምኑ ቅጡ,1
እድሜው ሞላ,1
ደግሞ ሰው የሚፈልገውን,0
ሰፊ አገልግሎት ሲሰጥ ቆይቷል,0
ለተሰያሚዎች የተሰጡት በአጋጣሚ,0
ራሱን ጣለ,1
መቃብር ወረደች,0
አይኑን ጨፈነ,0
በሰብእናቸው አንድ ወጥና ፍፁም አይደሉም,0
ሸኘው,1
ለተማሪዎቹ ስራም እርማት ይስጡ,0
እርግፍ እርግፍ አለች,1
የጤና ጣቢያ,0
ብዙ ህልሞችን,0
መሰራታቸው,0
አኩርፈህ ነዉ,0
ቤት በመለስ,1
የውሎ አበል,1
አድርገው በመቁጠር,0
የነገር ብልት ያውቃል,1
የስነፅሁፍ ቋንቋ በመሆን ወዘተ,0
የሰሩትን እንዲናገሩ,0
ችክ ምንችክ አለ,1
ሀገር ኢትዮጵያ,0
ሳምልኝ,1
የሚጦረኝን የሚረዳኝን,0
ሲሮጥ ያሰሩት,1
እሰጥ አገባ,1
ገንዘቤን ላፈኝ,1
ጥቁር ሰሌዳ,0
አማርኛን እንደሌሎች,0
ምልከታው በውስጡ ያደፈጠውን,0
የተለያዩ አረፍተነገሮችን እንጠቀማለን,0
ሆኖ መወለድ,0
የእግዜር ቁጣ,0
አንደበቱ የተለቀመ,1
ጉዞ ሄደ,0
አስመለከተህና,1
ጉልበት ብዝበዛ,0
ፅሁፍ ርእስ,0
የተጫነው ሸክም,0
ተላቀሰ,0
በቀኝ ጎን ተነሳ,1
ሰርግና ምላሽ,1
በገ ሰማይ,1
ይመስል,0
ድርና ማግ,0
ህዝቡ በሀገር ሽማግሌዎች የሚዳኝበት,0
ነፃ ገብያ,0
እየተሰበሰበ ተመዝግቦ,0
መነሻ መልሶች ከዚህ ቀጥሎ ተሰጥተዋል,0
ባለሱሪ,1
ብራ ቀን,1
በተጨማሪም አመለካከት ከፍታ,0
ሰይጣን ይዞታል,1
ጣና ሀይቅ,0
ቤት በመለስ,1
ቆመልኝ,1
መጨረሻ,0
ልቡን ሰለበችው,1
ምኝታቸዉ ሄዱ,0
ልበ ደፋር,1
የሰፊ ንባብ መርሀግብር,0
የሚስማሙ,0
ህቅ አለ,1
መነሻ በማድረግ,0
ነገረኛ ሰዉ,0
ብር ነቀል,1
በፅሁፍ ለሚመለሱ ጥያቄዎች,0
በዱላ ቀጠቀጠው,1
ከጠጣር ማእድናት መካከል,0
አባቱ ከሞት አዳነው,0
ቆፍጠን በል,0
ብቅል ረገጠ,1
ክፍል በተማሪዎች መፅሀፍ,0
ቅዱስ ገብርኤል,0
የቀረበውን ተግባር ለማሰራት,0
ቃሉን አጠፈ,1
ሱሰኝነትን ማቆም እንዳልቻሉ,0
ብዝሀዊነትን ተገንዝቦ,0
መሆኔን እወቁ,0
አውድማ በረበረ,1
ለቀረቡት የመልመጃ ጥያቄዎች,0
ቂም በቀል,1
አራሳት,1
የዘር ፍሬ,0
ሰነፍ እርቅ,1
አትቆስቁሰኝ,1
አፈ ቅቤ,1
ስለሆነም አመዛዛኝ አንቀፅ,0
ሸክሜ ወረደልኝ,1
ብር ሸሸ,1
ደጀ ብርሀን,1
እንግዲያስ ለራት,0
አጥንተው እንዲመጡ ያድርጉ,0
ገንዘቡን አቃጠለ,1
ቁስሉ ተቆጥቷል,1
ፊቱን ቋጠረ,1
ቢጤ ከቢጤው,1
ጉድጓድ ማሰለት,1
ጥሩ ሽታ ሽታው ጥፍጥ ያለ መአዛ,0
ውሸቱን ቀረደደው,1
ቃል በቃል,1
በዱላ ቀለጠ,1
መዝገበቃላት,0
ከሚል መንፈስ የመጣ ሊሆን ይችላል,0
ስበትን ረገጠ,1
እድሜው ተሰናከለ,1
ደማቅ ታሪካችን,0
ልብሱን ለወጠ,1
በዘር የሚተላለፍ ነገር,0
ወደቀጣዩ ምእራፍ ከመሸጋገርዎ በፊት,0
በኩራት ተበጣጠሰ,1
ግብር ከፋይ,0
ልቡ ባከነ,1
ኑሮ በዘዴ,0
ደብረ ማርቆስ በመምጣት,0
አፉን አቆመ,1
ራሱን ሳመ,1
ለራሱ ገርሞታል,0
ራሰ ዘናና,1
ድንበር ረገጠ,1
አታረግርግብኝ,1
ማለዳ ላይ,0
ጣና ሀይቅ,0
የእንዝርት ቂጥ,1
ትኩስ,1
ሞተ,0
ራሱን ሰወረ,1
ለግል ለራስ ማድረግ መውሰድ,0
አበቃቀሉ,1
ከተናገረዉ በኋላ,0
በተ በረከት,1
ቤተ ፈት,1
አንድነት ደግሞ ሀብራዊነት,0
ምልክት,0
የበይ ተመልካች,1
ሰው,1
ስጋዊ,1
አበጥሮ ያውቃል,1
ሆን ተብሎ ታስቦበት,0
ህክምና ማግኘት እንደሚቻል,0
በቂ ጥናት,0
የተተወ,1
የምስጥ ቤት,1
አስረግጠህ ንገረኝ,1
አመተ ምህረት,0
ከዚያም አልፎ,0
ብሩ መጥቶልሀል ትኬትህን ቁረጥ,0
የሚወጣት ሰብለ,0
ጎመን ዘር,0
ሰይጣን ይዞታል,1
ልብ አውልቅ,1
ከህግ አኳያ አንድ ኢትዮጵያዊነት,0
ግለ ታሪክ መፅሀፍ,0
ሞት ሞት ሸተተው መሰለኝ,1
ቀነ ቀጠሮ,1
ኒክ በአንዱ ንግግሩ ውስጥ,0
መከራ ሸመተ,1
ሌባ ሻይ,1
ቃሉ ጎደለ,1
ማሀበራዊና ኢኮኖሚያዊ እንቅስቃሴ,0
ልጃገረድ ከመረጠ,0
ባህር መዝገብ,1
ይቅናህ,1
የሚሆነው የአመተ ምህረት ህዝብ,0
ማእዱን አማገጠ,1
እናቷ ላይ ትጮሀለች,0
ፍራሽ አዳሽ,0
በደብተራቸው ፅፈው,0
የሰደድ እሳት,1
ቢነስርም ቢከስርም,1
ለከት የሌለው,1
ቤተ መንግስት,0
አይኑ ይሳሳል,1
ምርግ,1
አሰባሰበ,1
ከዚህ ቀጥለው ቀርበዋል,0
በቋንቋው በመፃፍ,0
ቅፅበታዊ ድርጊት,0
ጨቁኖ ያዘው,0
ራስ በራስ,1
ተቋጠረ,1
በሶ በላ,0
የቆየ,1
ከአገር አገር,0
የመጣበትን ለቅሶ,0
ልብ አድርግልኝ,1
ችሎት ተመለሰ,1
በመጠየቅ አሳታፊ በሆነ መንገድ,0
ትኩረት መስጠት,0
መስቀለኛ ጥያቄ,1
ሞኝ ያገኘው ፈሊጥ,1
በሚኖርበት ማህበር,0
እሱስ ግድየለም,0
ጥቂት ሰዎች,0
በሚታወቀው አካባቢ,0
ቃል አባይ,1
ሾለከ,1
ልቡ ቀዘቀዘ,1
አሞገሰ,0
የስኬት ደረጃ,0
መዝጊያውን እንደከፈተ,0
ሰማይ ለሰማይ,1
ቀይ ሽንኩርት,0
ውሸታም,0
ዱላ ቀረሽ,1
መቀጣጫ,1
አላገጠባት,0
አታለለ,0
ቁሞች,1
ልብ አውልቅ,1
መተረቻ,1
ስጋማ,1
እያንዳንዱ ሰው የት,0
ተኮሰ,1
በለስ ጣለ,1
ከሀቅ የራቀ,0
የበለጠና ሰፊ,0
የዛር በቅሎ,1
ብዙ ገንዘብ,0
ያህል,0
አያላውስም,1
ላይ ተክሎ,0
አሻሻጭ,1
መካከል ለአብነት የሚከተሉት ቀርበዋል,0
እንዲያዉም አላቻዋ,0
አገሩን አቀና,1
ልቡ ቆሰለ,1
ምርር አለ,1
ቋሚ,1
ታሳውቁን ዘንድ,0
ሰዎች በአንድ ርእሰጉዳይ ላይ,0
ፍቅር ይሉኝታዋን,0
መቼ እንዲህ አልኩ,1
መግባቱ ወዘተ,0
የሰው ስም ሰበረ,1
መበቀል ብድር መመለስ,0
ምትና ዜማ አላቸው,0
ርስት ተከለ,1
የመናዊያን ማንም ከየት መጣህ,0
ውሻ አይበላው ጥል,1
ደም ግፊት,0
ተቋጠረ,1
ነገር ቀመመ,1
ሳታገባ ቀረች,0
ብዙዎች,0
አራግፎ,1
ስራዬ ብሎ,1
ሞት በቃ,1
በሄድንበት ጊዜ የታዘብነውን,0
መራውን ወጣ,1
ምላሽ ጠራ,1
ሩቅ ሀገር,0
ለፍቶ መና,1
በአስተሳሰባቸው የሚታወቁበት,0
የተባበሩት መንግስታት ድርጅት,0
ኦርቶዶክስ ተዋህዶ,0
ለዛ ሙጥጤ,1
ቅጥ ያጣ,1
ርእስ አንቀፅ,1
ከነ እርሙ በላ,1
አበሰለ አበሰለች,1
ሁኔታው አይፈቅድም,1
ህቅ ህቅ አደረገው,1
አረግ መዘዘ,1
እኔም እንዳልበደር አስማልሺኝ,0
መታከሚያ መላክ ነበረበት,0
አሳሩን በላ,1
ወሎ ዞን ጉባላፍቶ,0
እሳት የላፈው,1
ለማስተማር እንዲያመች ተደርጎ የተወሰደ,0
ሁሉ,0
ሰው,1
ተርታ ነገር,1
ቃል ማሰሪያ,1
እንደድሮሽ ብታማክሪኝ,0
ቁጥብ ቁጥብ,1
የ አመት ቆንጆ,0
የስጋ ጨርቅ አድርገው,0
ቢል ያለች,1
ረገድ ተሻልን የሚሉትም,0
ባህር መዝገብ,1
በሚገኘው ዋና መስሪያቤት,0
ልጄን ልሰጥ,0
ክፍለ ጊዜ,0
ቢረግጥ ይገል,1
ለበረከቱ,1
አጥር ግቢ,0
የአሰብ ወደብ,0
ሌባ ሚዛን,1
ህክምናውን መስጠት አይችልም,0
ድር ማጉን የቤት,0
በሁሉም የአገሪቷ ክልሎች,0
ሰው እንዳይሆን የለም,1
ማስመለስ,1
ምድር ተፋችው,1
ሆዱን በላው,1
ለማስተማር የሚያገለግል,0
ቀጥኜ ቢያዩኝ,1
ከውስጣችን የሚወጣ ሀይለኛ ስሜት,0
በቅርቡ ግን በኢትዮጵያ መልክአምድር,0
ሌባ ሻይ,1
መሳሳት አይቀርም,0
ህግ አውጭ,0
በተጨማሪ,0
በማበረታታት ወይም በሌላ መንገድ,0
በመጨረሻም ለተማሪዎች ስራ,0
የህዝብ እሴቶች,0
ስነ ስርአት,0
እጁን ሰጠ,1
ርእሰ መምህር,0
ጭስ አባይ,0
አንጀቴ ቅቤ ጠጣ,1
አትቅለብለብ,0
መቼ ጠፋኝ,1
እያጎላና እያደበዘዘ የሚገልፅ,0
ለሹመት በቃ,1
ይቅር ላንተ,1
መላቅጡ የጠፋ ነገር,1
ልቡ ቀረ,1
ፊደል ለየ,1
ወገብሽን ታጠቂ,1
ለዘር በቃ,1
ክረት ድምፀት ወዘተ,0
የሴት መዶሎቻ,1
አትርፋ ለሌላ ተረካቢ በመሸጥ,0
ቀን በቀን,1
ሀሳቡ ተበታተነ,1
ታገሰ,0
ተማሪዎች ድምፃቸውን ሳያሰሙ በየግላቸው,0
ቁጥቁጥ አደረገ,1
የኔ ቢጤ,1
ልብስህን ሰብስብ,1
የማልወደው ነገር ደረሰብኝ,0
አቅም አጣሁ,0
የሰይጣን ነገር,1
ቆዳው ሞኝ,1
የመታደስ ሀሳብ,0
ኢፍፁምነት ግለወጥነት,0
ሀጢያታቸውን ተቋጠራቸው,1
ጎረምሳ ማዉጋት,0
ልብስ ተማሪ,1
ክረምቱ እስኪወጣ,0
አየር መዛባት,0
ልጅቱ ፈጠን አለች,0
ችክ አለ,1
የተሰኘው ታትሟል,0
ከባህል ጋር ያላቸው ትስስር,0
መንግስት የሚከፍለው ገንዘብ ከሌለው,0
የእንጀራ ምጣድ,0
ህንድ,0
ሰረገላ ቁልፍ,1
የነገር ብልት ያውቃል,1
ባጭር ተቀጠፈ,1
እራስ የሌለው,1
ስልክ እንኳ,0
የፊታቸው ፀዳል ሲጋባበት ይሰማዋል,0
ሀሳቡን በትክክልና በግልፅ,0
ልበ ጎረምሳ,1
ሀላፊነት የጎደለው,0
ምድር ቀለጠ,1
ወጣቶች መካከል,0
ቀረጥ ለማምለጥ ይመስላል,0
ለችግር,1
የሰይጣን መልእክተኛ,1
የማትችለዉ አደጋ,0
ሁሉ እንዲታሰሩላቸዉ,0
ብጣሻም,1
ለዋሳ,1
አለም ላይ,0
የቅርብ ጊዜ,0
ጦሩ በረደ,1
በገና ደረደረ,1
ኦፓል አምርቶ በሚሸጠው ገቢ,0
ባንድ አይቅር,1
ሞቅ ሞቅ አለ,1
ትእዛዝ ተቀባዩ በግልፅ ከታወቀ,0
አዋጅ,0
ቁመት አለብኝ,1
የሰው ምሰሶ,1
ቅል ኪዳን ተጋባ,1
አይኑ ሞቷል,1
ብልቱን መታው,1
ቅጠል በጣሽ,1
ይኸው አይንሽን ስትታመሚ እንኳ,0
አልተቻለውም,1
የአረፍተነገር አይነቶችን መለየታቸውን,0
ሰማዩ ተደፋበት,1
ስለሆነም የደራሲ የዘይቤ አጠቃቀም,0
የቋንቋውን አላማ ይዘት,0
የሰውን ልክ,1
በዚህም ስያሜዎች ሁሉ,0
ብቅ ጥልቅ አለ,1
ማላ ፋቱ,1
ዳኛቸው ወርቁ,0
አለዘበ,1
አንድ,0
መስቀልን ተሰላጢን,1
ማዶና ማዶ,1
አራጠባት,0
ሰውንቴ ረገፈ,1
ሀብትን የመጠቀም ተግባር,0
ቆይ,1
ዉሀ አለች,0
ክፉ ስም ቀባ,1
እያሰቡ መራብ,0
ተቃራኒ ፆታ,0
እግረ ርጥብ,1
ሽቢያ ጋለበ,1
በሽታ ያዘው,0
በከለኝ,0
ቆላ ደጋ ረገጠ,1
የሞተ እንጀራ,1
አባቃ አብቃቃ,1
አበጀ በለዉ,0
ዝናቡ አቆመ,1
ስብሳብ የተወለደ,1
ማንኛዉም ቋንቋ,0
ትምህርት ቀሰመ,1
ቤት ማያ,1
ባይኔ በብረቱ,1
የበሰለ ቅቤ,1
አንጀቴ ቅቤ ጠጣ,1
የተፈጥሮም የሰው ስራ ውጤት,0
ምርቅና ፍትፍት,1
ልበ ብር,1
ቢጤ ከቢጤው,1
የሀገር ምሰሶ,1
የተሻለ የኑሮ ሁኔታ,0
የስራ ልምድ,0
የቻለና ገንዘቡን በጥንቃቄ ለልማት ያዋለ,0
አረፍተነገሮችን ከአገልግሎታቸው አንፃር,0
ተስፋ ያለው,0
የትእዛዝ ተግባር ያለው,0
ብቸኛ መፅናኛዎች በየግድግዳው,0
ለቀረቡት ጥያቄዎች,0
ቡፍ አለ,1
መሰረትነት ስለአንድ የህይወት ገፅታ,0
ሸናበት,1
ሀይማኖታችን ክርስቲያን ወይም እስላም,0
ምሁራኑ በአገራቸው,0
ስራተ ቢስ,1
ቁጣው በረደ,1
ጀርባውን መነጠረው,1
ሰኔ ነግ በኔ,1
እረፍት መውሰድ,0
ሰነፈ ዛለ ደከመ,0
በብሄረሰብና ማሀበረሰብ ደረጃ,0
ድንቄም ሰለጠነች,1
ልብ ነሳው,1
ምጣድ ሰማ,1
የሰው ስጋ መብላት ይወዳል,1
ስራ ቤት,1
አለብኝ,1
ተቆጣ,0
አለማዊ ነገር,0
እድሉ የድካም የሚሆንበት,0
አይኑ አረገዘ,1
የሴትምህርትምህርትምህርት ቤት,1
ተጠብቀው እንዲዘልቁ,0
ጤናአዳምን,0
በሽታው የወጣለት,1
የጋማ ከብት,0
ምድር ያዘ,1
ላጤ መላጤ,1
ቤተ መንግስት,0
ጊዜ ማሳለፍ,0
ዝርዝር ምስክር,1
ጣና ሀይቅ,0
ወሬ አቃዳ,1
ተምች መታ,1
በማሳየት ፈንታ,0
ርባነ ቢስ,1
ትብትብ ነገር,1
ልበ ቆራጥ,1
የበሰለ ዋስ,1
ረሀብ በረበረኝ,1
የተለያዩ የሀረግ አይነቶችን እንዲያዋቅሩ,0
ኢትዮጵያዊያን,0
ቆይ,1
ምላሱ ተባ,1
ቁም እግዚአብሄር,1
ከተቻለ,0
ምግበ ስጋ,1
ቁም እግዚአብሄር,0
ተምሳሊተ ብዙ,1
በትኩሱ,1
ትም አደረገ,1
ሽንጣም የምናብ ፍሬዎች,0
የኑሮ ውድነት,0
አግዶኝ,1
ቆመልኝ,1
ባላ አቁሞ,1
ቀን ወጣ,1
የፍርድ ሂደቱን የሚከታተል,0
መንገዱ ቢሰፋ,0
ታዲያ በወር ሁለት መቶ ባውንድ እየዛቀ,0
ቋንቋው በአሁኑ ጊዜ,0
የማይታይ ደስታ,0
በጨጉራህ ይቆረባል,1
መናገር ቃጠኝ,1
በረገድ በረገድ,1
ሩቅ ሀገር,1
የሰይጣን ቁራጭ,1
ርካሽ ቦታ,1
ዋጋ ሚሰጡለት,0
አልቀራቸዉም,0
ወረዳ አዘዘ,0
በሽታ ለከፈው,1
ሰውነቱ ተለወጠ,1
ቆላ ደጋ ረገጠ,1
የስራም የንግድ እድል,0
ለመጀመሪያ ጊዜ,0
ክስተት አይደለም,0
በገና መታ,1
ቀን ሲያዘነብል,1
የወየበው ግድግዳ,0
እል ደግሞ,0
ለማስማማት ሲባል,0
ወጡን ቅቤ ነሰረው,1
አሻሻጭ,1
ብረት,1
አዲስ ነገር,0
ህይወት ለማብቀል ዘር ሳናጣራ,0
ይቻላል,1
ለብ አለው,1
ትዳር መሰረተ,0
የሚያምኑ ግለሰቦች,0
ወይንም,0
ጉዳዩን ተኮሰ,1
በአፋር ብሄራዊ ክልላዊ መንግስት,0
ውሻ ለከፈው,1
ተቋረጠ,1
ቀጥኜ ቢያዩኝ,1
ፊደልም የቆጠረ አይመስል,1
ወንዝ ማዶ,0
አርመናዊያን,0
ልቡ ተረጋጋ,1
ሰው ለየ,1
በጥፊ ለጠፈበት,1
ልበ ባህር,1
የማልወደው ነገር ደረሰብኝ,0
ብድር መላሽ,1
በብዛት ወደኢትዮጵያ,0
በምጥ ማርያም አለ,1
ልቡ በረረ,1
አፍንጫውን በስቶ ያዘው,1
ወንጀል ሰራ,1
በረካ ሁኑ ስራችሁ በረካ ይሁን,0
ትምህርት ቤት,0
በተለይ አርባ ልጆች,0
ደና ሁን,0
ይህ የመምህር መምሪያ,0
ቁርበተ ሞኝ,1
ንባቡን ለበለበው,1
ሲበሉ የላኩት,1
መናገር አቃተዉ,0
እጅ መንሻ,1
ሰይጣን ደፋር,1
ህግ አፈረሰ,1
ርስበርሳዊ ግለሰባዊ ወይም ማሀበራዊ,0
ከምንባቡ የወጡ ድሀረንባብ ጥያቄዎች,0
የቋንቋ አጠቃቀም ችሎታ,0
ህዝበ ክርስቲን,0
ለምሳሌ የባህል ሀኪሙ ሟ,0
የገብሬ አንዲር,0
የግስ ጊዜያትን መለየት,0
ህዝቡም ላይ ያደረሰውን በደል ለማስቀረት,0
ሳል ተከለበት,1
በዚህም በሀገሪቱ ያሉ ተቋማት,0
ታዋቂ ሰው,0
በሰዎች ጭብጨባ,0
ስም ለበስ,1
ለጋ ደመና,1
የኔ ዋናው ማበረታቻ እሱ,0
ጥገኝነት አማካኝነት,0
ሆነልኝ,1
ገበታ ረጋጭ,1
ቀደም ሲል,1
ተብሎ የሚፃፍ,0
አንገቱን ሰበረ,1
የተመጠኑት ሀረጋት,0
ሸኘው,1
በጋዜጣ ይወጣል,0
ምድር ተፋህ,1
ተምች መታ,1
ቆነደደ,1
ቆነጠጠ,1
ልብ አፈረሰ,1
ብልሀት የለውም,1
መስክረም ሲጠባ,1
ገዛ ፃፈች የሚሉ,0
ችሎት ተመለሰ,1
የመስቀል ወፍ,0
መሰረት እንዲሰሩ ያድርጉ,0
ከልኩ አለፈ,1
ልቡ አላረፈም,1
ያ የቁራ መልክተኛ በዛው ቀረ,1
እየስራ እንደሆነ,0
እግረ ርጥብ,1
ምግብ በልተሸል,0
ቋንቋው አልገባውም,1
ደላንታና ኦፓል,0
ስንዝሮ,1
ከሰው ልጅ ውጪ,0
በጦር ሸከሸከው,1
አማርኛ ልሳነንጉስ የሆነው,0
አገሬ መልሶ ወሰደኝ,0
ስማዊ ሀረግ መመስረት,0
መሮ ጥርስ,1
ሙያ የመኖሪያ ስፍራ,0
ቋንቋውም እውቅና እያደገ ስለመጣ,0
ጥይቱን አርከፈከፈበት,1
መግለፅ መቻላቸውን ማረጋገጥ,0
ተደጋጋፊ የአኗኗር ዘይቤዎች,0
ጋዜጦችና መፅሄቶች,0
ደብረ ዘይት,0
የተፈጥሮ ሀብት,0
መተኛት አለበት,0
የኢትዮጵያ ፌዴራላዊ መንግስት,0
ተስፈኛ,1
አገር ተመታ,1
በቀኝ ጎን ተነሳ,1
አትቁጠርብኝ,1
መስገርት,1
ዉሀ ሙላት,0
ልዩነትና ተመሳስሎ ያላብሰናል,0
ቤት ለንግዳ,1
ቅድሚያ የሚሰጠው,0
ባህሪ ተላብሰው,0
በር ለበር,1
በትእዛዝ አንድ ሁለት የቀረቡትን,0
በዚ ፈንታ,0
የክፍለ ትምህርቱ,0
ይቅር አሰኘ,1
ሆዱን ቆለፈ,1
ወንጀል ሰራ,0
ከሞላ ጎደል,1
ረጠበ,1
ሁለቱም በትካዜ ትንሽ ይቆያሉ,0
አይን ያወጣ ሌባ,0
ጥሩ አይደለም,0
የትምህርት ደረጀና እውቀት,0
ሸክም,1
አቃለጠ,1
አንድ ሰበር,1
አውድማን ረገጠ,1
ገናዥ ነበሩ,0
መርጦ መጠቀም ተችሏል,0
ምእላድና ቃል,0
ጥቃት አይከብደው,0
መሪ ሆንክ,0
ተስፋ አስቆራጭ,0
ለአንባቢ ሊያቀርብ ይገባል,0
ጥጋቡ በረደ,1
ራሱን ቻለ,0
ቃሌ,1
ያምር,1
ጠቅላይ ሚኒስትር,0
የሰማይ ቁጣ,1
በሰሜን ሸዋ ዞን,0
አልተቻለውም,1
በአግባቡ በመወጣት,0
ልባቸዉ ጠጥሮ,0
እጅ ሳመ,1
አርእስተ ነገር,1
ችፍ ችፍ አለ,1
ሽሮ ወጥ,0
ልቡ ባከነ,1
ሚና ሳይጫወት አይቀርም,0
አንዳንድ በምሽት ሲቆረጡ እርኩስ መንፈስ,0
የተለየ ተሰጥኦ,0
ሰርአት አልበኝነት,0
በዱላ ቀጠቀጠው,1
ሰምና ፈትል ሁናችኋል,1
በሶ አበሰበሰ,1
መብራት ጠፋ,0
እልልታው ቀለጠ,1
ክፉኛ ራበው,0
ቆቻ ዋለ,1
በረከት አጣ,1
ምናምን,1
ግእዝ አማረኛ,0
ልበ ድፍን,1
ስጋ,1
ቅኔ ተመራ,1
የቤት ውልድ,1
ከሳሽና ተከሳሽ,0
የሚኖሩበት ጊዜ አለ,0
ለአስቂኝ ጥሩ ህይወት,0
መሰንቆ መታ,1
መጠይቃዊ,0
ለይምሰል ስራ,1
እነሱም ‐ ታሪክ ገፀባህሪያት,0
እጅነስቶ የተቀበለው,0
ለመፃፍና ሀሳባችንን በምንፈልገው ቃና,0
በሶ አበሰበሰ,1
ልበ ጎዶሎ,1
በአመጋገባችን ውስጥ,0
ቆራጥ አመምህርነትን እንዲሁም,0
ካርኔ ቆረጠ,1
በክፍል ውስጥ ከፍተው,0
ርጥብ ሬሳ,1
በሀሰት ለጠፈበት,1
የሚመረምሩ አይኖች ሊኖረው ይገባል,0
ሌላው በቁፋሮ ላይ ያገኘነው,0
ሳብ ረገብ,1
መንገድ መታው,1
አሞላ,1
መናገር ቃጠኝ,1
የእረኛ ቃል,1
ታናሽ ወንድም ተቸነፈ,0
የሚያስደምጣችሁ ይመስላችኋል,0
ትክል ድንጋይ,1
ነገር ሸረበ,1
ልቡን ሰቀለው,1
የወላድ መካን,1
ለመሸፈን ተጣጣረ,0
ቅጭታም,1
ሀያል ሀገር,0
ግን ደግሞ,0
ጠጁን ለበለበው,1
የአስር አለቅነት ማእረጌን,0
ሰብቷል,1
ሊያሳካቸው የሚችለውን ነገሮች,0
ልቡ ቆሰለ,1
የሰው ሰው,1
እጅ ማሟሻ,1
ተላላሰ,1
ላይ የተኳሉ ጥቅሶች,0
ልዩነት ይኑር እንጂ,0
ዋጋ ሰቀለ,1
ተቆለለ,1
ትእዛዛዊ አረፍተነገር,0
ቆላና ደጋ ረገጠ,1
ቀልበ ቢስ,1
መሰረት ከቅጥር የሚገኝ ገቢ,0
ነገር የበላ,1
እውነቴን,0
ጉድጉድ ውስጥ ሲቆፍሩ ያደሩ,0
ጥቅም ፈላጊ,0
ልብ አደረገ,1
ቃሌ,1
ለካከፈ,1
አሳሳቢና,0
በምሳሌ አረፍተነገሮች,0
ስድ,1
ልቡን ከዳው,1
ታች በሌ,1
በል እንጂ,1
ክርክር አሸናፊ የሆነ ሰው,0
ሀገሬን ላሳያችሁ,0
የአእምሮ ጤና,0
ሀገሬን ላሳያችሁ,0
ተቃራኒ ፆታ,0
ግብሩ በምን ምጣኔ እንደሚከፈልና,0
ይዘትና ቅርፅ አንፃር,0
ሰጥ ለጥ ብሎ ተገዛ,1
ልበ ብርቱ,1
ሀይ አለ,1
ልክፍታም,1
ሳይሆን,1
አድማ መታ,1
ከዛ በፊት ሰዎች,0
ልብስ ተማሪ,1
ይቅር አለ,1
አንድ መደበኛ ሀረግ,0
ግን,0
በሀገሪቱ ያሉ ተቋማት,0
ሀገራዊ እቅድ,0
የሚገለፅ,0
በመሆኑም ተግባራቱን ለማከናወን,0
የተቋጥሮ ዝምድና,1
በሚል ርእስ አጭር ምንባብ ቀርቧል,0
ቅኝ ግዛት,1
ብረ ወጥ,1
ሞልጮኝ ሄደ,1
አብረዋቸው ከተቀመጡት ተማሪዎች ጋር,0
ወገቡን ሞከረ,1
ቀርጠ ቀላል,1
የሞተ ሞተ,1
ጥቅም በመቀየር ላይ,0
በሩን ቀረቀረ,1
ያላቸው እንደሆነ,0
ከቁንጫ ሌጦ ማውጣት,1
እየተሰበሰበ ተመዝግቦ,0
ቤተ ሙከራ,0
የተቀቀለ ድንች,0
በተገቢው ቦታና አገላለፅ ሊጠቀም,0
ሆዱ ተቆለፈ,1
የጋራ እሴት,0
የቤት እምቤት,1
ማስፋፊያ የስራ ሂደት,0
ፈፅሞ በጭራሽ,0
ማንነት በራሳቸው ቃላዊ ግጥሞች ይገለፃል,0
ብር ቂንጥ,1
ብሎም ለወረዳው የገቢ ምንጭ በመሆን,0
እባጩ በሰለ,1
ለመስራትና አላማዎችን ለመፈፀም,0
ነገር ቀረቀረብኝ,1
መስክረም ሲብት,1
ባጭር ተቀጠፈ,1
መሸኛ ደብዳቤ,1
ለሚነዱን ግን,0
ቦርሳቸውን ኪሳቸው ይመልሳሉ,0
አስተዋይ ሁን,0
መንገድህን እይ,0
ረዥም እድሜን ያስቆጠሩ,0
የስነፅሁፍ መሰረታውያን,0
ሸክሜ ወረደልኝ,1
ባለሱሪ,1
እንደገና የተፃፉ አረፍተነገሮች,0
ልቅ ወጣች,1
ራሱን ቻለ,1
ይህን ምእራፍ አጠናቀው,0
ባልሆነ,1
ለሰልፍ ሄደ,0
ቅኔ ተመራ,1
አንገቱን ሰበረ,1
ሆዴ ተቋጠረ,1
ልብስ ገፋፊ,1
መሰንቆ መታ,0
ችግር አይቼ,0
ሰው እንዳይሆን የለም,1
አንቅሮ ተፋው,1
ሲነበቡም ዜማ አላቸው,0
አስቸጋሪ ሁኔታ,0
ፀሀይ መታው,1
ሽብሽብ አደረገ,1
ቸር እግዚአብሄር ሄደ,1
ቅርጥፍ ያለ ውሸታም,1
በፈሊጥ መልኩ,0
ተስማሚውን እገዛ ያድርጉላቸው,0
በውስጣቸው በሚያዙት የተዋቃሪ አይነት,0
ቀይ ወጥ,0
ልቡ አረፈ,1
የአበሻሌ ሊቶች,0
ተበቀልልኝ,0
ልበ ጠናና,1
አፈር ቀመሰ,1
ጥቁር አዝሙድ,0
ሰላም ረግቷል,1
በረከት ወረደ,1
ክፍል አራት,0
መቼም መቸ,1
የሚፃፈውም በራሱ በአማርኛ ፊደል,0
በማናቸውም አካል አይሰበሰብም,0
ቅጥየለሽ,1
እየቅል እየቅሉ,1
ቀን ጣለው,1
ቋንቋ በስርአት የተሰደሩ ድምፆች ስብስብ,0
ድረስ ከማድረግ መቆጠብ,0
ስምህን ቄስ ይጥራው,1
የሚመረጡት መፃህፍት,0
እንደባሰብሽ ልትልኪብኝ ሲገባሽ,0
ባህር ማዶ,1
በሀሳብ ሰጠመ,1
እንዲፈፀምልሽ መንገድ,0
ተቃራኒ ሀሳቦችን ወስዶ በማመዛዘን,0
አንድ ሰበር,1
የሰው ቤት,1
ሰይጣን ይዞታል,1
አርበ ጠባቧ ክፍል ጅምር ንባብ,0
የአማርኛ ሰዋስው,0
ሀይ ሀይ አለ,1
ቆርጦት,1
የላክን በመሆኑ,0
አሁን ትዳራቸው በልጆች ተባርኳል,0
እሳቱ ሞተ,1
በጭንቅላት ገጭቶ አገባ,0
ምድር ለቀቀ,1
ትንሳኤ በአል,0
አንባቢን ወይም አድማጭን,0
ብራ ቀን,1
ባህር ወለድ,1
ጎርባጭ ፌዝ,0
አይለመድ,1
በመላው አለም,0
በማየት ማረጋገጥ,0
ለቀለቀኝ,1
ቤተኢየሱስ የተባለ,0
ብድግ ያህል,1
ሳያስቀር የሚሰርቅ,0
ስራ ስራውን,1
ፊደላትን በመጨመር,0
ዱላ ሸተተው,1
የታሪኩን ጭብጥ ወይም ዋና ሀሳብ,0
የፈረንጆች አቆጣጠር,0
በአንድ ወጣት,0
የሆነው ይሆናል,1
ዘር መምህር,1
ባለፀጋ,0
ይከብዳሉ ተብለው የተገመቱ,0
በሀይል ተመነጠቀ,1
ራስሱ ዞረ,1
ፊቱን ቋጠረ,1
ቢሰደዱም ከነሱ የበለጠ,0
ህይወታቸውን ገብረው ሀገርን ያቆያሉ,0
ከበሽታው እንዲድን ስእለት ይሳላሉ,0
መሳሳት መወናበድ,0
ሮኬት ሳይንስ,0
የቡና ሙቀጫ,0
በጥይት ቆጠረበት,1
ተው ተው አለ,1
ልበ ቆራጥ,1
ሁለተኛ ስራ,1
የሚጦረኝን የሚረዳኝን,0
በጥፊ ቀለጠ,1
ደብረ ታቦር,0
ስር ነቀል,1
ሸርካታ,1
ወሰኑን አሳዬ,0
ነፍሴ ግን ከእናንተ አይን የራቀ,0
ባላጋራ,1
የስጋ ዘመድ,1
ቃላትን ከተመሳሳይ ፍቺያቸው ጋር,0
በሀይል ሲደቃ ይሰማዋል,0
አንዳንዶቹ በቅርጫት ተሸክመው,0
አረፍተነገር መስራታቸውን ማረጋገጥ,0
የዘጠነኛ ክፍል,0
ትምህርት ክፍሎች,0
የሰው ስጋ መብላት ይወዳል,1
ስሙን በከለው,1
መቻል መታገል መቋቋም,0
እሳት የላሰው,1
ባሌን አሞኘሁት,1
ልክፍታ,1
ምሽት ላይ,0
በቃል ተፈጥረው በቃል የሚተላለፉ,0
ቂም ያዘ,1
ክትትል ማድረግ,0
የመስቀል ወፍ,0
ሞትን እንደ ሶቅራጠስ ቅደመው,0
በወቅቱ ለመፍታት ካልተቻለ,0
አደጋ ስጋት,0
ከተማ በላው,1
ውጤታማ መሆን ውጤት ማሳየት,0
ለሀብረባህላዊነት,0
ደብረ ወርቅ,0
አስበላኸኝ,1
ላባ ቀረሽ,1
ሊያስፈልግ ይችላል,0
ሊጡ መጠጠ,1
ትከሻም,1
ነገር ሸተተው,1
ማን ይነካኛል,0
ሌባ ውጋት,1
እንባ ተናነቀው,1
ልበ ቆራጥ,1
አመንዝራ,0
በዝርዝር ይዘቱ,0
እድሜው ቀጠለ,1
በነገር ለበለበው,1
የቀለም ሰው,1
እንደ እብደት አደረገው,0
የሚገለፅባቸው በመሆናቸው,0
ደጀኑን ሰበረ,1
አጥወለወለው,0
በረት ድስት,0
በገ ፈጅ,1
እራስን መቻል,0
ቃሪያ ድምጥ,1
ርባ ስባ,1
በልዩ,1
አፈር ብላ,1
የጋራ ነገር,0
በታሪክ ያለፍንበት ውጣውረድ ፈተና,0
የህንድ ባለሙያዎች,0
እድልና ተስፋም,0
ጠዋት መነሳት,0
እንደየሁኔታው,1
ልበ ተራራ,1
በልክ,1
ቅንብቻ ሆድ,1
ቅጠ ቢስ,1
ጉዳዩን ሞላ,1
ሲሮጥ ያሰሩት,1
እንዳትቀር አሉ,0
ስር የለሽ,1
ገበታ ሰራ,1
ከግብር የሚገኘው ገቢ ለሀገር ክብር,0
ሆዱ ቆረጠ,1
የህዘብ ዝግጅት,0
ትምህርት ሚኒስቴር,0
በአማርኛ ቋንቋ ታትመዋል,0
ሸርሞ ለሸርሞ,1
ፈሪ,0
ከበደ አለቃዉን,0
ጉልበቱ ተሸነፈ,1
ረገፈ,1
ትከሻ ቢስ,1
የሰዉ ሀገር,0
ርስ በርሱ,1
በሚል ርእስ የቀረበውን ፅሁፍ,0
ቀነ ቀጠሮ,1
መሬቱ ቀና,1
ማተብ በጣሽ,1
ልዩ ልዩ መሰረተ ልማቶች,0
የአመጋገብ የአለባበስ,0
በአንድ ጊዜ አንድ ጉዳይ ላይ አተኩር,0
ሀላፊነትን ስልታዊ በሆነ መልኩ,0
የስራ ባልደረባ,0
ፍቅሩ ቀዘቀዘ,1
ቤት ለንቦሳ,1
ልቡ ከዳው,1
መራመድ ሳትችሉ,0
ሽቢያ ጋለበ,1
ቀትር ቀትር,1
መንግስት ከተቋቋመበት ጊዜ ጀምሮ,0
የስራ ቋንቋ ከማድረጋቸውም በላይ,0
ሀገር ኢትዮጵያ,0
በረከት ወረደ,1
ተወው,1
ዱላ መዘዘ,1
ምድር ተፋችው,1
የሰማይ ቁጣ,1
ፍሬማ ሀሳቦች,0
የቀበሌ አስተዳዳሪ,0
ቀሚሷን በተነች,1
ርእሰ ጉዳይ ሊሆን ይችላል,0
መቼም መቸ,1
እንደአብርሀም ሊንከን,0
ተቆለለ,1
ባለህበት ርጋ,1
የቁጥቁጥ ኑሮ,1
ጥያቄዎች በማስታወሻው ላይ,0
የሰው አገር,1
ሰው ሰው አትበል,1
ደም ግፊት,0
ስር ተቆጣ,1
ጆሮውን ሸመጠጠው,1
ልቡን ሰቀለው,1
አይቡ መጠጠ,1
ሰነፍ ምርት,1
ከበለፀጉት ሀገራት በአስሩ ተርታ,0
የአረፍተነገር አይነት,0
እሳቱ ብው አደረገው,1
ሴተ መሬት,1
ቂም ቋጠረ,1
አነስተኛ አሀድ መከፈል አይችሉም,0
ስሜት ፈጠረባችሁ,0
ልበ ድፍን,1
መርዞ ያዘ,1
ደብተሮቻቸውን በማየት ማረጋገጥ,0
በጥሩ ሁኔታ,0
በእንቅልፍ ልብ,1
ሰማይ ሰማይ አትይ,1
ስመኛ,1
የነገር ቁራጭ,1
ቅጥየለሽ,1
ከልቡ አገለገለ,1
በራስ መተማመን,0
ክፍል ሁለት,0
አስበላኸኝ,1
ቅጠል የለሽ,1
ስጋ በል,0
ሱሪ ቢጣልባት የምታረግዝ,1
አባሪ አድርገን,0
ወደዲማ ይወርዳል,0
ወንጀል ሰራ,1
ትክል ድንጋይ,1
በሳቅ በፈገግታ,0
የመጀመሪያውን ግብ,0
ለመገናኘት ያብቃን,0
ተተክሎ ዋለ,1
ብታደራልኝ አማግሁልህ,1
ነጠላ አረፍተነገር,0
አገር ውስጥ,0
የሚያስችላትን ገቢ ከሀገር ውስጥ ግብር,0
አብዛኞቹ መሪዎች,0
ምድርና ሰማይ ዞረባት,1
መቀስቀስ ማበረታቻ መስጠት,0
እሾህ አፍ,1
በባህላዊ መንገድ,0
ቁም ፅህፈት,1
ምላሽ ጠራ,1
ለልጅሽ ክብር ስትይ,0
መቆያ,1
በተጨማሪም በምንባቡ ውስጥ,0
የችርቻሮ መደብር አረብ ቤት,0
ለብታ,1
ቆላና ደጋ ረገጠ,1
በተጨማሪ,0
መኪናዬ በሽተኛ ሁናለች,1
ፍርድ ቤት,0
አይነቶቹም ብዙ,0
አየር መንገድ,0
ማንበብ ለህይወት,0
ንፍቀ ክበብ,0
ሸማ በየፈረጀ ይለበሳል,1
ሀገር ያውቃል እንደውም,0
ገብረ መንፈስ,0
ጨለማ ሰብእናን,0
የሀዘን የሰርግ የሀይማኖት ስርአቱን,0
ሰማንያዋ ወረደ,1
ሸክምህ እንዲቀልህ ከፈለግህ,0
የአንድን ህዝብ ወይም ማሀበረሰብ ክፍሎች,0
ሴተኛ አዳሪ,0
ቀፎ ቆራጭ,1
ጠቅላይ ሚኒስትር,0
ከተማ ቆረቆረ,1
ቅጠል የለሽ,1
ተገፎ ያልሰነበተ ቆዳ,0
እስዋ አታለቅስ,0
ይፈልጉ,0
የሚደረገው የሰለጠነ የሰው ሀይል,0
በዋጋ ተራራቁ,1
ይህች ልጅ,0
ለበረከቱ,1
ስጋ ለስጋ,1
ትምህርት ቀላወጠ,1
ልጅ,0
የውበት ሳሎን,0
ቀረብ ብሎ በመመልከት ማረጋገጥ,0
አጠቃላይነት,0
የማያቀራርብ ስራ,1
ላብ ላብ አለው,1
ስለሚታመንበት,0
ስርቅ ስርቅ አለው,1
ካልሆነ,0
ፍቅሩ ቀዘቀዘ,1
ምስጢር አወጣ,1
የትምህርት ይዘቶችም,0
ልቡ ሳሳ,1
በል እንጂ,1
ልቡ ሰባ,1
አገራቸው ከመቼውም ጊዜ,0
የግዴታ ክፍያ,0
መርጃ ማሀበር ተቋቁሟል,0
በቃላቱ መካከል ያለውን,0
በባለፈው ምሽት,0
ጠጉር ስንጠቃ,1
መጠኑ ጨመረ,0
መሟጠጫ,1
ገቢ በየጊዜው በሚኖረው,0
አሁን ላይ,0
እነዚህ ቃላዊ ግጥሞች ምጣኔ,0
ሰላም ረግቷል,1
ተማሪዎችን ማበረታታት,0
በመታጠቢያ ገንዳው ውስጥ,0
ችክ ምንችክ አለ,1
አዳዲስ ፈሊጦች,0
የክፍለትምህርቱ አቀራረብ,0
ባትህን አሳዬኝ,1
ጎበዝ ወይም ግንባር ቀደም ሰራተኛ,0
ውጋት አመመው,0
ቃላዊ ግጥሞች ምንድን,0
ችፍ ችፍ አለ,1
በስራ መበልፀግ,0
እንባው ረጨበት,1
መምህር በቅድሚያ በተማሪ መፅሀፍ ላይ,0
ዳገቱ ሲያቀና,1
ኮከብ ቆጠረ,1
የተሳሰሩ መሆናቸውን,0
አስፈሪዋን ወህኒ ቤት,0
የቃል ዘገባ አንዲያቀርቡ,0
አማርኛ የኢትዮጵያ መደበኛ ቋንቋ,0
ሴራ,1
መዘንጋት የለበትም,0
ከንፈሩን ሚን ሚን አደረገ,1
አንብቦ መረዳት,0
የማሀበራዊ ጉዳይ መዋጮዎች,0
የስሚ ስሚ,1
መረብ ውስጥ እንዲገቡ ማድረግ,0
በተክለ አልፍአው በአል,0
የሰው አይን በላው,1
አንጀቱን በላው,1
በለስ ቀናው,1
ነጭ ዶሮ,0
እንዲያነቡት ያድርጉ,0
አማርኛ ልሳነፅሁፍ,0
አንዱ በቃኝ,1
በቃል በሀረግና በአረፍተነገር መካከል,0
እነሱም፦,0
የቤት ልጅ,1
ዲግሪ በንግድ አግኝቷል,0
የሚወጣት ሰብለ,0
የሰይጣን ስራ,1
ተከሻህን አትሽ,1
በትይዩነት የተሰናዳ,0
በረክ በረክ አለ,1
ስለቱ በረደ,1
ሽጋ መለሎ,0
ብዙዎች ያምናሉ,0
አስማተኛ,0
ሰው መሆን አይቀርም,1
ምጋቤ ምላሽም ይስጧቸው,0
አጠናክሮ በማቅረብ,0
የልመና እህል,1
ዘጠኝ ወር ተሸከመች,1
ሀገራት አንዷም ኢትዮጵያ ነበረች,0
መዝገበ ህትመት ዳሰሳ,0
ታች አብሽ ወረደ,1
ሰገራ ያልሆነ,0
በአመት ውስጥ,0
ተራ ሰው,1
ሰው ሰራሽ,0
ተማሪዎች አንብበው እንዲረዱና,0
እጅህን ሰብስብ,1
የቤት ሰራተኛ,0
አፉን ያሞጠሙጣል,1
አንገት ቀጨ,1
ተጫጫነኝ,1
ውሀ ሽንት,1
የቀለም ቀንድ,1
ለማለት ያህል,0
ደረቀ,0
ግምት ውስጥ የሚገቡ ነጥቦች,0
ልብ ከዳ,1
ነገር ማብቃቃት,1
በመቀጠልም ስርአተነጥብ ምንነት,0
እዚያ እንደገባሁ በሽታ ገባ,0
ነገርን ነገር ያነሳዋል,1
ድርብ አረፍተነገር,0
መሰራረቅ,1
መላ መታ,1
በሙሉ ጊዜ ማስታወቂያ ስራ,0
ቤቱ ፈረሰ,1
ባህር ሸሸ,1
የትምህርት ስርአት,0
ልበ ልል,1
ጥርሰ በረዶ,1
ስልተ‐ቀመር,0
ተማሪዎች በራሳቸው አቅምና መጠን,0
እንደ ቂል መሆን,0
እንደማንኛውም ዜጋ,0
በደቡብ,0
ሳለ አይሰጥ,1
እስቲ ልውስ ትልና,1
ሰንካላ,1
ጠባቂው መነኩሴ ግን ሰክረው,0
ሆዱ ባሰበት,1
ሞት የተፋው,1
ምጥ መጣ,1
ከቀፎው እንደወጣ ንብ,1
መናገርን ለማስተማር የቀረቡት ተግባራት,0
እስቲ,0
ሰው ሰው አትበል,1
ስጋ ወደሙ,1
አመሉ አልሰከነም,1
ስንኳን,1
ከማንበብዎ በፊት,0
በባህላዊ ህክምና,0
ሰዎችን የማመራመር አቅም ስላላቸው,0
አንቀፆችን መድገም ወይም መቅራት,0
ስር ስሩን,1
በንቃት በተንቀቅ ላይ መሆን,0
ስሜቱ ቀዘቀዘ,1
ሬሳውን ወንዝ ተፋው,1
መስክ ለመስክ,1
ከክፍለትምህርቱ የሚጠበቁ ውጤቶች,0
ጥያቄዎችን ወደማሰራት ይሸጋገሩ,0
ንቁ ዜጋ,0
ጎበዝ,0
ባይኖሩ ኖሮ የቀን ከቀን,0
ግልፅ ምጋቤ ምላሽም ይስጧቸው,0
ቆላና ደጋ ረገጠ,1
የድሀረማዳመጥ ጥያቄዎች,0
በቀላሉ ሸጠኝ,1
ቀርጠ ቀላል,1
መልስ ያለ,1
አንባቢ ገፀባህርያትን,0
እጁን ሰነዘረ,1
ብላ ተባላ,1
አጠናክሮ በማቅረብ,0
ቅዝዝ አለው,1
ለብሰሽ ፍጂው,1
መጥፎ ዜናዎች,0
ሁለት ነጠላ አረፍተነገሮች,0
በቃ በቃ ተባባሉ,1
ልቡ ተቀሰቀሰ,1
አመዛዛኝ አንቀፅ,0
የልብ ልብ በቃው,1
የእለት ተእለት ህይወታቸውን,0
እውቀትና ተሞክሮ,0
ምድር አስጋጠ,1
በትህትና እንጠይቃለን,0
ህይወት የለሽ,0
ተካተውበታል,0
ከነፃነት በኋላ እንደማንኛውም ፖለቲካዊ,0
የሚገቡ ፈሬ ነገሮች አሉ,0
ቡዳ ቀረጠፈው,1
መጥፎ እድል,0
ሲንፀባረቅ ይታያል,0
መንፈሳዊ ዝግጅት,0
ትቶህ ይሂድ,1
ቅጥ ያጣ,1
ሀላፊነትን መውሰድ መቀበል,0
አመለከተ,1
የትምህርት ህይወቱን,0
ቃሉን ሰጠ,1
ውሀ ቀጠነ,1
ሳለ አይሰጥ,0
እግሩ ቀለለ,1
ትልቅ አስተዋፅኦ ይኖረዋል,0
አንድ ዘዴ ይመጣላቸዋል,0
ጥፋት በአይነ,0
በቀደምለት,1
የቤተሰብ ባላ,1
በከርሰምድር ከሚገኙት የተፈጥሮ ስጦታዎች,0
ከነበራቸው ሀገሮች ይልቅ,0
ስብሳብ የተወለደ,1
የተጣጣመ ፅሁፍን ይገነባል,0
እጅ ቃጣ,1
ቀልባቸውን ይስበዋል,0
ባለቅኔ,1
አለጠለጠ,1
እነዚህን የጤና እክሎች,0
ልቡ ሞቷል,1
ጆሮ የማይኮረኩር,0
ቃላዊ ግጥሞች ባይኖሩ ኖሮ,0
አፈር ብላ,1
ግላዊ እድገት,0
ያክል አልቀራቸዉም,0
የፅዳት ሰራተኛ,0
እርጥብ ልጅ,1
የእውቀት ብርሀን,0
የተወለዱት መንዝ,0
ጥሩ አይደለም,0
ልባቸው ተራርቋል,1
ደስታዬን እጥፍ ድርብ,0
በር መታ,1
ውርርድ ተከለ,1
ቀላል ሰው,1
የግንባር ስጋ,1
ጉልበቱ ደከመ,0
ፍሬው ተንተርክኳል,1
ትኩስ ሀይል,1
የስራ ስልታዊነትን,0
ተደባብቆ መተያየት,0
ከምታበላሽ ተርፋለች,0
አንደበቱ ሰላ,0
የጋራ እሴት,0
ጥቅም አልባ ዋጋ ቢስ,0
የሚመጡት የጤና እክሎች,0
ቀንበር ተሸከመ,1
ቀና ቀናውን,1
ቀረቦ,1
ቅኝ ግዛት,1
ነፃ ምእላድ,0
ማህበራዊ ትስስር,0
ሀያል ሰው,0
በዛብህ ተሰናበተ,0
አሜን አሜን,0
ቁብ የለሽ,1
እንድትመዲቡልን መጠየቅ,0
ሳታገባ ትቀራለች,0
ቀን ሲያዘነብል,1
የንነገር ቋት,1
ለምለም እንጀራ,0
ወተቱ ሸፈተ,1
ለዛ ቢስ,1
ሰብለ ደግሞ በዛብህን ለማግኘት,0
ቅዝዝ አለው,1
ፍርድ ቤት,0
ልቡ ሻ አለ,1
ልቡ ተነሳ,1
ስንዝር መሬት,1
ከማስታወሻው ቀጥለው የቀረቡትን,0
እንደድመት ወጣት ይወዳል,0
መልካም ምኞት,0
ደመናው ተሾመ,1
በሱ ቆርበሀል እንዴ,1
ዛሬ ብዝሀነትን የሚያቀነቅኑ,0
የተለያየ መልክና አቀራረብ አለው,0
ለመረጋጋት ሞክር,0
ልበ ሙሉ,1
ኢትዮጵያ,0
መቼ ጠፋኝ,1
የሰው ክፋት,0
በመቶዎችና በሺዎች የሚቆጠሩ,0
ተስፋ አገኘ,1
ምእራፍ ስር,0
የኢትዮጵያ ስፔስ,0
የባህርይ ዘላቂነት ኖሯቸው ሊቀረፁ ይገባል,0
ሀገሩንም ማስከበር ይሳነዋል,0
ልቤ ተሰቀለ,1
ኩራት ጠብራራነት,0
እነዚህ ምሁሮች,0
አፉን አሙሸ,1
በመቶ የሚሆኑ ሰዎች,0
ያይን ቆብ,1
ከባድ ጊዜ,0
ተወው,1
በጅ አለ,1
ስልጡን አፍ,1
መድሀኒቱ ረከሰ,1
ንግግር,0
አገልግሎትና አጠቃቀም ግልፅ እንዲሆንላቸው,0
መልካም ምኞት,0
ግብር ለሀገር የክብር ጉዳይ,0
የቅርብ ሩቅ,1
ከሁሉም በላይ ደግሞ,0
በመቀጠልም ስለየአረፍተነገር አይነቶች,0
ዱላ ቀረሽ,1
ቁስሉ ቂም ያዘ,1
እውነተኛውን,0
በሰፈሩት ቁና,1
ለጊዜዉ ተቆጡ,0
የጎድን በር,1
በምልከታ ማረጋገጥ,0
ግኝቶችን ተንትኖ ማቅረብ,0
ሲቀር ይቀራል,1
አድጎ ጎበዝ ልጅ ይሆናል,0
በቅደም ተከተል ያካተታቸው,0
ቂጣ ቆረጥ,1
ካርኔ ቆረጠ,1
የግል ንፅህና,0
ባርያ ድንጋይ,1
ተራ በተራ,1
በማየት ወደየአገሮቻቸው,0
ቤት መምቻ,1
አንገት ቀጨ,1
በየአፍታው የሚቀያየር,0
ጀመረ,0
የጣይ ሽንት,1
በውይይቱ በንቃት መሳተፋቸውን,0
የማይለወጥ ልጅ,0
አባቃ አብቃቃ,1
ስማ በለው,1
ድልድል,0
ቤት ከቤቱ ገባ,1
ረድኤታም እህል,1
አለማዊ ነገር,0
ግራ አጋቢ,0
አፈ ሙዝ,1
በቃል መልሰው እንዲተርኩ,0
የሰማይ ቤት,1
ስራውን ጀመሩት,0
ቁራጫም,1
ድሬዳዋ ከተማ መስተዳደር,0
ቤት መጣ,0
ለካከፈ,1
በቃል እንዲመልሱ ያድርጉ,0
በር ዘጊ,1
የመንግስቱ ቅርፅ,0
ቀበሌዎች ያሉት,0
የአካባቢ ትውስታ,0
በደርግ ዘመንም በስራ ቋንቋነት,0
ለማስተማሪያነት እንዲያመች,0
አረፍተነገሮችን ከመዋቅር,0
ጨቅጫቃ ነዝናዛ,0
ቃሪያ ድምጥ,1
አሳሳቢና አነጋጋሪ ሆኗል,0
ተቋቋመው,1
በጥፊ ቀለጠ,1
የበዛብህን አስከሬን ባጠገቧ አድርጋ,0
በጎ,1
ዘንዶ ማገር,1
ስራ ላይ,0
የተለያዩ አጋዥ የሰዋስው መፃህፍትን,0
ቃሪያ ሰነጋ,1
ቅኔ አትናገር,1
ሆዱን ሰጠ,1
ርእስ አንቀፅ,1
እንቅልፍ ይስባህ,1
በአግባቡ መመለስ መናገር,0
አሳከረ,1
ፎቶ ኮፒ,0
ጎመን በስጋ,0
በትላንት ማንነትህ የምትታሰር,0
ነጭ ሽንኩርት,0
የውሻ ቁስል,1
ሌጣ ትርጉሙ,0
ስራተ ቢስ,1
ከምንባቡ ለወጡ በምንባቡ መሰረት,0
ቁስሉ በላው,1
ልብ አሳጣ,1
ባላን ደንቆሮ,1
ልብ የማይገባ,1
አሰልጥ ባርያ,1
ልቡን ነሳው,1
ስሙን ተከለ,1
ራቀ,0
ሆዴ ተቋጠረ,1
ቀርበታ ሆድ,1
የተተፋው ሳይደርቅ,1
ወፍራም አንጀት,0
ቷቷ አለ,1
ጉዳዩን ከራሳቸው,0
በትእዛዝ አንድ መሰረት,0
ተው ባይ,1
ተረከዘ ሎሚ,1
ቁም ስቅል አሳዬ,1
ለማጥፋት ሞክሮ,0
ልቡ ቆመ,1
እንግዳውን ሸኘ,1
ለነገር ተሰለፈ,1
ርስ በርሱ,1
ስለዚህ ባልበደር ይሻላል,0
ቆብ ጫነ,1
እጅግ ከፍተኛ,0
አስበላኸኝ,1
ፀሀፊ ባለሙያ ደብተራ ዘነብ,0
እድሜው ተሰናከለ,1
ፀሀፍተ ትእዛዛት,0
ሴተ ቋንቋ,1
ምስጋና ይንሳው,1
በማስረጃ ወይም በሚታዩ ልምዶች,0
ቁጣዬን ቀሙኝ,1
ጠበቃ አቆመ,1
ልብ ለልብ,1
አይኑን ተከለ,1
ያለ አግባብ,0
የበይ ተመልካች,1
ቸር እግዚአብሄር ሄደ,1
አምባር ሰበረ,1
እጅ ቃጣ,1
ሰርግ ቤት የገቡ ሰዎች ይበላሉ,0
የላክን በመሆኑ,0
ተመልሰዉ ሲፍራሩ,0
ሙጢ አፍ,1
የቡና ሙቀጫ,0
ተበታትነው ቀሩ,1
በሀገር ኢከኖሚ ላይ ጉዳት ያደርሳል,0
በአዛውንቱ ሰበብ እርሱም,0
ነፋሱ ተነሳ,1
ለመጨረስ ለመፈፀም መታገል,0
ድንግል ማርያም,0
የሆነው ሁኖ,1
ወይም ደግሞ ልሳነንጉስ,0
ካሉ በቅድሚያ ይቅርታ እየጠየቅን,0
ግቢ ጉባኤ,0
ጠፍቶባቸዉ ይሸበሩ,0
አንፃር ነጠላ ድርብ,0
የትስስር ገፆች,0
የአንድ ሀገር መተዳደሪያ ደንብ,0
ስለሚያዩት ችግሩን በጋራ ለመፍታት,0
ሊነፈጋቸው እንደማይገባ,0
በቁምህ,1
ስለቱ በረደ,1
ወሬው በረደ,1
አይዞሽ አላላትም,0
ነፍስ,1
አለመስተካከል ባሉበት,0
ፍርድ ቤት ናቀ,0
ቁም አፍ,1
በመጠየቅ ማረጋገጥ,0
ምሽት ላይ,0
ረዘም ያለ ንግግር እንዲያቀርቡ ያድርጉ,0
በሶ አበሰበሰ,1
አላዋቂ ሳሚ,1
ማስታወስ መገንዘብ,0
የእህል ቋት,1
ሙሉ ቀን,0
ቀንዱን አሳየ,1
የሀገር ምሰሶ,1
በል ልበልህ,1
ሰፊ መቼት,0
የብርሀን ልጆች,1
ከነቅራቅንቦው ከነሙሉ ጓዙ,0
ባለ ቀትር,1
ምስጢር ባከነ,1
ቅርብ ዘመድ,1
አንጀቱን በላው,1
በደረቱ አሰጠግቶ,0
ፀረ ሙስና,0
አመልህን ሰብስብ,1
ስረ ነገር,1
ገለፃ,0
እንደድሮሽ ብታማክሪኝ,0
መሀል ሰፋሪ,1
አንቆ ያዘ,0
ታሪክ እንስራ,0
ለፍቶ መና,1
ባልተቤት,1
ባልተቤት,1
በንባብ ጊዜም የማዳመጥ ጊዜ,0
ብር ሸሸ,1
ፍሬ ሀሳቦቹን በራስ አባባል መፃፍ,0
ቀይ ሽንኩርት,0
እድሜዉን ሙሉ,0
እንዲያብራሩ በመጠየቅ ማረጋገጥ,0
ለጋብቻ የሚቆረጥ,1
በይ እንግዲህ ታከሚው,0
ጫካው ቀና,1
ከማንበብዎ በፊት ግን,0
በትኩሱ,1
ዱላ መዘዘ,1
መምህር የሚችሉበት እድል አግኝተዋል,0
ነገር ተበተበ,1
ምላስህን ሰብስብ,1
ቅጥቡ ሞላ,1
የማይታሰብ ነዉ,0
በመጀመሪያ ጥያቄ ቁጥር አንድን ለመስራት,0
መቋቋም አቻ መልስ መስጠት,0
ልዩነት በአረፍተነገር ውስጥ እያስገቡ,0
ለመምህራን,0
ጉድጓድ ማሰለት,1
ባጭር አስቀረ,1
ከሚቆረጥበት እለትና ጊዜ,0
ሰነፍ ቆሎ,1
በአጠቃላይ የልቦለድ ገፀባህሪያት,0
አንጎት ግዳን ጋዞና መቄት,0
ቁርባን,0
ቆርጦ ቀጥል,1
አባ አመተ ምህረት ለምኔ ተብላ,0
የሰው ስጋ መብላት ይወዳል,1
እኔን መቃብር,0
አታቀርሽብኝ,1
ቆርጦ ሄደ,1
ስደተኛችን የሚያካትት,0
በህልሙ እሚያቅፍ,0
በማግስቱ በሩ,0
አመሉ አልሰከነም,1
ወዳጅኔቴን ሰርዣለሁ,1
ታቦቱን ሰረቁ,0
ሳር ቤት,0
አሰከረ,0
ላክ አደረገ,1
ከስልጣኑ ስር አንበረከከው,1
ነገር ሸተተው,1
ደና ሁን,0
አሉ ፊታዉራሪ,0
ደካማ ጎን,0
ቅርጥፍ ያለ ውሸታም,1
የእውኑ አለም ሰዎችን,0
ቁጥቁጥ አደረገ,1
በዝርዝር ማስረጃዎች ለማብራራት,0
ይህ የንባብ መርሀ ግብር,0
ጫካው ቀና,1
ማህበራዊ ግንኙነት,0
ትብትብ ነገር,1
ለጥሩ አበረታች ንግግሮቹ አመስግናው,0
ቀንበር ሰበረ,1
የሰውነት ማጎልመሻ,0
ፈሱን ቀደደ,1
አንጀቴን አርሰኝ,1
የመጠቀ,0
ዉሀ ሙላት,1
ያየዉ ጀመር,0
መጥፎ ፀባይ,0
ነባራዊ አንጎል,0
ባህር ዳርቻ,0
ላይ ታች አለ,1
ሌባ ዝናብ,1
ስራ አግኝተው በሙያቸው ይሰራሉ,0
ግን በተማሪዎች መፅሀፍ,0
ትከሻም,1
ብር ብር አደረገ,1
በማጥናትና በስፋት,0
አዳማ ከነማ,0
ማህበራዊ ትስስር,0
እልሁን አስቆጠረ,1
እግዚአብሄር ኳስ ተጫዋቹ,0
ነገሩ በሰለ,1
እንደምንም ብለዉ,0
ተረከከው,1
ጥፊ ላሰ,1
ከቁንጫ ሌጦ ማውጣት,1
ዘመዱን ሸኘ,1
እርግጥ,1
በቀረበው ምሳሌ መሰረት እንዲሰሩ ያድርጉ,0
በኋላ አፄ ይኩኖ አምላክ,0
ልበ ልል,1
በተለያየ መንገድ አሜሪካና አውሮፓ,0
ሹመት ያዳብር,1
መግለፅ ወይም ማተት,0
እጀ ስንኩል,1
አይቀጡ ቅጣት ቀጣ,1
የሰይጣን ቁራጭ,1
አላሰ,1
አይለመደኝም,1
ትምህርት ቤቶች,0
በትምህርት ሞረደው,1
ተብታባ,1
ያስችላሉ,0
በሀይል ተመነጠቀ,1
ኦርቶዶክስ ተዋህዶ,0
ኢትዮጵያ እነዚህን ስደተኞች,0
ራሱን ቻለ,1
አይነስረውም,1
ሀገር ስላም,0
አመድ ፊት,0
ሀያል ሀገር,0
ስር ያዘ,1
የሰማይ ቁጣ,1
በቋንቋ ዘፈቀዳዊነት,0
ቀለም አገባ,1
አምባር ሰበረ,1
ልበ ብርቱ,1
መሮ ጥርስ,1
የሰማይ ቤት,1
ቸብ አደረገ,1
አራጠበ,1
ከንፈሯን መገመገው,1
ቀላል ሰው,1
እምላቸው ብዙ ነበሩ,0
በመማሪያ መፅሀፋቸው ላይ,0
ቆዳውን አስወደደ,1
ራሱን ቻለ,1
መስክ ለምሳሌ,0
መታመም,0
በሁለት ይከፈላል,0
ቡዳ ቀረጠፈው,1
ቢከፍቱ ተልባ,1
ተቃመሰ,1
ከበዛብህ አጠገብ ያስተኛታል,0
የቀንድ ከብት,0
ቆቻ ዋለ,1
እዳ መክፈሉን ተማርረሽ,0
ለዋጭ ዘይቤ,0
ታዋቂ ሰው,0
የቀበጠ ቤት,1
ዝም አሰኘ,1
ራስ የለውም,1
ሲፈለግ እንደመረጃ ምንጭ ሆነው ያገለግላሉ,0
ሳለ አይሰጥ,0
እንዲሁም በአዲስ አበባ,0
የተሰመረባቸው ጥገኛ አረፍተነገሮች ሲሆኑ,0
በሌላ አነጋገር ሀብረ ባህላዊነት,0
ባዶ እጅ,0
ሊጡ መጠጠ,1
ቀንድ አሽሽ,1
ሊመስል እንደሚችል አስቡት,0
ልብ ለልብ,1
ምስለ አፍሳሽ,1
ስራውን በባህላዊ መንገድ ስለሚሰራ,0
ቆርጦ ቀጥል,1
ቀሚሷን በተነች,1
ዳግማዊ ቴዎድሮስ,0
አልባሌ ሰፈር,0
በሀይማኖት ሳይዋጉ ይቀራሉ,0
ቅል ራስ,1
ልበ ደንዳና,1
ምርጫ,0
የትምህርት ዘመን,0
ቀኝ እጅ,1
በፈሊጥ መልኩ,0
ተጨማሪ ገለፃና ማብራሪያ,0
ስር ስሩን,1
የሚውል ገንዘብ,0
ተኮሰ,1
ረሀብ ሸነቆጠው,1
ቤተ ክርስትያን ሳመ,1
የቂጥ ማረፊያ,1
ስንት ላከ,0
ቀለሙ ተሰበረ,1
መከራ አሳየ,1
ኢንተርኔት አገልግሎት,0
ጨዋታው ቀለጠ,1
ክፍለትምህርት ስር,0
ማንቆርቆሪያ አፍንጫ,1
ቀንበር ሰበረ,1
ሸክምህ እንዲቀልህ ከፈለግህ,0
የፅሁፍ ጥበብ መመሪያ,0
ቅደም ተከተል,1
ተስፋ አገኘ,1
ስለመፅሀፉ አዘገጃጀት,0
እመቤት አልነበረችም,0
አብላላው,1
ተራ ንግግር,1
ማህተመ ድንግልና,1
ደጀኑን ሰበረ,1
እግዚአብሄር ሳመ,1
መልካም ምኞት,0
የቤት ልጅ,1
ከተጀመረ አመት አልሞላውም,0
የበላይና የበታች,1
ስንደዶ ቀጨ,1
አመተ ምህረት,0
ቀጠንጠን አድርጎታል,1
በቃል ዘገባ በንቃት መሳተፋቸውን,0
ሰልፍ አበላሽ,1
የቃላት አገባባዊ ፍቺ በሚል,0
በዚያም ጊዜ ፊታውራሪ መሻሻ,0
መስቀልን ተሰላጢን,1
አውራ መንገድ,0
አንገት ቀጨ,1
መንፈሳዊ ከፍታ,0
መከተል ማሳደድ,0
በቀኝ ጎን ተነሳ,1
እንደአከራካሪ ድርሰት የማግባባት,0
እንግዳ ተቀባይነቱ,0
ፈፅሞ አለመግባባት,0
ቀልብ ገዛ,1
ብቅል ረገጠ,1
ቆሽት አንድድ,1
ኮከብ ቆጠረ,1
እግዚአብሄርህን ሰብስብ,1
አባቴ ልሁን,1
አዳዲስ ፈሊጦች,0
ሰንደቅ አላማ,0
ወደከተማ ትወስዳለች,0
ጥሩ ሽያጭ,0
የልጄ አጥንት,0
ጉልበቱ ተረታ,1
ካናዳ ይሰደዳሉ,0
ተፅእኖዎችን በሙሉ,0
አለያይ,0
በጎ ፍቃደኝነት,0
በምእራብ ጎጃም ዞን ወንበርማ,0
ጓደኛዬ,0
ያለበት ሁናቴ,0
ብረት,1
በርካታ ሶማሌያዊያን,0
ዘብ ልጓሙን ለእናንተ ያድርግልን,0
በማሳየት ፈንታ,0
ልብሱ ተቀበለው,1
ሰውየው ሳተ,1
ሞት ሞት ሸተተው መሰለኝ,1
ቁም ዜማ,1
የቆመ,1
አስተሳሰብ ለውጥ,0
ሲስሟት ቀርቶ ሲስቧት,1
ንቁ ዜጋ,0
እንደ ድል,0
አመጋገብ ሲወሳ,0
ንግግር ማድረግ ጀመረ,0
ትብትብ ነገር,1
በምንባቡ መሰረት,0
ትልከዉ አሽከር,0
ቅዱስ ቅዱስ አለ,1
ኢትዮጵያ,0
ተቀያይመዋል,0
ራሱን ቻለ,1
መማለጃ በላ,1
ባልኮል ተቃጠለ,1
ይበሳጭና ከፍተኛ ድብርት,0
ሞገደኛ ዝናብ,0
ሆዱን በላው,1
ግብር የከፈለ ቢሆንም ባይሆንም,0
ወንድ አለ,0
ለመገናኘት ያብቃን,0
ሰዎች ጤናቸውን ለመመለስ,0
ሆደ ባህር,1
ገዢው በህዝብ ላይ ሰነፈጠ,1
ደጀ ብርሀን,1
በር መታ,1
አቃለለ,1
የእንግዳ ቁርበት,1
በረሀብ ተቀጣ,1
ለመከላከልና ጤናን ለመጠበቅ,0
ለቃላት አገባባዊ ፍቺ መስጠት,0
ቅስሙ ተሰበረ,1
ቤት መታ,1
ደም ግባቱ ረገፈ,1
በተለያየ የጤና ነክ ዘመቻ,0
ሳብ ረገብ አደረገ,1
ልባም,1
ያረጀ,0
ባህሩን በዋና ቆረጠ,1
አበባ የጧቱ ብርድ ሳይበግራት,0
ባህር ዳርቻ,0
ግብር ከፋይ የሆነ ሁሉ,0
ከቋት ከቋቱ,1
ሰረገላ ገባ,1
ስነ ምግባር,0
ተሞካከረ,1
አበጥሮ ፈለገ,1
ቁስሉ በላው,1
አፍላ ስራ,1
አንገቱን ረገጠው,1
ማንነት ሳያግደዉ,0
ጦርነት ወይም ብጥብጥ አቁሟል,0
ክፉ ቀን,1
ስለሆነ,0
ቆሌቢስ,1
መሆኑን ለማረጋገጥ ሞክረዋል,0
የሰለጠነ የሰው ጉልበት ያጣሉ,0
ባዳመጡት ታሪክ ላይ,0
ቀንዳም,1
ሩሀሩሀ,0
በውል ያልታሰረ በችኮላ የታሰረ,0
ከህዝቡ ጋር ተቀላቅለው ኖረዋል,0
አካል,0
የስጋ ዘመድ,1
አሳሩን ቆጠረ,1
ለቀለቀኝ,1
እሰጥ አገባ,1
ሞቅ አለው,1
የጠላቶቻቸዉ ጥፋት,0
ይለዋወጣል,1
በተዘዋዋሪ በሶስተኛ ወገን የቀረበ,0
የእኛ ሙሽራ ዘመናይ,0
በደቡብ ሱዳን,0
ሀገራቸውን ለቀው ሄደዋል,0
ራስ የለውም,1
ትርጉም የለሽ,0
እነዚህ የመናዊያን,0
ሳር ቅጠሉ ሁሉ,1
ራሱን አዋረደ,1
እዚህ ላይ,0
ባዶውን ቀረ,1
በትምህርት ሞረደው,1
አንጀቴ ቅቤ ጠጣ,1
ሰይጣን አትሁንብኝ,1
እዚህ ሁን,1
ነገሮችን በማንሳት,0
ችግር መፍጠር ማስቀየም,0
የምንኖረው በአንዲት ሀገር,0
እጄን ሲጨብጠዉ,0
በጎደለ ሞላ,1
ብው አለ,1
የፍጥነት ንባብ በመባል ይጠራል,0
የምሞቀ ቤት,1
አመተ ምህረት,0
ርሀብ ሞረደው,1
ጉልበት ብዝበዛ,0
አብሯቸው የሚሰራው ደግሞ,0
ሙክቱ ቀለጠ,1
ተፈጥሮ የለገሰችን በርካታ ገፀበረከቶች አሉ,0
ይህ የስነፅሁፍ ዘርፍ,0
ልቡን ሰወረው,1
ጥጋቡ በረደ,1
እጅ ቃጣ,1
ጥሩ ዘር ያለው,0
መግል ሰራ,1
ቡራ ከረዩ አለ,1
በዋና በእግዚአብሄር ኳስና በሌሎች,0
መሬት ይቅለለው,1
አስከሬናቸዉ ተማርኮ,0
አለቃና ምንዝር,1
እርሷ ዘንድ ይቀመጣል,0
ስጋ ወደሙን ይቀበላሉ,0
ድርብ አረፍተነገር,0
ቀጡም የምንኩስና,1
ልቡ ሸፈተ,1
በጥሩ በመጥፎ አሰራር,0
ደም ግባቱ ረገፈ,1
ውጭ ያሉትም ለመመለስ,0
ልትበሳጭ አስባ,0
ፈቅደን ሲመሩን,0
አለልክ,1
ቁም ለቁም,1
ግንኙነት አልባ,0
ምስጢር ባከነ,1
ስድ አደግ,0
ቤቴ ቤቴ አለ,1
ተራ ይሆንና ሳቢነቱ ያነሰ,0
በነገ ህልምህ የምትታበይ ከሆነ,0
ባይጎርሱ እኔን,0
ሰውነቱ ባዘተ,1
እንደ ተረከበው,1
አንደበቱ ረታ,1
በሌላ በኩል,0
በሽታው ቀለለው,1
የትምህርቱ አላማ,0
በአንድ አረፍተነገር ውስጥ,0
የንባብ ጊዜ,0
የመታደስ ሀሳብ,0
ለዛ ሙጥጤ,1
ምክንያት ከሁኔታዎች ጋር,0
ሀይማኖቱን ለወጠ,1
ሲበሉ የላኩት,1
ባይሆንለት ባይሞላለት ብዬሻለሁ,0
አክ እንትፍ አለ,1
ለመልሶቻቸውም ግብረመልስ ይስጧቸው,0
አሳፋረው ያየው ነገር አሳዘነው,0
በጥርስ ሸኘው,1
ስጋ,1
አባዛች,1
በፊት ቃላዊ ግጥምን ይጠቀሙ,0
ማልዶ ማልዶ,1
በሬው ቀና,1
አድርገንበት,0
ላይ እንደ ሌሎች ጓደኞቹ,0
ተቃለለ,1
ባርያ ፈንጋይ,1
ለስራዉ ማነቃቂያ,0
የሴት አለሌ,1
ያንበሳ መደብ,0
ነገሩን በትክክል በሚገልፁት,0
እስኪነስረው ነገረው,1
በመላ ሄደ,1
በሰው ላይ አሳበቀ,0
ወርሀዊ ገቢ ብር,0
ግምታዊ ሀሳብ,0
አፄ ምኒሊክ,0
ተፈታተነ,0
በሰፈሩት ቁና,1
ጆሮ ዳባ ለበሰ,1
ወዳጅኔቴን ሰርዣለሁ,1
መስክ ለመስክ,1
መንታ ልብ,1
ጉልበቱ ተረታ,1
ተርታ ሰው,1
እዳሪ መጣ,0
በሚያግዝ መልኩ የቀረበ,0
ረዘም ያለ ንግግር ካዘጋጁ በኋላ በሞባይል,0
አረፍተነገሮች የተገለፁበት,0
የተለያዩ የዘይቤያዊ አነጋገሮችን,0
አስብቶ አራጅ,1
ስጋ ወደሙ,1
ሀብቱን ሰነከለበት,1
መሬት ይቅለለው,1
ተሻለሽ ከተቀመጡ በኋላ,0
ከውድቅት ጀምሮ እንደጥላ,0
የነገር ርክፍካፎ,1
ቤት ይቁጠረው,1
ራሱን ቻለ,1
ዘር ቆጠረ,1
በአማራ በደቡብ በጋምቤላ,0
ፍቅር አሟጠጠ,1
መሰንቆ መታ,1
እንባው ረገፈ,1
ማመልከት የሚቻል,0
እንጨት ሰባሪ,1
ቡና ኢትዮጵያ,0
እንዲሰማቸው በሚያደርግ ሁኔታ,0
አቅም መፈጠር ነበረበት,0
የሚተላለፈዉን መልእክት,0
በመማሪያ መፅሀፋቸው ላይ,0
ስምህን ቄስ ያንሳው,1
የሚገደድበት ሁኔታ መኖሩን ያሳያል,0
ረገብ አደረገ,1
የውል ስምምነት,0
ርጋጭ ርጋጭ ይላል,1
አልተኋኋንም,1
የኢኮኖሚውን እድገት የሚያግዝ,0
ተቃቃረ,1
ስራ አጥ,0
ጠብ በቀለ,1
የምትፈልጊዉ ነገር,0
አማርኛ በፅሁፍ,0
ተደጋግመው ቀርበዋል,0
ቆርጦ ሄደ,1
ትቶት ሂዷል,1
ብርቅዬ,0
ተማሪዎች ባዳመጡት ንግግር,0
የሰይጣን ስራ,1
ሻ አለ,1
በጥቅሉ የሰው ልጆች,0
ሰውነቱ ባዘተ,1
በሆነ ቀን,0
የስጋ ከብት,1
ቀለሙ ተሰበረ,1
ክፍለ ዘመን,0
ነገር ውስጥ ማገደው,1
ቁጥቁጥ አደረገ,1
የሰው ልጅ ልብ,0
ጎደሎዋን የምትሞላበት,0
እሳት የላፈው,1
በጋምቤላና በቤንሻንጉል ጉምዝ ክልሎች,0
ጎህ ቀደደ,1
ባለ ቀትር,1
ሰረገላ ውግ,1
እርጥብ ልጅ,1
አእምሮው ተበርዟል,1
ሰው,1
ቅዱስ ሚካኤል,0
የሰዉ ሀገር,0
የሬሳ ሳጥን,0
ቤት መታ,1
የብሎት ቀን,1
ፈንጠር ወጣ ያለ ቦታ,0
እጄን በቆረጠኝ ባላደረግሁት,1
አማርኛ ወደማናቸውም,0
አልችልም,0
ነጭ ላም,0
ቁርጥ ስጋ,1
ብትክ ብትክ አለ,1
ከእለታት መሀል,0
ማንኛውም ነገር የማይቃናለት,0
ስራ ፍላጊ,0
ቂም ያዘ,1
ታቦት ተከለ,1
ማንነት ሳያግደዉ,0
ቅዝዝ አለው,1
ቃሉን ሰጠ,1
ጉቦ በላ,1
ሁሉም ይለፈልፍ ጀመር,0
ካርኔ ቆራጭ,1
ክፍል የአረፍተነገር አይነቶች,0
ርጥብ,1
ተመረቀና ስራ ያዘ,0
ማየት የተለመደ,0
የትምህርትና የስልጠናው ደረጃ,0
መሆኔን እወቁ,0
ዛሩ ተሾመ,1
የሰው አይን ሆነበት,1
ቂም ያዘ,1
በመርሆችና በህግጋት,0
አትኩራራብኝ,0
መሬቱ ተርቧል,1
በፅሁፍ መግለፅ ከመጀመራቸው,0
ቀን ወጣለት,1
ራስ ተስሞ,1
በእኩልነት,1
ልማድ በግጥሞቹ ይተላለፋል,0
በቅናሽ ዋጋ,0
ዳኛን ሰበረ,1
ርጥብ አማኝ,1
ምንነትና አፃፃፍ ማስታዎሻ በመስጠት,0
በሞሰብ ያለ,0
በራስ መተማመን,0
የማሳመን የፅሁፍ ቴክኒኮችን,0
ለመሆን መወሰን,0
በሳቅ ተተረተረ,1
ሀሞቱ ፈሰሰ,1
ህግ ገባ,1
ፀሀይ መታው,1
የሴትምህርትምህርትምህርት ቤት,1
እህል ውሀው ተበጠሰ,1
በንግድ ስራ ተሰማርተው ኖረዋል,0
ተብሎ ስለሚታሰብ አብዛኞቹ,0
ገናና,0
ገደደኝ,1
ማንኛውም ሰው,0
ከመሄድ ይልቅ,0
ኤድያ,0
መንዝ ላሎ ምድር,0
መጥምቀ መለኮት,0
ነጭሽንኩር,0
ነገር ቀረቀረ,1
እንኳንስ እንዲህ,0
አስተካክለህ እውነቱን,0
ሰለጠነባቸው,1
በቁሙ ተመለሰ,1
መስክረም ሲብት,1
አልተኋኋንም,1
በጥብቅ ለመነ,0
አሰባሰበ,1
በተጨማሪ ሁሉም ተማሪዎች,0
አታረግርግብኝ,1
ነገሩን ረገጠ,1
እርግጠኛ ምክንያት ይደብቃሉ,0
ሀብት አፍርተው,0
ፍሬማ ሀሳቦች,0
የተቃኙ,0
ምስጋና ይግባው,1
ታሳውቁን ዘንድ,0
በቁጣ ተመለከቱ,0
ቀንዳ ቀንዳ አለ,1
ከልኩ አያልፍም,1
ሰንደቅ አላማ,0
መጠቆም ማመልከት,0
ከደረሰበት ደረጃ ጋር የተጣጣመ,0
ቤተ ዘመድ,0
ብስል ተቀሊል,1
ተመሳሳይ ሀሳብ,0
ግድግዳው ሰምበሌጥ,0
ይቅር ባይ,1
ቤቱ ተረጋጋ,1
ምንጭር ቆራጭ,1
ቆንጣጭ,1
እንኳንስ እንዲህ,0
ዋጋ ቆለለ,1
ብልት አወጣ,1
ኢክራም ባለቤቷ ስለመጣ ተደሰተች,0
ሰፊ ውይይት,0
ልትበሳጭ አስባ,0
ተረባረበ,1
ከ፻፹ አ ም ወዲህ,0
ይሄ,0
የበላን ያብላላዋል,1
ፍቅር ጉልበቱ,0
ቅልቅል,0
ታቦት ተከለ,1
ቤት አፈረሰ,1
ልታየዉ የማትችለዉን,0
ብስል ተቀሊል,1
የሚገልፅ ሰንጠረዥን ተርጉሞ,0
የስራ ስልታዊነት ያላቸው,0
በሆነ ቀን,0
የሚሳብ ሀሳብ,0
ብላ ተባላ,1
አየር መዛባት,0
ምስጢር አየ,1
አለቻት ነርሲቱ,0
በገ ፈጅ,1
ጠማማ ወንበር,0
የፍቅር ግንኙነት,0
አልተስማማንም,0
ባህር እሳት,1
ልበ ደንዳና,1
ደራሲያቸው አይታወቅም,0
ነብስ አወቀ,0
ወሬ ነጋሪ,0
አፍንጫውን በስቶ ያዘው,1
ቢስ አይይህ,1
መሬት አስላሰ,1
ህግ ሰበረ,1
ዘፈን አልሰራችም,0
የቋንቋ ተግባር ደግሞ ቋንቋ የሚሰጠውን,0
ሙሉ እዉቅና,0
ከተቆረጠ በኋላ ከሀይማኖታዊ,0
በለውጡ ወዲያውኑ ያገኛል,0
ማዶና ማዶ,1
በወጡ ዘሮች,0
መጥፎ እሴቶች,0
ቁርጥ ስጋ,1
ልቡን አወለቀ,1
ውስጥ የተሰመረበት ቃል አሰረ,0
በየምክንያቱ,0
ቁስሉ ሸፈጠ,1
ሰልፍን አሳምር,1
ከማን አንሼ,1
ትእዛዛዊ አረፍተነገር,0
ቁም ስቃይ,1
ትዳሩን አሸነፈ,1
ሲቃ ያዘው,0
ለበረከቱ,1
ሰላም ረግቷል,1
ደን ጥብቃ,0
ልበ ቀላል,1
ልቅም ያለች,1
ጎን አጥንት,0
በነገር ሸነቆጠው,1
መጠቀም መገልገል እድል,0
ተማሪዎችን በቡድን ሲያደራጁ,0
የስራ አጋር,0
ልምድ የሌለው,0
ቋንቋ ለቋንቋ,1
ለልጁ ሳሳ,1
በምሳሌ የተደገፈ በቂ ገለፃ ያድርጉላቸው,0
መያዙንና ተገቢ ድጋፍ እየተሰጠው,0
መከራ ተቀበለ,1
ስለአስረጂና ሌሎች አንቀፆች,0
በቀጥታ የተሰራውን ስራ,0
ሬስቶራንቶች,0
ለመምህር የተሰራ,0
ስጋዊ ህይዎት,0
ተባላ,1
መንከባከብ መጠበቅ,0
ቅጠል የለሽ,1
የምእላድና የቃል አንድነትና ልዩነትን,0
አፕል የቋንቋ ገበታዎቹን,0
ብትን ወረቀት,1
ያንበሳ መደብ,1
በተለየ ሁኔታ,0
ብርክ ያዘው,1
እንደ ተረከበው,1
አርመኖች ተሰደው ከሄዱባቸው,0
አያስችለውም,1
ስደተኞች በኢትዮጵያ ይገኛሉ,0
አለከፈ,1
በሀብር ውስጥ ዥንጉርጉርነት አለ,0
በክርክር ውስጥ በንቃት መሳተፋቸውን,0
መልካም እድል,0
መለስ ቀለስ አለ,1
ፅንሰ ሀሳብ,0
ልቡን ቆረቆረው,1
የተፈለገውን ፅሁፍ,0
በራዥ ከላሽ,1
ቆማ ቀር,1
በትር ቀመሰ,1
ድርብ,0
ራሱን በማስጠም ራሱን,0
ዋንጫ ልቅለቃ,1
ዘወረደ ቅድስት,0
ያለ ስራው የገባ ሰው,0
በትክክል እንዲሰሩ በቂ ጊዜ ይስጧቸው,0
ሰባራ አታገባም,0
ስሜት ቀጣዩን ገፅ,0
ነገር ውስጥ ማገደው,1
ደግሞ ወጣት አበባ አንዷ ናት,0
ሶስት መቶ አምሳማ,0
ከባሏ ተፋታች,0
ኬላ ሰበር,1
አርእስተ ነገር,1
ምጋቤ ምላሽም ይስጧቸው,0
ማልዶ ማልዶ,1
አደጋ ስላየ,0
ምሁራን በቋንቋ ምንነት ላይ,0
ቤተ ሰሪ ኋላ ይመጣል,1
መድሀኒት ቀመሰ,1
የአይን ቆብ,0
በሁሉም አንፃር ሲታይ,0
መማለጃ በላ,1
አራጋፊ,1
ተረባረበ,1
ዳኛዉ ሰማ,0
በመፃፉ ተፀፀተ,0
መምጣት ያጠናከረ ሌላው ህግ,0
ቀዝቃዛ ጦርነት,1
እድለኛ ነኝ,0
ተባራሪ ነጋዴ,1
ራሱን ቀበረ,1
አረፍተነገሮች ውስጥ አንዱ ቃል,0
የተለየህ አይደለህም,0
በፅሁፍ እንዲያቀርቡ ያድርጉ,0
ዳኛው ሰማ,1
ሰው ሰራሽ,0
በሽታው ወጣለት,1
ቅድስት ጉባኤ,0
የስጋ ቁራጭ,1
አይነት,0
ሰባራ ስንጥር,1
የግንባር ስጋ,1
ማእድን ሀብት ልማት ቢሮ,0
ቀላል ነዋ,0
በኢትዮጵያ የግብር ቀረጥ አጀማመር,0
መዘንጋት አልነበረብኝም,0
ጨዋታው ሞቀ,1
ሆደ ባሻ,1
አራት ሊትር ወጣት,0
መልከ መልካም,1
ይሯሯጣል,1
ባጠፌታ እንዲከፍሏቸዉ,0
በማደግ ላይ ያሉ አገሮች,0
አንድነትና ብዝሀነት,0
ሰውንቴ ረገፈ,1
ብትባል እንጂ,0
ሳይሆን ባልመረጣቸውና በማያውቃቸው,0
አለምን አሸነፈ,1
ፀጋ ልበስ,1
ተንታና አምባሰል,0
ቀኔ,1
ምግብ ያበስላሉ,0
ተወት አደረገ,0
የበጋ ወጣት,0
የሰይጣን ነገር,1
የማሪያም ምሳ,1
ከሞላ ጎደል የማይታይና የማይጨበጥ,0
ምስጥር ቀበረ,1
ተጨማደደ,0
ልቡን ሰበረው,1
ይፈልጉ,0
የአማርኛ ሀረግ አይነቶች,0
ነገር ግን,0
ሙት አማጣኝ,1
ገጣሚ ሰው,0
ይቻላል,1
ረሀብ ቆነደደው,1
ትኩስ ትኩሱን,1
አዲስ ምስክር,0
ትቶት ሂዷል,1
እየተንቀጠቀጠ ይታዘዛል,0
በጣሊያን ወረራ ወጣት ተቋርጦ,0
ከሰው ፊት ስንመገብ እናፍራለን,0
ቤት መጣ,0
ነጭ ሽንኩርት,0
መጀመሪያ መፅሀፉ,0
በረከት ወረደ,1
ለግል ለራስ ማድረግ መውሰድ,0
ትሁት ሰው ገጠመኝ,0
አስመሰከረ,1
ቁጥብ,1
ልበ ሙት,1
እሳት የላሰው,1
ገፁ ላይ,0
ትህትና የተሞላበት,0
ይቅር አለ,1
ነገር ሰራ,1
ከወቅታዊና ነባራዊ ሁኔታዎች,0
ባዶ ለባዶ,1
የሚጠይቅና ለተመረጡ ሰዎች,0
አፅመምህርስት,1
ነጠላ አረፍተነገር,0
እሱን እንድትንከባከብ ትደረግ,0
ልበ ቢስ,1
ልቃቂት ለቀቀ,1
የንግግር ክሂሎቶቹን,0
አለቃችን ሆደ,0
ድርብርብ ማንነቶችን አቻችሎና አካትቶ,0
አራገፈ,1
አበበ ሄደ,0
ቅበ ቢስ,1
ፊደል ቆጠረ,1
ማስታወሻ በተማሪዎች መፅሀፍ ላይ ቀርቧል,0
ተባሰል,1
የቀረበውን አጭር ማስታወሻ,0
ሚስቱን ለቀቀ,1
ተወው,1
ጉልበቱ ተሸነፈ,1
ነገር ቀረቀረ,1
ቅልጥጥ ቅብጥጥ አለ,1
ምኒልክ ኢትዮጵያ,0
እነዚህ አሀዶች ትርጉም ወዳለው,0
የቁም ከብት,1
ሲዘጋጁ በቅድሚያ ለተማሪዎች,0
ተመራምረው የሚያገኟቸው መልሶች,0
በሀሰት ለጠፈበት,1
በአይነትና በብዛት በቂ የሆኑ,0
ነጭ እሾህ,1
ማሰልጠኛዎች ወዘተ,0
ጆሮ ዳባ ለበሰ,1
ምድርና ሰማይ ዞረባት,1
ጥል ይፈጠራል,0
የተለያዩ የግስ ጊዜያትን ተጠቅመው,0
ቁልፍ ቦታ,1
የክፍለ ትምህርቱ አቀራረብ,0
የመንደሩ ሰዎች,0
የአንድ ሀገር መደበኛ ገቢ,0
አርከፈከፈብን,1
ጋር ያላቸው ግንኙነት,0
እዚህ ሁን,1
ከፍተኛ ጥረት አድርገዋል,0
አየሆነ በመምጣቱ,0
አይን አፋር መሆን,0
ቂጣ,1
ጤናማ ግንኙነት,0
ተራ ነገር,0
ጥፋተኛዉ እኔ,0
በጅ አለ,1
ምናምን,1
ልቡ ራሰ,1
ወጡን ቅቤ ነሰረው,1
ባለቅኔ,1
ምርጥ ዘር,0
በሰበሰ,1
ይህ የምሁራኑ ስደት,0
ፍርድ ቀጠነ,1
ብረት ለበስ,1
ስብስብ,1
ሴተ ቋንቋ,1
ሀፍረት ለበሰ,1
ሆዱን በላው,1
አልሙናይ ዳይሬክቶሬት,0
ከምስራቅ አፍሪካው ስዋሂሊ,0
በሙግት አዋቂነቱና,0
ደን ጥብቃ,0
በመማሪያ መፅሀፋቸው ላይ,0
ማርም አይልስ,1
ራሱን ሰወረ,1
ጉልበቱ ተረታ,1
ፊቱ ተሸበሸበ,1
መሬት ሰነጋ,1
እንትፍ እንትፍ አለ,1
የግል አስተያየታቸውን እንዲሰጡ,0
ጥሬ ቃል,1
ምጥ መጣ,1
ቂጡን ጣለ,1
ቆሽት አንድድ,1
በል በል አለኝ,1
ቆጠረ,1
ስራቸውን በአግባቡ መስራት,0
ምኒልክ ኢትዮጵያ,0
ቁርበት ጣሉለት,1
ስሙን ተከለ,1
አፈር ቀመሰ,1
አንዳንድ ነገር,0
ስድብ ቀመሰ,1
ልቡን መታው,1
የሽ ጥላ,0
በለስ ቀናው,1
የሚነገረዉ ሀሳብ,0
ባላገር,1
ቅንድብ መሸለል,1
ፍቅሩ ቀዘቀዘ,1
ቀልቡ ወደደው,1
ልቃቂት ለቀቀ,1
መጥኔውን ይስጥሽ,1
ልበ ሰፊ,1
ሰንካላ ምክንያት,1
አሸበሸበ,1
በእጅ ሲፃፍ ቆይቶ,0
የጋሀነብ እሳት,0
መንፈሳዊ በሆነ መንገድ,0
ግዙፍ የጫማ ፋብሪካ ዳርማርን,0
ቂጣም,1
ፎቶ ኮፒ,0
ቢያክ ቢያክ አለ,1
ድርብ ድብልቅ አረፍተነገር,0
የሰውን ልክ,1
ባዶ ባዶ,1
መራውን ወጣ,1
ሸክም,1
አሻሮ ቃሚ,1
ሎሚ,0
ወጣት ተስፋዬ ይባላል,0
ለካከፈ,1
የበለጠ ገንዘብ,0
ተራ መታ,1
ደህና ሁን,1
መስጠታቸውን ማረጋገጥ,0
የቃል ክፍል ውስጥ የሚመደቡ,0
አይኑን ሰቅሎ አዬ,1
ዘንዶ ማገር,1
እንዳይናገር ተከለከለ,0
ገንዘቤን ላፈኝ,1
ህይወት ያለእጆችና እግሮች,0
ባዘቶ ገላ,1
ቀደም ቀደም አትበል,1
ውጋት ሸከሸከው,1
የቤት ኪራይ,0
ተራራውም ደንቆሮ,0
ራሱን ነቀነቀ,1
ሁለት ነጠላ አረፍተነገሮች,0
መላቢስ,1
ሁሉም የአንቀፅ አይነቶች,0
በአሁኑ ጊዜ,0
ልቡን ማረከው,1
የወህኒ ቤቷ,0
ብድር መላሽ,1
እጆቹ የእንቅስቃሴ ትእዛዝ,0
ልቦለድ ድርሰት,0
በትህትና እንጠይቃለን,0
ነገሩን አብላላው,1
ልበ ብር,1
እንባው ረገፈ,1
መለያየት,0
ቁስሉ ሰፋ,1
የራስ ፀጉር,0
ጭንቅላታም,0
የቤት ልጅ,1
ገንዘቡን በተነ,1
ባህላዊ ዘፈን,0
በተመለከተ በምሳሌ የተደገፈ,0
ህክምናው ከተደረገለት,0
እራስን መጥላት,0
ተፋበት,1
የማሀበረሰቡየአኗኗር,0
ምናምን,1
በተነ,0
ጎን አጥንት,0
ይወጣት,0
አካሂዱና የውይይታችሁን ውጤት,0
ፅሁፋቸውንም በማረም,0
የእቡይ ሞረድ,1
መስቀለኛ መንገድ,1
ወይዘሮ ላቀች፦,0
ትከሻ ቢስ,1
ለመጨባበጥ የተጠቀሙባቸው,0
እግረመንገዴን ልጠይቅሽ ብዬ እኮ,0
እጀ ሴሰኛ,1
ቃላዊ ግጥሞች,0
ዘበኛ,0
የሰው እቃ ከማንሳት የማይቆጠብ,0
ለአህያ ማር አይጥማትም,1
ባዶ እጅ,1
ራሱ የማያድን ሌላም የማያድን,0
የሚያስፈልጋቸውን,0
ጥያቄ ውስጥ ይገባል,0
ታላቁ ጥቁር,0
ይልሰው ይቀምሰው አጣ,0
የሰጠ ይታክታል,1
ሁለት ምላስ,1
አንጀቱን በላው,1
የሰው በታች,1
ባልሆነ,1
ክንዱን ማንሳት,0
ልብቡ አልሰከነም,1
እውን,0
የከተማ መናኝ,0
ብላችሁ ትገምታላችሁ,0
ህዝቡን አስተባብሮ ግብር የሚያስገባ,0
መቀነቷ ተፈቷል,1
በሽታ ሸመተ,1
መቋለፍ,1
ለብ አለው,1
ደግ ቀን,1
ይቅናህ,1
ልሳኑ ተዘጋ,1
የጋራ መግባቢያ ቋንቋ በመሆን,0
መድሀኒቶችን ዘመናዊ በሆነ መንገድ,0
አገር ረጋ,1
እራስ የሌለው,1
ስርራ ፈታ,1
ትልቅ ሚና,0
ቁመተ ዶሮ,1
ለዛ ሙጥጤ,1
ምሳ አደረገ,1
በተለይ ብድርን በተመለከተም,0
መድሀኒቱን ለመቁረጥ,0
ምድርና ሰማይ ዞረባት,1
ክፍል,0
የኔ ቢጤ,1
ምርዘት መመረዝ,0
ሁሉ,0
ለአለቃ ይሾራል,1
ሞት በቃ,1
ሰቀላ ቤት,1
እውነተኛ እድል,0
የሴትምህርትምህርትምህርት ቤት,1
በሽታ ሸመተ,1
መስክ ለመስክ,1
ያምር,0
ሆዱን ቆረጠው,1
ልቡ ወደደ,1
ኑሮ ቀያሪ,0
እባክዎ መምህር,0
የግንባር ስጋ,1
ጥበቃ ይካሄዳል,0
አነጋገሩ ቀለለ,1
ተው ባይ,1
ከነገር ሸተት አለ,1
በመጨረሻም,0
አዋቄ ሰው,0
ልቡ ተሰነጠቀ,1
መንገድ ቀጠለ,1
ልቡ ሻ አለ,1
መሬት አሟሸ,1
የንግግር ለውጥ,0
ቢከፍቱ ተልባ,1
ዛሬ,0
እሱን አየሁ,0
የስፖርት ማዘውተሪያ,0
በቃል እንዲናገሩ በመጠየቅ ማረጋገጥ,0
ቅር ቅር አለው,1
ነገር ቆሰቆሰ,1
ሞት ቀነጠሰው,1
በመቆፈር ሀብቱን በማውጣት ይጠቀማሉ,0
ልበ ጡል,1
መስክረም ሲጠባ,1
ልቡ ቋመጠ,1
ለይቶ አየ,1
ሆዱን ቦረቦረው,1
መሉ ጤና,0
ተቋቋመ,1
መቆያ,1
ሰርግና ምላሽ,1
ቂጥ ለቂጥ ገጠመ,1
ምድር ፊት,1
ቂጡን አሳየ,1
ፎቶ ኮፒ,0
ዘላለማዊ ፍቅር,0
አርሶ ዘነበ,1
መሆን ባለመቻሉ,0
ተባቃ,1
በራዦች,1
የጦር ምሰሶ,1
ሰው ሰው አትበል,1
ሲበዛ ፈጠራን የታደለ,0
መካከል ያለውን ሚዛናዊነት,0
ወደደብረ ወርቅ ይሄዳል,0
መምህርተር ልምዱ,1
ቃልን የሚመለከት ትምህርት ቀርቧል,0
የመኪናዉን ሞተር,0
ስነ መለኮት,0
ለቤተሰቡ ገንዘብ ማምጣት ይጀምራል,0
የቀለም አባት,1
ስነ ልቦና,0
ቅጠ መልካም,1
መሀል እንደ ወሸቀ,0
የቀበጠ ቤት,1
አለልክ,1
በዩኒቨርሲቲ ቆይታውም,0
እንደ ቢጤው መምህር,1
የቅናት ስሜት,0
ተበላ,1
ቡፍ አለ,1
ዳኛ ረግጦ ሄደ,1
መኝታ ቤት,0
አክ እንትፍ አለ,1
መደንገጥ አያስፈልግም,0
ቀን ወጣ,1
የቤት ጣጣ,1
በዥንጉርጉርነት ውስጥ ሀብር,0
አንጀቱን ቆረጠው,1
ራሱን ነቀነቀ,1
በሽታ ይበዛበትና በዛብህ ይባላል,0
ላይ ላዩን ሄደ,1
ገላጭ አጭር ቤት,0
ብረት ሰራ,1
ቤት የመለሰው,1
የበቀል እቅዳቸዉን,0
ካንድ ወንዝ የተቀዱ,1
በሂሳብ አያያዝና ፋይናንስ እቅድ,0
ይቅር ተባባለ,1
ችክ አለ,1
ተምች መታ,1
በትር ቀመሰ,1
በገና ምት,1
ቅቤ ጠባሽ,1
ከዚያም በር ይንኳኳል,0
ዝም ብሎ ከመግፋት,0
ያ አይነት ሁኔታ,0
ብርክርክ አለ,1
ማሀበራዊና ስነልቡናዊ,0
ገዢው በህዝብ ላይ ሰነፈጠ,1
ከተካኑት ጥበብና ሳይንስ,0
ተምሳሊተ ብዙ,1
ሀገራዊ እቅድ,0
ይህን ማድረግ ያልቻለ መንግስት ደግሞ,0
ሊኖረዉ አይችልም,0
ልቡ ቋመጠ,1
ጥገኛ አረፍተነገሮች የሚዋቀር,0
ወደአዲስ አበባ ትሄዳለች,0
ቅጥቡ ሞላ,1
የአማራ ክልል ገቢዎች ቢሮ,0
ያለሽኝ አንቺ,0
ልቡ ዋለለ,1
አይኑ ቀላ,1
ተማሪዎች ተጠየቂያዊ ቅደም ተከተሉን የጠበቀ,0
ሊከፍል የሚገባውን መጠን,0
ልቡ ራሰ,1
ርጥብ አማኝ,1
ወዘተ ጎኖችን ያካትታል,0
መግለፅ መቻላቸውን መከታተል,0
ዝናብ መታው,1
አገሩን አቀና,1
ሆዱ ተቆለፈ,1
በክፍል አራት ትእዛዝ አንድ ላይ,0
ያለምንም ህክምናዊ ማብራሪያ,0
ባለህበት ርጋ,1
ትንሽ,0
እድል ይዞ የሚመጣ,0
ታሪክ ሰሪ,0
እምየ ምኒልክ,0
ቀልበ ጮሬ,1
ቂም ያዘ,0
መዝገቡ በመጣደፍ,0
አይደረግ,0
በአንዲት ጎጆ ቤት ይገናኛሉ,0
የሰለጠነ የሰው ጉልበት,0
ንስሀ አባት,0
የብሎት ቀን,1
መንገዶች,0
የግራ ጎን,0
ቤቴ ቤቴ አለ,1
ለቅሶ ቤት,0
የአረፍተነገር አይነቶች የቀረበውን,0
ከአንገት በላይ,1
ነገር ሻጠብኝ,1
ቀለም ገባው,1
በርካቶቹ በ ዎቹ,0
ራሱን ቀበረ,1
ሆዱ ሻከረ,1
መልሶችን በደብተራቸው እንዲፅፉ ይዘዟቸው,0
ፊቱ መጠጠ,1
አይኑን ሰቅሎ አዬ,1
ሰውየው ተጣብቶኛል,1
አልታዘዝ አለ,0
ካልሆነ,0
መሰረታዊ ልዩነት ያለው የዳኝነት ስርአት,0
ቢረግጥ ይገል,1
ማዶና ማዶ,1
ብረ ሸሽ,1
ትምህርት መምህር,0
ባለ ወግ,1
ሌባ ውጋት,1
መጠን ገላጭ,0
ቃሉን አከበረ,1
ማገልገል መጥቀም,0
አስራ አምስት ቀናት,0
የሰው ስም ሰበረ,1
ቀስቱን ለጠጠ,1
ቀኑ በራ,1
ቱግ አለ,1
የምንባቡን አጠቃላይ ሀሳብ,0
ሙሉ ሰው,1
የሰው ባዶ,1
ከኢትዮጵያዊያን ጋር ተዛምደው,0
ጠበል አስመታ,1
የጉም ሽንት,1
ልቡን አወለቀ,1
በፌደራሉ መንግስት,0
ቅል ኪዳን ተጋባ,1
ሙሉ እምነት,0
በትምህርት በሰለ,1
ሰራተኛ,0
የሚቻል ከሆነ,0
ብርድ ብርድ አለው,1
ሳላስበው ክፉ ነገር ነገረኝ,0
ምናምንቴ,1
አንድ ሰንጠረዥ ቀርቧል,0
በኢትዮጵያ እንደሀገራቸው,0
ሁን ያለው ይሆናል,1
አስበቃ,1
የቀለም ቀንድ,1
የሰቆጣ ነጭ ማር,0
መንዝ ማማ ምድር,0
ቁርባን,1
በጥያቄ ቁጥር ሶስት,0
አይነ ምድር,1
ቀኝ ቀኙን ያስመልክትህ,1
ተቆረቆረ,1
ወሬ ነጋሪ,0
ተውኔቱን ካነበቡላቸው በኋላ,0
ለልጁ ሳሳ,1
በአጠቃላይ የሰውልጅ,0
የወርቅ ሜዳልያ,0
ተበሳበሰ,1
በሳምንት ዉስጥ,0
ዘመናዊና በዝርው የሚቀርብ,0
ስርአተ መንግስት,0
ብቻዉን መቀመጥ,0
ሊያስደምጣችሁ እንደሚችል,0
ሀላፊ ዋና ተጠያቂ,0
በጥይት ቆጠረበት,1
በሶስት አንቀፅ አሳጥረው እንዲፅፉ ያድርጉ,0
ካልሞከሩ,0
ስራዬ ብሎ,1
ተሽጦ,1
ማሀበራት,0
የመምህር መምሪያ,0
ማንቆርቆሪያ አፍንጫ,1
በዱላ ቀለጠ,1
የእግዜብሄር በትር,1
መስተጋብርን መፍጠር መቻል,0
በአግባቡ መመለስ መናገር,0
የጋሀነብ እሳት,0
የመድሀኒት እፆች አሉ,0
ደህና ሰንብቺ,0
የአማረኛ ፈሊጦች,0
የሀረጋት አወቃቀር ተዋቃሪዎች,0
ችቦ ተቀባይ,0
ቁና ቁና ተነፈሰ,1
ስድ አደግ,0
ኬላ ሰበረ,1
የእሱ ስራ,0
አፍንጫውን በስቶ ያዘው,1
ባህር,1
መልስ ያለ,1
ወጡን ቅቤ ነሰረው,1
ጋር ለማስማማት ሲባል,0
ቂጣም,1
አባ ሰንጋ,1
ግልፅ እንዲሆንላቸው,0
የሌሊት ወፍ,0
የበይነመረብ መረጃዎች,0
ልጦ ጎርዶ አወጣ,1
ድርጊትን ወይም ኑረትን,0
የቃላት መንጋ በጥሞና ይመረምራል,0
የትውልድ ዘመነ,0
ቆነጠጠ,1
በኦፓል ማእድን ቁፋሮ ስራ ላይ,0
ቀባ,1
ተምሮ ስራ ከያዘ በኋላ ባለጠየቁ,0
ባዝራ ተድንጉላ,1
ሰውኛ ዘይቤ,0
ቤተ ሙከራ,0
ህሊና ቢስ,1
ቃላዊ ግጥሞች,0
በመጀመሪያ የሰው ልጆች,0
ሀሳብ መስጫ,0
በአፋዊና አንዳንዴ በፅሁፍ,0
ቅርፅ ገላጭ,0
ለትምህርት መጥተው የቀሩ,0
ሆስፒታሎች,0
ለውርደት ሲያጩን,0
እረስሀለሁ,0
ስላስታወስከኝ በእጅጉ አመሰግንሀለሁ,0
ይቀለኛል,1
ቁመተ ስጋ,1
ቁም ከብት,1
ያስቀሩባቸዉን ጥቅም,0
አንድ ግስ,0
አጥጋቢ መረጃዎች ማቅረብ,0
ማሸነፍ ድል መንሳት,0
ልበ ገር,1
ልቡ ተረጋጋ,1
ምራቁን ዋጠ,1
የእጣ ነገር ሆኖ ግን ሳይሳካ ይቀራል,0
እህል ውሀው ተበጠሰ,1
ስመ ጥር,1
አራሳት,1
አይ,0
አፅመምህርስት,1
አታለለኝ,0
ደህና ቆይተዉ,0
የሰባ ነገር,1
ረገብ አደረገ,1
ንባቡን ለበለበው,1
አያይም,0
እንዲያነቡት ያድርጉ,0
በአጠቃላይ ይዘቱ,0
ሽታው ለወጠ,1
ልብስህን ሰብስብ,1
ልቡ ራሰ,1
ተራ መታ,1
ፍሬው ተንተርክኳል,1
መነሻ የሚሆን ፅሁፍ,0
የባህላዊ ህክምና,0
ቅዳሴ ታጎለ,1
ልብ አለ,1
ተወኝ,1
መኝታ ቤት,0
ቅሌም ይኸው,1
ቃላዊ ግጥሞች,0
ሾላ በድፍን,1
ቅጥብ,1
ባህላዊ ህክምና ከጥበብ የሚቆጠረው,0
የሩቅ ዘመድ,1
ላይ በሌ,1
የሀገር መከላከያ ሰራዊት,0
አማርኛ ለብዙ ዘመናት,0
በመጠጥ ተራጨ,1
በባለፈው ምሽት,0
ቆቅ ውሀ ተብሎ በሚጠራው ቦታ,0
ፖስታ ቤት,0
ብትክ ብትክ አለ,1
ባዝራ ተድንጉላ,1
ጣቱን ከመፅሀፉ,0
አሜሪካዊ እጁን ከትከሻ,0
ጋኔን ለከፈው,1
ሰርግ ደገሰ,0
የሚገልፅ የአረፍተነገር አይነት,0
ጦሩ በረደ,1
ልብ ነሳው,1
አወያይ አንቀፅ,0
ለጋብቻ የሚቆረጥ,1
አስረጂ አንቀፅ እንዲፅፉ ያድርጉ,0
ጉዳዮችን,0
ውሽቱን ቀደደው,1
አቋቁሚኝ,1
ሀይል ተሰጠዉ,0
ቀደም ቀደም አትበል,1
ትንሽ ልጅ,0
ከዚህ ቀጥሎ ቀርቦልዎታል,0
ጉዱ የተሰኘው ካሳ ዳምጤም,0
በገ ፈጅ,1
ችግሬ,1
በመጨረሻም,0
ሰውዬው ቡዳ,1
ትከሻማ,1
ታጥቆ ተነሳ,1
ምላሱ ተባ,1
ጎህ ቀደደ,1
ምንኛ ጠግበሀል,1
ልዩ ልዩ መሰረተ ልማቶች,0
ልቡን ከዳው,1
በልዩ,1
ቀኑ በራ,1
አልቅሳ አንጀትዋ,0
በቁሙ ተመለሰ,1
ለቃላት አገባባዊ ፍቺ ተቃራኒ ፍቺ,0
ወፍራም,0
የቋንቋ ትምህርት ይዘቶች,0
የክፍል ውስጥ,0
ቁስሉን ነካው,1
እንደ ማግኔት ይስባል,0
ቃልዎ ይድረሰኝ አለ,1
ቢል ያለች እንጀራ,1
እርግጥ,1
አሁን ላይ,0
የዛር በቅሎ,1
አውስትራሊያ ውስጥ ተወለደ,0
በእያንዳንዱ የመፅሀፍ ቅጠል ላይ,0
ምላሱ ተባ,1
ለምርት ሽያጭ ውጤታማነት,0
ቃጠሎ,1
ስጋዬ,1
ትጥቅ,1
ታዲየ,1
መሆን የጀመረው ደግሞ,0
በረከት የለሽ,1
ልበ ሙሉ,1
ቤት አፈረሰ,1
አልመስማማቱን ገለፀ,0
በመፍጠርና ተጠቃሚ በማድረግ,0
እንባ ተናነቀው,1
ተንኮል,0
የማትችለዉ አደጋ,0
ሰው,0
ደሞዝ ደረሰ,0
ልቡ ሻ አለ,1
ጦሩ በረደ,1
ረገጠ,1
ለብቻ,1
ሰዉ ወደደ,0
ቤት ለንግዳ,1
በመጠጥ ተራጨ,1
ዋጋ አሳበረ,1
በመላክ ላይ,0
ማራቅ መሸሽ,0
ፓለቲካዊ ተሳትፎ,0
ሀገር ዉስጥ,0
ማላ ፋቱ,1
በራዲዮና በጋዜጣ አስነግርለታለሁ,0
ሳይሮጡ የሮጡ የሚመስል,0
መቀነትሽን አጥባቂ,1
ባትህን አሳዬኝ,1
ሁሉንም መፃህፍት,0
ከዚያ በፊት ግን ፅሁፍን አሳጥሮ መፃፍን,0
ቂሙን ቀረፈ,1
ቢፀዳ ቤቱ,0
የፀሀይን መውጣት ተከትሎ,0
ክፍል ከተማ,0
ሽጓጣ,1
ሁሉም ቶሎ አስገብቶ,0
አመድ ፊት,0
የክፍል ስራ በመስጠት,0
በሰበሰ,1
ስርአተነጥቦችን የምንጠቀመው,0
ሲያቀና ዋለ,1
ባህላዊ ጫወታ,0
የገንዘብ ድጋፍ,0
ወካይ ነገሩ ተወካይ በመሆን,0
በአዎንታ ራስዋን ትነቀንቃለች,0
እስቲ ልውስ ትልና,1
በለስ ጣለ,1
እንዲሁ ከክንድ በመለስ,0
ሰዎች ከሆኑ,0
እነሱ ባያዩ,0
ጀመረ,0
ባህሪ ገላጭ,0
ቆቡን ጣለ ክህነቱን አፈረሰ,0
ጎመን በስጋ,0
ሰው በተናጠል አይኖርምና,0
የቅባት እህል,0
ኮከብ ቆጠረ,1
ሰኔና ሰኞ,1
መከራ ቀመሰ,1
ብቅል አውራጅ,1
ምቾትና ገንዘብ አሳዳጅ,0
በለስ አገኘ,1
ወደአዲስ አበባ ይሄዳል,0
አከንባሎ ሰበረ,1
ትንሽ ጊዜ,0
ባህር እሳት,1
ትከሻማ,1
አንገቱን ሰበረ,1
ቀን ለቀን,1
ጆሮውን ሸመጠጠው,1
ፈተና እየተፈተኑ,0
ግለሰባዊ አመለካከቶች,0
ባህሩን በዋና ቆረጠ,1
ሁለት ወጣት የፈጀው ጥናት,0
እድል ሆኖ በዛብህ ይተርፋል,0
የሰው ጉልበት አገራቸው,0
ይህም ቃላትን መርጠን,0
መምህራን እያንዳንዱን,0
የሚካሄድ ህክምናም ከባህላዊ ይመደባል,0
የልብስ ቅድ,1
በገና መታ,1
በዉሸት ፈገግታ,0
በሰፈሩት ቁና,1
ለጋ ጨረቃ,1
ለከት የሌለው,1
ጉዳይ ቆረጠ,1
በዱላ አለፋው,1
ሁለቱን የቋንቋ እውቀቶች,0
ለሹመት በቃ,1
ልበ ቆራጥ,1
የጣሪያ ስር,0
በቃልሉ ፀና,1
የውል ስምምነት,0
ስለሆነም የአንድ ሀገር የኢኮኖሚ እድገት,0
ሰብለም መንኩሳ,0
መከራ ቀመሰ,1
መከራ ሸመተ,1
መንገዱ ቀና,1
ምንም እንኳ ኒክ,0
ተጨማሪ ገለፃ ያድርጉላቸው,0
ማራቅ ማግለል,0
ለሌሎች ተማሪዎች ንግግር ማድረግ ጀመረ,0
ልቡ ታወከ,1
በምኒልክ ዘመነ መንግስት,0
ልጨኛ,1
ትኩስ ፍቅር,0
የእንጀራ ምጣድ,0
ሂያጅ,1
ቅጡም እንዲያ,1
ለአለቃ ይሾራል,1
አከራካሪ አንቀፅ,0
ኑሮ በዘዴ,0
ሰውነተ ቢስ,1
ለሀሊናህ ስትል መልካም ነገሮችን ስራ,0
እንደእውኑ አለም ሰዎች ህይዎት,0
የደስታ ቤት,0
ልበ ድንጋይ,1
ራሱን አወጣ,1
ሚዛናዊ አመለካከት,0
ቶሎ የማይደርስ,0
ቀና ቀናውን,1
ታቦት ነገሰ,1
ልቡ ቆረጠ,1
ችሎት ተመለሰ,1
ሸማ በየፈረጀ ይለበሳል,1
በር ዘጊ,1
ትክለኛ,1
ሰኔ ነግ በኔ,1
አፍንጫውን ነፋ,1
ምእራፍ ሶስት,0
በደረቁ ላጨ,1
ቅመም,1
የመስቀል ወፍ,1
በተመጣጠነ ቁጥር ያደራጁ,0
የአጠቃላይ ትምህርቱን ከጨረሰ በኋላ,0
አብረው የኖሩ ቅርሶች,0
ሰፖርታዊ ጨዋነት,0
ሙልጭ ወጣ,1
የኢትዮጵያ ምንጮች,0
ሁሉ በቃላዊ ግጥሞች ይንፀባረቃል,0
ሬሳውን ወንዝ ተፋው,1
መና ቀረ,1
አንብበው እንደጨረሱ,0
ለመግዛት በጧት ተነስታ በቦታው ትደርሳለች,0
ልቅም ያለች,1
የነገር ቤት,1
በሩን ቀረቀረ,1
መልከ ጥፉ,1
ርእሰ መምህር,0
ቃሪያ ሰነጋ,1
ሴት ልጅ,0
ፈፅሞ በጭራሽ,0
ደስ ብሎት,0
ነገረ ሰሪ,1
እንደየቤቱ,1
የቆምጬ አምባው,0
በለስ ቀናው,1
ብረ ወጥ,1
ሙዚቃና ቴአትር መምህር ጀመሩ,0
እርኩስ መንፈስን እንደሚያርቅ,0
አትነፋ,1
በስርአቶችና ተቋማት,0
የአለምን ምሁሮች,0
ቀጥል አለ ጉርድ በርሜል,0
አጥንተው እንዲመጡ ያድርጉ,0
ቃለ ምልልስ,0
ጥያቄዎች መልሶች,0
ፅሁፉን አሳጥሮ በሶስት አንቀፅ መፃፉን,0
ስር በሚተዳደሩ አካባቢዎች የሚገኝ,0
ትኩሳታም,1
መሰናዘሪያ ቦታ,1
የልብ ሰንኮፍ,1
የእቡይ ሞረድ,1
ካናዳ,0
ቅቤ ጠባሽ,1
ደግሞ ምት ይፈጥራሉ,0
የአእምሮ ጤና,0
ዘሀር ምስጌን ደህና ሰንብተዋል,0
ቀኝ እጅ,1
ስርቆሽ በር,1
ለዘር በቃ,1
እንዲሰሩ ያድርጉ,0
መድሀኒት ቀመሰ,1
ቀትረ ቀላል,1
በጉዳዩ ጥርጣሬ አደረብኝ,0
እንደ ቢጤው መምህር,1
አራራቂ,1
የውበት ሳሎን,0
ቀጥኜ ቢያዩኝ,1
ሳብ ረገብ,1
ልቡ በደስታ ሰከረ,1
ትምህርት መምህር,0
ላባ ቀረሽ,1
አንዳች ነገር,0
ብሽ አለው,1
ዘመናዊ ስልጣኔዎች,0
አዲስ ዘመን,0
እያስታከከ ንቃትን የሚያበራ,0
የቀለም ሰው,1
በማፉድ ገበያ አንድ ጠዋት,0
ጠፍር በሊታ,1
ህብር ያስጌጠው,0
ታማኝ,0
አመረረ,1
የለበጣ አነጋገር,1
በ አመተ ምህረት የተላለፈው ህግ,0
ምስጋና ይንሳው,1
የኑሮ ውድነት,0
ሴራ ጉዱ,1
ጎጆ ወጭ,0
ቁም ስቃይ,1
ገበታው ሳሳ,1
ብላ ባለኝ,1
አፉ ተሸበሸበ,1
ሰጪና አበዳሪ አካላት የሚገኘው,0
ተስፈኛ,1
ምች መታው,1
የልብስ ቅድ,1
በአንተ አባት እጅ የተበጃጁ,0
የቤት ስራ,1
ባልኮል ተቃጠለ,1
ልጄን ልሰጥ,0
ልበ ድንጉጥ,1
ስጋው መጠጠ,1
አራት ቢሊዮን,0
ዋና ደብዳቤ,0
ለይምሰል ስራ,1
ብልጭታውም በዝቷል,0
ተብሎ በመሰየም ይታወቃል,0
በመልካም እንዲነሳ ወይም እንዲጠራ አደረገ,0
እንደምንም ብለዉ,0
እድሜው ተበጠሰ,1
ውሸቱን ላፈው,1
ቤቴን እሳት ላፈው,1
ይህን ያህል ሰንጋ,0
አይለመደኝም,1
የድሀ መከታ,1
የሰደድ እሳት,1
ደከመኝ,0
መልከ ጥፉ,1
አቶ አሰፋ በሩን ከፍተው ይወጣሉ,0
ሞቅ አለው,1
ሀረጋት በማጣመር አረፍተነገሮች ማዋቀር,0
ጥሩ ሽያጭ,0
አጣደፈ ጠበቀ,0
የሰማንያ ሚስት,1
ሳተ,0
መከዳ አቃፊ,1
ገበያ ቆመ,1
ማንነታችን የነዚህ ሁሉ ድምር ውጤት,0
የጣት ቀለበት,0
አንዱን ወይም ሌላውን,0
ቤት አዛዥ,1
ሻ አለ,1
በገና ደረደረ,1
ሱሪ ባንገት ማውለቅ,1
ቱሪዝም ባለሙያዎች ትብብር,0
እንደሚፈፀም,0
በየቤቱ,1
የበጋ ወጣት,0
ምክንያቶች ደግሞ,0
ትከሻ ሰጠ,1
ለመከራ ሰጠ,1
ያዳመጡትን ታሪክ,0
መብራት አበራና,0
በመፅሀፍ ላይ,0
ርጋ,1
አለምን አሸነፈ,1
ለመሆኑ ይሄ ልጅ ይደውላል,0
የተሻለ የኑሮ ደረጃ,0
ሀሳብ ገባው,1
በስደት ያሉትም,0
የሚበቃኝን ያህል ልኮልኛል,0
ቅጠ መልካም,1
የገና ዛፍ,0
ብስል ሰው,1
ስድብ ቀመሰ,1
የቆንጆ መራራ,1
ልቅ ወጣች,1
ቅርጥፍ አርጎ በላ,1
ቀኝ እጅ,1
ከፍ ሲል ከተዘረዘሩት ቦታዎች መካከል,0
ቆርጦ ቀጥል,1
ልቡ ገባ,1
ቁርባን,1
የተለያዩ ጥንቃቄዎችም አሉ,0
ቀጠፈ,1
ሚስቱን ለቀቀ,1
ተፈጥሮ መዉደድ,0
የሚገኘው ከግብር,0
ቆጠረ,1
በዋጋ ተራራቁ,1
በኋላ ያሉትን እናስታውስ,0
ቀልበ ደረቅ,1
ባዶ ቤት,1
ደራሲው ገፀባህርያትን በሚቀርፅበት ጊዜ,0
ተክለ ሀይማኖት,0
ዘመደ ብዙ,0
ውስጥ ያሉትን የፖለቲካም,0
ከቤት ባለቤትነት እስከ ተቀማጭ ሀብት,0
ጠበል አስመታ,1
ሰርቆሽ በር,1
የወፍ ቋንቋ,1
ክንዶች ሆነው የሚያገለግሉ,0
እዚህ ላይ ልብ የሚገባው,0
የቀበጠ ቤት,1
በእንቅልፍ ልብ,1
የተፈጥሮ ቀለማት,0
አይለመድ,1
አቁማለሁ,0
መቻል መታገል መቋቋም,0
የመስቀል ወፍ,0
መስክረም ሲጠባ,1
ፊት በላሁ,1
ተበጅቶላቸው,0
ደንታ የሌለው,0
ሲዜሙ አድማጭን ያዝናናሉ,0
ህይወት በሙሉ,0
የወንድን ስሜት ማነሳሳት መቀስቀስ,0
ቤት መምቻ,1
በጎደለ ሞላ,1
ላብ ላብ አለው,1
የማይጋብዝ ይሆናል,0
ሎሚ በየተራ,1
የቀረው ቢቀር,1
አክ እንትፍ አለ,1
ሰማንያዋ ወረደ,1
የማስተማሪያ ዘዴ,0
ከልቡ ተነጋረ,1
የቤት እምቤት,1
ሳለ አይሰጥ,1
ቢል ያለች እንጀራ,1
ይህ ደግሞ,0
ፍትሀዊነት ያለው እንዲሆን,0
ጥናታዊ ፁሁፍ,0
ስጋዬ,1
ቆዳው ሞኝ,1
ሰደፉን እላዩ ላይ አሳረፈበት,0
ምርት በብዛት ይገኛል,0
ድርሻ ከተሸከሙት,0
ርስት ተመራ,1
መደባችንና ሞያችን ገበሬ,0
አይነጣጠሉም አንዱ ያለሌላው አይኖርም,0
ልጅ የዚህ ጊዜ ያልሆነ,0
ቀለም አገባ,1
አብዛኛው ኢትዮጵያዊ,0
ምጋቤ ምላሽም ይስጧቸው,0
መሬቱ ተርቧል,1
ቃል ለምድር ለሰማይ አለ,1
ክፍለ ሀገር,0
ሙሉና የሚያምር ጣት,0
ከፍተኛ ጥረት ያደርጋል,0
ቂጡን አሳየ,1
ህገ መንግስት,0
ይወጣት,0
ላይ ተመምህርተው በመፅሀፋቸው,0
በሬ ወለደ,1
ዜና መጣ,0
ቂም በቀል,1
የቀለም አባት,1
የደስታ ቤት,0
ተራ ሰው,1
ለወዳጅዋ ያላት,0
ሰውዬው ቡዳ,1
ይቅርታ ጠየቀ,1
ልጓም ጣሰ,1
ዘመናዊ ስልጣኔዎች,0
አስብቶ አራጅ,1
በእርግጥም እንግዳ ተቀባይ,0
ግምባሩ ተሸበሸበ,1
በሀገራቸው እንደሚኖሩ ያህል,0
የቤተሰብ ባላ,1
እርቀ ስላም,0
ገንዘብ ቋጠረ,1
ስንት አየሁ,0
ተኮሰ,1
እንደገባ በሞት,0
ለአገር መሪዎችና,0
ብረት ሰሪ,1
ሿ አለ,1
ሰማንያ ከነዳ,1
ይቅር ባይ,1
ሙሉ ሀብት,0
ቀፎው የቀረ,1
ባህር ዳር,0
የሰው አይን ሆነበት,1
የህይወት ታሪክዎን ባጭሩ ቢነግሩኝ,0
አፉን ተመተመ,1
መነዛት መሰራጨት,0
ቆማ ቀር,1
ፈሱን ቆረጥ አደረገ,1
ኢፍፁምነት,0
እግዚአብሄርህን ሰብስብ,1
በመጠየቅ ማረጋገጥ,0
በብዙ ቋንቋዎች,0
ግንባር ቀደም በመሆናቸው,0
ከሞላ ጎደል,1
ልዩ መድረክ,0
ታዳሚያን በሚገኙባቸው,0
እህቴ ዛሬ ስራ አልሄደችም,0
ባህር,1
ልቤን አልነካኝም,1
ስትኖር ከጉዱ ካሳ ጋራ ይገናኛሉ,0
መለመኛ አጣ,1
የወላድ መካን,1
ቅርጥፍ አርጎ በላ,1
ወገብሽን ታጠቂ,1
ማርም አልልስ,1
በማቅረብ የሚፃፍ አንቀፅ,0
ጠፍር በሊታ,1
ሰርቆሽ በር,1
ልቡ ቆረጠ,1
ቤት አዛዥ,1
ባለቤት,1
በመምህር መምሪያ ውስጥ,0
በገና መታ,1
የት ይገኛል,0
ዝቅተኛ የኢኮኖሚ አቅም ያላቸው,0
ተሽገገ,0
የኔ ነገር አያስችለውም መቼም,0
ቁም ከብት,1
መለስ ቀለስ አለ,1
የባህርይ ለውጥ አይታይባቸውም,0
የህልም ሩጫ,1
ልቡ ራሰ,1
ነገር ቆሰቆሰ,1
ለመግለፅ ራሱ,0
ግኝቱ ትልቅ የቴክኖሎጅ,0
በትእዛዝ አንድ መሰረት,0
ከማሳደግና ትውልዳዊ ሀላፊነታቸውን,0
ቁጣዬን ቀሙኝ,1
የረጋ,1
ቆራጭ ፈላጭ,1
ባህር ዳርቻ,0
ቀንዱን ተመታ,1
አልሙናይ ዳይሬክቶሬት,0
ዛፉ ሞተ,1
ለማንም የማይበረከት,0
ኢትዮጵያ ውስጥ,0
ሆዱን ቆረጠው,1
ጎዶሎ ቀን,1
ባዶ ቤት,1
ብዙ የሚያደርጋቸው,0
ግቢ ጉባኤያት,0
ማየት መጋረድ,0
እንዲሁም በቋንቋ ሰብአዊነት,0
ስንኙ ከአንድ ግስ,0
አያውቅ,1
አምላኬ ማረኝ,0
ይህን ተግባር ተማሪዎች በቤታቸው,0
እራስን መጥላት,0
በጅምላ ራስ ወዳድ,0
አይኑ ሰረቀ,1
ያለ አግባብ,0
አንድ የባህል ሀኪም,0
ቡና ኢትዮጵያ,0
በተማሪዎች መፅሀፍ ላይ ቀርበዋል,0
ትርጉም የለሽ,0
ህገ መንግስት,0
ለመግለፅ,0
አልተቀራረቡም,1
አገር አደጋ ላይ ይወድቃል,0
በቁርጥ አደር,1
የገባችው ጀርመን ነች,0
ሙግት አቀራረብ ስርአት,0
ይሉኝታ ቢስ,0
አይነ ልም,1
ትኩስ,1
አልታዘዝ አለ,0
መዘጋጃ ቤት,0
ቃላት ለዋሉበት,0
አካባቢው ዝናብ አጠር በመሆኑ,0
መቸውንም,1
የወር ደሞዝ,0
ቆቡን ጣለ,0
አእምሯዊና መንፈሳዊ ሁኔታ,0
አስተናግዶ ደግሶ,0
ማተቡን በጠሰ,1
እርቀ ስላም,0
ራሱን ጣለ,1
አሳበ ሩቅ,1
ለከት የሌለው,1
አራግፎ,1
አላማና ተግባር የተለያዩ በመሆናቸው,0
ቅል ኪዳን ተጋባ,1
ሀሳቡ ተበታተነ,1
መሸፈን መከለል,0
ለሙግት ለከርክር አቆበቆበ,0
ተወደደ,0
ልብስህን ሰብስብ,1
ነገር ቀመመ,1
ወይዘሮጥሯይነትን ያወድሳል,0
ባህር,1
ያስፈልጋል አለያ ግጥሙ,0
ብትሰማ ይሻላል,1
ጌታሁን አማረ ይጠቀሙ,0
ያንበሳ መደብ,1
በክረምት የሚሞላ ,0
በጥያቄ ቁጥር አንድ,0
ሳረ በል,1
ለማስመሰል,0
ስልጣኑ ተያዘ,1
ከዚያም ደግሞ እውቀትና ፍቅር,0
ችግሬ,1
በክትባትና በመሳሰሉት,0
እቅዱ መክኖ ቀረ,1
አህያዋንም በከተማ እያዞሩ,0
ጠንካራ ጎን,0
አዲስ አበባ,0
የብርሀን ልጆች,1
መቼም ወንድ,0
ሀሳቤ ተቃለለ,0
የሰማይ የምድር,0
ከአያት ከቅድመ አያት የመጣ እርስት,0
ትክል ድንጋይ,1
ነገር ለኮሰ,1
ህይወት ያለእጅና እግዚአብሄር,0
አርሶ ዘነበ,1
ሿ አለ,1
እባክህ ቶሎ አምጣ,0
አንዳንድ ነገር,0
የግል ንፅህና,0
ወጣት መምህራን,0
ጥርሰ በረዶ,1
የያዙ ነጠላ አረፍተነገሮች ሲሆኑ,0
እኔም እንደ ፈላስፋው ከዚህ,0
ለዋጭ ዘይቤ,0
በፍጥነት አነበበዉ,0
ሰው በመሰል ይሞታል,1
ከፍተኛ ጠቀሜታ አስገኝቷል,0
መድሀኒት ለመቁረጥ ከቤቱ መውጣት,0
ውጭ አገር,0
እረፍት ወጣ,0
ተባቃ,1
የትግል አጋር,0
ሶስት ጥገኛ ሀረጎች,0
ደጀ ብርሀን,1
እንደልቡ ጠጣ,0
ቅላጥቤ,1
የሰራሽ ልብ,0
ብዙ ልምድ,0
እጅ ማሟሻ,1
ህሊናቸዉ ሲያዩ,0
ዘጠኝ ወር ተሸከመች,1
አግብታ ትቅር,0
ኒክ መጀመሪያ,0
በመፅሀፉ ዉስጥ,0
ልቡ አበጠ,1
እንደ ነፍሳችሁ,0
ሰማዩም ጠቁሯል,0
እጄን ሲጨብጠዉ,0
በሳቅ ተተረተረ,1
አለቀሰ,0
ለሰው አለማሰብ,0
አበጥሮ ፈለገ,1
ውድ መምህር,0
ያይን ቆብ,1
የሚደረገው ስደት,0
በላብ ሰጠመ,1
የዉብ ዳር,0
አንቀፅ መፃፋቸውን ማረጋገጥ,0
ሊጡ መጠጠ,1
እርጥብ ናት,1
በረከተ ስጋ,1
አፈ ቅቤ,1
ኢንተርኔት አገልግሎት,0
የፈሲታ ተቆጢታ,1
ማስታወሻ ላይ ማስፈር,0
ገበታ ረጋጭ,1
ትም አደረገ,1
እኔ አጠገብሽ ያለሁት,0
በቅድመንባብ ጥያቄዎች ላይ,0
በመላ ተናገረ,1
በቅናሽ ዋጋ,0
በብናኝ ገደሉት,1
ለራስ ያሉት,1
ረድኤታም እህል,1
በቤት ስራ መልክ ይስጧቸው,0
ለምሳሌ,0
ቀንበር ተሸከመ,1
ይህን ያህል ጤፍ,0
ልበ ሙሉ,1
እሳቱ ብው አደረገው,1
ልቡ ተቃጠለ,1
ልበ ጠናና,1
ከተናገረዉ በኋላ,0
ውጋት ሸከሸከው,1
ሰንጣቃ እንጨት,1
ቋንቋው አልገባውም,1
መርጨዉ አይደለም,0
ቀፎው የቀረ,1
ከልቡ ወደደ,1
የኛ አይነገርም ባዩ እየበዛ,0
አንቀፅ,0
ሰማይ ለሰማይ,1
ይቀለኛል,1
የአረፍተነገሩ ተግባር መንገር,0
አብረን የምናገኘው,0
ተማሪዎችን በማሳተፍ መልሱን በጋራ ስሩ,0
ቁስሉ ሰፋ,1
መጭ አለ,1
ሴት አስረካሽ,1
የስራ ቋንቋ በመሆን እያገለገለ ይገኛል,0
ሀብተ ስጋ,1
ሀገር ሀገር የምትሆነው በሰው,0
መምህር ማስተማር,0
መንፈስ ቅዱስ,0
ተባራሪ ወሬ,1
አባ ሙላት,1
ሀሳቦች የሚገለፁበት የአረፍተነገር አይነት,0
ታሪክ እንስራ,0
ልብ አድርግልኝ,1
ከፍ ብልሽ,0
ያለ ቋንቋ,1
በመሆኑም በቅድሚያ ተማሪዎቹ,0
ምሽት ላይ,0
ሲፈራ ሲቸር,1
ኮሶ ተጣባ,1
ጭብጥ,0
ክብርና,0
መካተታቸውን ማረጋገጥ,0
አላስተረፈኝም,1
ክፉ ዘመን,0
የሚከፈል ግብር ደመወዝ,0
መጠቀም አንድንችል ያደርገናል,0
ሰረገላ ገባ,1
በገና መታ,1
ሰፈሩን ሁሉ በበድር አድርሼዋለሁ,0
ብረ ወጥ,1
መንገድ ላይ,0
ምስለ ቢስ,1
ይቅር ለግዜር,1
እንባ አላፈልቅ,0
ብትን ቃል,1
የነገር ርክፍካፎ,1
ነገር ሰረሰረ,1
ልብ አቁስል,1
በ፳፻ አመተ ምህረት ስለከፈተ,0
ረዘም ያለ ንግግር ማድረግና,0
የበለጠ ተጠቃሚ እሆናለሁ,0
ባሌን አሞኘሁት,1
ሆድ ሆዴን አለኝ,1
እስካሁን ያዳመጣችሁት ምንባብ,0
ቂሙን ቀረፈ,1
ቆይታ ያዘ,1
በሽታው ለቀቀው,1
ቁስለ ስጋ,1
ለአንድ ነገር,0
አሯሯጠው,1
የክርስትና አባቱም አይደለሁ,0
ለብ አለው,1
ምንም እንኳ ወጣቶችን,0
ዝጓል,0
አንጎልህ ተበጥብጧል,0
እሳቱ ሞተ,1
የኢትዮጵያ ቋንቋዎች,0
ልጁ ቀለጠ,1
ረባ,1
የትነው ያለው እያለ,0
ያብቃን አለ,0
ማስተካከል አለበት,0
ፍቅር እስከ መቃብር,0
የፈለገው ሆነለት,0
በተገቢው መንገድ በቦታቸው ማስቀመጥ,0
ቢርበኝም የእስዋን,0
ሆን ብሎ,1
ተመልሶ የሚከፈል በመሆኑ,0
እግዚአብሄር ቅጥል አለ,1
ስራ ላይ እየዋለ,0
በጉ,1
የበቃ,1
ስለግጥም ምንነት,0
ተልባ መታ,1
የቆንጆ መራራ,1
ቆነጠጠ,1
አደብ የገዛ,0
በመብላቴ ማፈር ይገባኛል,0
ለገበሬ ሰዉ,0
ግር ግር,0
አካላዊ አእምሯዊ ማሀበራዊ,0
በእውነት,0
ተበሳበሰ,1
ነገር ቀረቀረ,1
ከባድ,0
የተፈጥሮ ስርአት,0
ሰውነቱ ተለወጠ,0
ርእዮተ አመተ ምህረትንና የመሳሰሉትን,0
ሀላፊነት የጎደለው,0
ሰንጣቃ,1
አእምሮው ተመለሰ,1
ጥቅል ጎመን,0
ራሱን አወቀ,1
ቁም ፅህፈት,1
አትክልት በል,0
መሻል መብለጥ,0
ሞገስ አገኘ,1
የሰይጣን መልእክተኛ,1
የዘጠነኛ ክፍል አማርኛ,0
ትከሻ ለትከሻ,1
የሰይጣን ፈረስ,1
አረጋግጦ መሰከረ,1
የቅድመ ማዳመጥ,0
አንተ ብሎ ተራማጅ,0
ተወኝ,1
ሰውነቱ ተለወጠ,1
እግሩ ቀለለ,1
ቁም ስቅል አሳዬ,1
ግራ ክንፍ,0
ቆሌው ተገፏል,1
ጊዜያት ግልፅ እንዲሆንላቸው,0
ስለዚህ የሚያደርጉት,0
የበርካታ ሰዎች አሻራም ያርፍባቸዋል,0
ጎልቶ ይወጣል,0
ምስጋና ይንሳው,1
የአንጎል ሴሎች ተግባር ውጤት,0
መልእክቱን በአመተ ምህረት ለማስፋፋት,0
ቁመናማ,1
አመሉ ይለዋወጣል,0
ሁሉን ነገር ትቶ የማንበብ መርሀግብር,0
መለዮ ለባሽ,0
የሚገባቸው ነገሮች ዘላቂነት,0
ትርፍ ቃል,1
በአንድነት ተሰባስበው,0
ገፁ ላይ,0
በሽታ ለከፈው,1
ቢሆኑም ከሚያስተናግዳቸው,0
በየምእራፉ የቀረቡ,0
አቃለጠ,1
አመክንዮታዊ ጉዳዮች ይነሱበታል,0
ቁም ፅህፈት,1
ስላዳመጡት ጉዳይ,0
አገር ረጋ,1
ብድር መላሽ,1
በሚያደራጇቸው ቡድኖች ውስጥ,0
ትኩስ ሀይል,1
ገበታ ሰራ,1
ድብቅ ያለ,0
የባህላዊ ህክምና ተጠቃሚ,0
አለከፈ,1
የአካል እንቅስቃሴ,0
ሳይበላ ተነሳ,0
ብትን ስራ,1
በጎ አድራጎት,0
ቆስቁሶ ቆስቁሶ,1
ሰብአዊ በመሆኑ,0
ገንዘቤን ላፈኝ,1
ህግ አውጭ,0
ዘላለማዊ ፍቅር,0
ስልክ የተቋማት ግንባታ ወዘተ,0
በትከሻዬ,1
አሁን,0
ቅድ አፍ,1
ትኩረት ማድረግ,0
ሽባጥ,1
ተማሪዎችን በማሳተፍ,0
እጀ ስንኩል,1
የተለያዩ እፆች,0
ሆዱን በረበረው,1
ብቻዉን መቀመጥ,0
አታቀርሽብኝ,1
ፀረ ሙስና,0
ቁልጭ አድርጎ በሚገባ መሰከረ,0
ቋቱ ጠብ አላለም,1
የሙያ ዘርፍ,0
እጁን ሰነዘረ,1
የተረሳውን ጎን ቀሰቀሰ,1
ቆንጣጭ,1
ለአይን ሞላ,1
የማይታይ ደስታ,0
አዳዲስ እጆች ለማበርከት ተችሏል,0
የአለሙንም የሀይማኖቱንም የተማረ,0
አፈገፈገ,0
ቋሚ ነገር,1
ወዲያ ወዲህ መወዝወዝ,0
የማያልቅ ጭቅጭቅ,0
በትከሻዬ,1
እንዲህ እንዲህ እያሉ,0
ፊት ለፊት,0
እርግጥ,0
ተባሰል,1
መወሰን ወይም መምረጥ አይችልም,0
ረድኤታም እህል,1
ነገር ቀመመ,1
ሾላካ,1
እንትፍ እንትፍ አለ,1
የጣይ ሽንት,1
ቸብ አደረገ,1
ደህና ቆይተዉ,0
የአማርኛ የመምህር መምሪያ መፅሀፍ,0
በራሱ የባህርይ,0
በቃል እንዲናገሩ በመጠየቅ,0
ሌባ ጣት,1
ግምባሩ ተሸበሸበ,1
ተርታ ነገር,1
ልቦለድ,0
ቁጭ ቁጭ አደረገ,1
አሰልጥ ሌባ,1
እራስ የሌለው,1
ባለቅልጥም,1
በመሀል ፊታውራሪ አሰጋኸኝ,0
የሚሰደዱበትም ምከንያት,0
ደም ተቃባ,1
መርሀ ትምህርት ላይ,0
የቢስ የቸር,1
የእለት ከእለት,0
ራሰ ክፍት,1
ስለሆነም ቃላቱን,0
የልቦለድ መፃህፍት,0
ቆይቶ ቆይቶ,1
ሸክሜ ወረደልኝ,1
ግን አይደለም,0
ለብሄራዊ ልማት የሀብት ምንጭ,0
ራስ ምታት,1
አለምን አሸነፈ,1
ረባ,1
ጫካው ቀና,1
የበላይና የበታች,1
ደካማ ጎን,0
አስተካከለ,0
ትከሻውን አሳዩ,1
ቆላ ደጋ ረገጠ,1
ከሁለት በላይ ግጭቶች,0
ሞት ሞት ሸተተው መሰለኝ,1
ቀደም ባሉ ጊዜያት አማርኛ,0
ስር ግንድ,0
ማስከፋት ማስቀየም,0
ምድር ለቀቀ,1
ሜክሲኮ አካባቢ,0
ጣና ሞገድ,0
አይሆንም,1
ቃላትን መምረጥ,0
የቢስ የቸር,1
እናቱ ውድነሽ በጣሙ,0
ከሚሰበሰብ ገቢ,0
ጥሩ ስራ,0
ቅድስት ኤልሳቤጥ,0
ሊሆኑ የሚችሉ አሀዶች ምሳሌ,0
ማካፈል ሲገባኝ ብቻዬን,0
ተጫነ አሰረ,0
ችፍ ችፍ አለ,1
የማሪያም ምሳ,1
ኋላ ኋላ አለ,1
ልቅም ያለች,1
አውድማ በረበረ,1
ቤቴ የሚል,0
እግዚአብሄርጅ እናውጋ,0
ቃል አባይ,1
የጭን በቅሎ,1
ባርያ ሰደድ,1
ንግግር በሚለው ክፍል መሰረት,0
ልቡ ተቃጠለ,1
ልጓም ጣሰ,1
ቢኖሩም የፅሁፍ ማስረጃ,0
ለመታከሚያ የላከው ብር ትላንት ደረሰኝ,0
ቤቱ ተረጋጋ,1
በለስ አገኘ,1
ሀብት ማፍራት ችለዋል,0
ንግግር ያደርግበት,0
ራሳቸዉን እየነቀነቁ,0
ተሰዳጅ ኬንያዊያን,0
አገልግሎት ላይ የሚውል,0
አራግፎ,1
በአየር ላይ,0
በመፍቀዱ እንዲሁም ወደፊት በመመልከቱ,0
ዘመነ ፅልመት,0
አንድ ክፍለጊዜ ይጠቀሙ,0
እጆችና እግዚአብሄርች ባይኖሩትም,0
ቃላዊ ግጥም ሁለት,0
ይሸበሩ ጀመር,0
ስር ሰደደ,1
በአካልም በአእምሮ ንፁህ,0
ቁም ነገር,1
ቀን ቀን ስለማይቆፈር,0
በስራ ላይ,1
ራሰ ክፍት,1
የአይን ምሳ,1
ቅዝቃዜ ብርድ,0
ሞተ,0
ውርደት ተሸከመ,1
ሞተር አስነሳ,1
ራሰ ክፍት,1
ብሽ አለው,1
ማብራሪያ የሚሰጡባቸው,0
የገድል ፀሀፊዎች,0
ምንህ,1
አስረጂ አንቀፅ ይፅፋሉ,0
ሳታገባ ቀረች,0
አይቻልም,1
መጠን የሌለዉ,0
ሰረገላ ውግ,1
ደግሞ የሚሰሩት በሙያቸው,0
ማብቂያው,1
አያውቅ,1
ጎመን ዘር,0
ባላ አቁሞ,1
ልበ ብርቱ,1
ነገ ከህዝቡ ከሚሰበሰብ ገቢ,0
ፈገግታ ደስታ,0
አመስጋኝ አማሳኝ,1
የልማት ስራ መስራት ይችላል,0
መንዝ ቀያ ገብርኤል,0
ቤተ ሰሪ ኋላ ይመጣል,1
መጥፎ ፀባይ,0
አለቻት ነርሲቱ,0
ቀጡም የምንኩስና,1
የምታደርገውን ወጪ ለመሸፈን,0
ብቅል አይጠንሰስ,1
ቀን ጣለው,1
የመጓጓት ጫፍ የትእግስት አፋፍ,0
ላድርግ,0
የቆየ,1
ብርድ ልብስ,0
የዘር ፍሬ,0
ከመፅሀፍትአለም,0
አይጥ አበላ,1
ቆሌያም,1
አረጋግጦ መሰከረ,1
መርዞ ያዘ,1
ማራቅ መሸሽ,0
አትልከፈኝ,1
ሰውዬው በረደ,1
ኢየሱስ ክርስቶስ,0
መልእክትን በቃል ስለሚያስተላልፍ,0
ሁኔታ የሰው,0
ከህብረተሰቡ ከፍተኛ አድናቆት,0
የሰይጣን ቁራጭ,1
ቀፈፈ,1
ያገር ሸክም,1
ደካማ ጎን,0
ቀላል ዋጋ,0
መሆኔን እወቁ,0
ተቀላቅለው ይኖራሉ,0
የወር ደሞዝ,0
ትቶህ ይሂድ,1
አንድ ነጥብ ዘጠኝ ሚሊየን,0
አማርኛ የፌደራሉ የመንግስት,0
ያልሁት አልሆነም,1
በምታገኘው ገቢ ህይወቷን ትመራለች,0
ልቡን ሰለበው,1
ጥበበኛ በጨዋታ እያዋዛ,0
በንቃት በተንቀቅ ላይ መሆን,0
ወደቁም ነገር እንዲህ,0
አገባብና አመሰራረት ማወቅ አለበት,0
የወርቅ ሀብል,0
ልብ የማይገባ,1
የመጀመሪያው ጋዜጣ አእምሮ ጋዜጣ,0
እንባ ተናነቀው,1
የኔ ውብ ከተማ,0
አሳጥሮ ሊፃፍ,0
ቸር ተመኝ,0
ምንም ምላሳቸዉን,0
በራፍ,1
በመምህርና በማጥናት,0
እስክስታ ወረደች,0
ሀገራዊ ክብራቸውንም ሊጠብቁ ይገባል,0
መቀስ አፍ,1
ቀን አይቶ,1
ሀይ በል አለ,1
ልቡን ሰጠው,1
አንድ ራሱን,1
ነገር ገባው,0
ቆዳ ተማሪ,1
ለይተን ምናይ,0
ለማስመለጥ ይወጣል ይወርዳል,0
ራስ ተስሞ,1
ረሳ,1
አለማዊ ነገር,0
የተወሰነ ሀሳብ እንዲኖረው ያደረጉት,0
ተርታ ነገር,1
ማዳመጥ,0
ትፋታም,1
በረዶ መታው,1
ኢትዮጵያ ትቅደም,0
ሰይጣናም,1
በየበረንዳቸው ሲተክሉ ይታያል,0
ራሱን አወቀ,1
ርእስ ቆምጬ አምባው,0
ሽታው ለወጠ,1
የጤና እክል,0
ማን ያልቅስ,0
ትምህርት ተማረ,0
በማለታቸው በርሱና በፊታውራሪ መሸሻ,0
ሀላፊነትን መውሰድ መቀበል,0
በኋላ መጥቶ የበላያቸው,0
ውጤታማ ስራ,0
ልቡ በረረ,1
ደብረ ኤልያስ,0
በተጨማሪም የትምህርቱን አቀራረብ,0
የቅድመማዳመጥ ጥያቄዎች,0
ሙሉ ስምዎ ማን ይባላል,0
የሰው ልጆችን ታሪክ ማጥናት,0
ሳምልኝ,1
ነገር አመላላሽ,1
አሁን ልትታከም አስባለች,0
ቋንቋ ትምህርት,0
ሰውንቴ ተሟገተብኝ,1
በኩራት ተበጣጠሰ,1
ገደለው,0
ሆዴ ተቋጠረ,1
መነሻ,1
ቤት ሰረሰረ,1
ባለደም,1
የሚገባቸውን ሚና,0
ያደርጋል አገር,0
ውጭ የሚኮበልለውን,0
ቁጭ ቁጭ አደረገ,1
ቂም አረገዘ,1
ያብቃን አለ,0
አድርገው ያቀርባሉ,0
ቁና ቁና ተነፈሰ,1
ግራ አጋቢ,0
ቅል አንገት,1
ትርፍ ቃል,1
ለተማሪዎች ያንብቡላቸው,0
ቡፍ አለ,1
ነገሩ በሰለ,1
አጣደፈ,0
እንዲገመግሙና ግብረመልስ እንዲሰጡ,0
ሊሰሩ አይችሉም,0
ለትውልድም ያረክባሉ,0
አየር ጤና,0
የማያቀራርብ ስራ,1
ምስክር ቆጠረ,1
ቀርበታ ሆድ,1
የሚሰጣቸውን ነጥቦች መተግበር,0
ቅዱስ ቅዱስ አለ,1
ራሱ ጠና,1
ከመፅሀፍት አለም,0
ሰፈሩ ውስጥ ያሉት,0
ወይንም,0
የታላቅ ልጅዋን ፎቶ ትመለከታለች,0
አራት ጥያቄዎች,0
አላባውያንም,0
በወርሀ መስከረም,0
ሲተገበር የቆየ,0
ምድር መታች,1
ብርክ ብርክ አለው,1
ራሱን ለማከም,0
ሙሉ ልጃገረድ,1
ስም አነሳ,1
ጋኑ ተሾመ,1
ብር ብር አደረገ,1
ስብስብ እምቤት,1
የፅሁፉን ዋናሀሳብ የሚደግፉ ክርክሮች,0
ፅህፈት,0
ኢትዮጵያ በስነጥበብ,0
የክፍል ስራ በመስጠት,0
አፍሮ እስያ,0
እናም ትላንትህን አትርሳ,0
በመቀጠል ተማሪዎች ምንባቡን,0
ፊቱ ተሸበሸበ,1
ተሞካከረ,1
ብረት,1
በቀላሉ ሸጠኝ,1
ደላንታ ላይ ከኦፓል ቁፋሮ,0
መዝገብ ላይ ውስጥ ተከለ,1
ወገቡን ሞከረ,1
የተማሪዎችን ስራ ትክክለኛነትና ተገቢነት,0
የንጨት ሽበት,1
መልካም ህይወት,0
የበታች በታች,1
በሶስት ተግባራት ይዘት ላይ የተመሰረተ,0
አመረረ,1
ኮሶ,0
በጎ አድራጎት,1
ለምቾት የሚያስብ,0
ትንትግ ትንትግ አለ,1
ፊታውራሪ መሸሻንና ባለቤታቸውን,0
ትዳሩን አሸነፈ,1
ዘፈን አልሰራችም,0
አገው ምድር,0
አረፍተነገሩ መጠይቃዊ,0
በመሀሉ አገርም,0
ቋንቋ ሰው የማይነጣጠሉ መሆናቸውን,0
የሀብረ ባህላዊነት ፍልስፍና,0
ቂም መቅረፊያ,1
ቅርስ,0
መገመት መምህርጠር,0
ባጣ ባጣ,1
አይኑ በረረ,1
አንድን ርእሰጉዳይ በጥልቅና በዝርዝር,0
ትዳሩ ሞቀ,1
ምግብ የምትሰራልኝ,0
ማስታወሻ የመያዝ ቴክኒኮችን,0
ቆይታ ያዘ,1
ሞልጮኝ ሄደ,1
ስርአት አልበኝነት,0
ቁም ስቅል አሳየ,1
በሚል ርእስ ቀርቦልዎታል,0
የሰው ምሰሶ,1
አበበ ከወንድሙ,0
የወንድ በር,1
ከዚያም በላይ በተጨማሪ,0
አሟልቶ ሰጠዉ,0
ሂያጅ,1
ሙሉ አካል,1
ታማኝ,0
ሰርግና ምላሽ,1
ምድር ፊት,1
ሰለጠኑ ሀብታም አገሮች,0
ተብሎ የጥይት ራት የሚሆንበት,0
ብርክ ብርክ አለው,1
እንባ ረጨበት,1
ቢስ አይይህ,1
አይነ ሰባራ,1
ሰው ሰው ካልሸተተ,0
አሸበሸበ,1
ትርፍ ቃል,1
ሰውነቱን ሸመቀቀው,1
መጓጓዣ የሚያገለግል የቤት እቃ,0
ትልቅ ስህተት,0
ለበቃ ለባቃ,1
ውሻ ለከፈው,1
ልቡ አላረፈም,1
ጎረምሳ ማዉጋት,0
ይሁን እንጂ ከአለም አቀፍ ርዳታ,0
አጭርና ረጅም,0
ጥቁር ወይም ነጭ,0
ከአንድ ወይም ከአንድ በላይ በሆኑ,0
ሙሉ ልጃገረድ,1
ማራኪ በሆነ ሁኔታ,0
ልበ ሞቃት,1
የዋለዉ ለማያ,0
ጥሩ የገበያ ትስስር መምህር ወሳኝ,0
ሊመጣለት አልቻለም,0
ቀልቡ ወደደው,1
አራገጠ,1
ተማሪዎች በመማሪያ መፅሀፋቸው ላይ,0
ሰአቱን ሞላ,1
ራቤ,1
ወለጋና ሌሎችም የሀገሪቱ አካባቢዎች,0
ዜጎቿ ከመኖሪያቸው ተፈናቅለዋል,0
በስፋት የሚታዩበት የልቦለድ ክፍል,0
እግዚአብሄርታዊ መሻሻል እንዲያመጣ,0
ልብ ከዳ,1
ምርጥና በሳል ቃላት የተሰደሩበት,0
ተራ ሰው,1
እርቀ ስላም,0
እግዚአብሄርህን አታሰናዝር,1
ሲጠበብ ድንቅፍቅፍ አያደርገውም,0
ከዚህም በላይ,0
ትንሽ ሰከረ,0
ጥቂት ቆይቶ በዛብህ ይሞታል,0
መፃህፍት ውስጥ የተወሰኑ,0
አርባዎቹ ልጆችም ሆኑ,0
መጠየቅ ጤንነት ደህንነትን,0
እንዲያገኙ ማድረግ,0
ገንዘቡን በተነ,1
በጉዱ ካሳ ጥረት,0
መላቅጡ የጠፋ ነገር,1
የምክርቤት አባላት,0
ምንኛ ጠግበሀል,1
መመላለስ,0
ማተብ በጣሽ,1
እንኳን እንደሱ,0
ባር ባር አለው,1
ልባቸው ተራርቋል,1
ክፍል አንድ,0
ካንድ ወንዝ የተቀዱ,1
የእህል ቋት,1
የሆነ ያልሆነውን,1
የተሰደደው ዜጋም ይጎዳል,0
ተቃበጠ,1
በስማዊ ሀረጋቸው ክፍልም,0
መፅሀፍ ቅዱስ,0
ቅልጥጥ ቅብጥጥ አለ,1
ቀን ሲያዘነብል,1
የፈለገው ይፈፀማል,0
መላ መታ,1
ከመንዝ እስከ አዲስ አበባ,0
የአረፍተነገሩ መዋቅር,0
ሳይሆን ለአጠቃላይ እውቀት,0
አይነ ምድር,1
ቁና ቁና ተነፈሰ,1
በጥሩ ሁኔታ,0
ዋቢ መፅሀፍት,0
በማታው መርሀ,0
ለሰላም ዋስትና መሰረት ስለሆነ,0
በከተማዋ ለማስታወቂያ ስራ ሲዞሩ,0
እግሩ ቀለለ,1
አይን አፋር,0
ቀይ ወጥ,0
አፋር,0
የፅሁፉን ተደራሲ እንዲለዩ,0
ተማሪዎች የሚሰጧቸውን ተግባራት,0
ስጋ ወደሙ,1
ሰይጣን ደፋር,1
የአይን ቆብ,0
ነገሩን ረገጠ,1
ጎዶሎ ቀን,1
በሬው ቀና,1
ከንፈሩን ሚን ሚን አደረገ,1
መፃህፍትን በሚፈለጉት መጠን,0
ወዳንድ አላማ የሰበሰበ ገርቶ,0
በሰው ፊት ቀሰለ,1
ትምህርት ቀለበ,1
ዜግነታችንም ቢያንስ,0
እዚህ ግባ የሚባል አይደለም,0
ቀፎ ለቀፎ,1
የተቃና አረፍተነገር ትክክለኛ አረፍተነገር,0
ነጣላዋን በተነች,1
አቶ ውብሸት ወርቃለማሁ,0
በሀገራችን የፌደራል የገቢ ግብር,0
ስራ ፈጠራ,0
ቀጭ መታው,1
ቅዱስ ባለጌ,1
እሾህን በሾህ,1
ቃሉን ሰጠኝ,1
ችግር ምክንያት,0
ማቅረብ የቻለ አገር,0
የምስጥ ቤት,1
በጥፊ ተመታ,0
ሬሳ,1
ልቡ ቀረ,1
አትበሳጭ ማን,0
ተጨማሪ ገለፃና ማብራሪያ በመስጠት,0
ቀጥቃጣ,1
በማድረግ አሳታፊ በሆነ መልኩ,0
ሰላም,0
ተወላጆች ማህበር,0
በሊታ,1
ቃሪያ,1
የተሰኘ ድርጅት መምህርቷል,0
ባላ አቁሞ,1
ሲገፈትረን,0
ውሀ ቀጠነ,1
አስፈላጊውን ማስታወሻ እንዲይዙ ይንገሯቸው,0
ቀርቶ ላይቀር,1
አስተካከለ,0
እንዲፈፀም በህግ የተደነገገ,0
የአመተ ምህረት ባለፊደል ቋንቋዎች,0
ባዝራዋ ተመታች,1
በፊት የተቃጠለዉ,0
ጠብ በቀለ,1
የተባሉ ወጣቶች,0
ውሽቱን ቀደደው,1
የቤት እቃ,0
ሙሉ አካል,1
ለፍቶ መና,1
ደመናው ከብዷል,0
የሚኮበልሉ ምሁሮች,0
ገብረ መንፈስ,0
የኢትዮጵያዊያንን እንግዳ ተቀባይነት,0
ብዙ ሳይጫወቱ,0
የዋህ አላፊ,0
አብዛኞቹ ከከፍተኛ የመንግስት,0
አስተሳሰብና ፍልስፍና,0
ስለሆነም በነፃነትና በክብር,0
ቴክኖሎጅና እውቀት የሚጠይቅ,0
ሴት አውል,1
እዚያው ጨምረኝ,0
ስንኳን,1
ለብታ,1
እዉነት ሀሰት,0
ምንም አይነት,0
ተወያይተው አሳታፊ በሆነ መንገድ,0
ደህና ነሽ,0
ልጁን ተቆጣው,1
ለምኔ,1
ከእነዚህ ውስጥ,0
በገና ምት,1
ጥያቄዎች ምላሽ እንዲሰጡ ያድርጉ,0
መልካመ ጋብቻ,0
እየተከተለው ያለው ሸክም,0
ለተመረጡ ሰዎች የሚተላለፍ,0
ወንደ ላጤ,0
መነሻ መልሶች,0
ማዶ ማዶ,1
ቁስሉ ቂም ያዘ,1
ሀብተ ቢስ,1
ሀሳብ ሰነዘረ,1
አልተቀራረቡም,1
ለመከራ ሰጠ,1
አስጎብኚዎች ሰራተኞች,0
አልሰራ አለ,0
ደካማ ጎን,0
ተሸከመ,1
መጥፎ ጠረን,0
ከኢትዮጵያ ማእድን ሚኒስቴር,0
እስኪ ደግሞ,0
ተመሳስሎ ወይም ወጥነት,0
ጊዜ ማሳለፍ,0
ቁም ስቅል,1
እዉነት ሀሰት,0
በሀሳብ ሰጠመ,1
እድለኛ ነኝ,0
ለመስራት ያዳግታል,0
ቁሳዊ ስኬት,0
እኛን ጥለህ ወደየት የምትሄደው,0
ቢስ ገላ,1
መንገድ አሳበረ,1
የሆነ ህብረተሰብና አካባቢ,0
ምድር ዋጠው,1
ጥቁር ገበያ,0
ተማሪዎች ውይይቱን ሲያደርጉ,0
ቃለ ከባድ,1
ማተቡን በጠሰ,1
በሱስና በአደንዛዥ እፅ,0
ጫት ቃመ,1
የጤና እክል,0
ውሸቱን ሸመጠጠው,1
የፈጠራ ችሎታን ያጎለብታሉ,0
ተብላላ,1
ወንደ ላጤ,1
ችግሩን አባብሰውታል,0
ሰውነቴ በረዶ,1
ልቡ ቀና,1
በኋላ ላይ ግን,0
መንገድ እመራሻለሁ,0
ለአህያ ማር አይጥማትም,1
መንገድ ቀደደ,1
ብር ብር አደረገ,1
ዘመናዊ ህክምና,0
ቀጠፈ,1
በስደት ያሉት ባለሙያዎችም,0
ባርያ ድንጋይ,1
ገናዥ ነበሩ,0
አፄ ይኩኖ አምላክ,0
ራስ ስሞሽ,1
ቅቤ ጠባሽ,1
ለማብረድ ቻሉ,0
መሬት ቁና,1
ስለአማርኛ ቋንቋ ዳሰሳዊ መረጃ መስጠት,0
ኒክ እጆችና እግሮች ሳይኖሩት,0
ገንዘብ ሰጠ,0
እንኳን እንደሱ,0
ፀጉር ሸሸ,1
ለአይን ሞላ,1
ስጋማ,1
ትምህርት ክፍል,0
የሱስንዮስን ልጅ,0
የእኔ ባይ ባለቤት ስለሌላቸው,0
አዋሰነ,0
ወንጀሉ በዛ,0
ቁብ የለሽ,1
ልብሱ ተቀበለው,1
የሌለው ዳርቻ የሌለው ድንበር,0
የት ይገኛል,0
የማእከላዊ ስርአተነርቭ ክፍል,0
በፅሁፍ የማቅረብ ተግባር ቀርቧል,0
በአባቴ ታታሪ እጆች የተበጃጁ,0
በከፍተኛ ደረጃ,0
አስተምህሮ,0
በልጅነቱ ስላሳለፋቸው,0
ትኩረት ሊሰጣቸው ከሚገቡ ነጥቦች,0
በሞተ ከዳ,1
ሰው አደረገው,1
ትኩሳታም,1
የቤት እምቤት,1
ልጄን ያብጠለጥሉብኛል,0
ወላድ ናት,0
አንድ የአንገት ሀብል,0
ህግ አዉጭ,0
ቀጥቃጣ,1
አዎ ይልካል,0
የተወሰነውን ማርትሬዛ በመስጠታቸው,0
ባልና ሚስቱ ወንድ ልጅ ይወልዳሉ,0
የሰውነት ማጎልመሻ,0
ልብ ወለድ,0
ገፀባህርያት በሰብእና መልኮቻቸው,0
ለቅሶ ቤት,0
የሚጠበቅበትን ያህል ማደግ አልቻለም,0
ቀን በቀን,1
ሎጥ ሎጥ አለ,1
ስራ ሰሪውን,1
ከመንግስት አመሰራረት ጋር የተቆራኘ,0
ለራስ ያሉት,1
ግብር ከፋይ,0
ቅኝ አገር,1
ፈተና እየተፈተኑ,0
ሞጃና ወደራ,0
ልብሷን ቀደደች,1
መቀስ አፍ,1
ነገር ሻጠብኝ,1
ወይን ጨመቀ,0
ልቡ ተቀሰቀሰ,1
አልጫ ድንች,0
ሁለቱ እጆቻችሁና ሁለቱ እግሮቻችሁ,0
ስሙን ተከለ,1
ለጦርነት ታጠቀ,1
የረፍት ጊዜዬ ተቃጠለ,1
በነበሩበት ወጣት,0
እየቀደም,1
አይኑ አረገዘ,1
አባትህ ማነው ሳይላቸው በመላሀገሪቱ,0
ብን ያርግህ,1
ቃር አያውቅሽ,1
ልበ ድንጋይ,1
እንዲያነቡ የሚበረታቱበት,0
አመተ ምህረት እያነሰች በሄደችበት,0
ውሀ በላው,1
ቀትረ ቀላል,0
መያዝ መጠበቅ መንከባከብ,0
ራዲዮና ጋዜጣ,0
ቅኝ አገር,1
ቀን ወጣ,1
መግደርደርና ይሉኝታ,0
ደፋር,0
ፀሀይ በሚበረታባቸው ቦታዎች,0
የሞተ ሞተ,1
ማዳበሪያው ለይምሰል,0
በአመተ ምህረትአቀፍ ገበያ,0
መፅሀፍ አዘጋጀ,0
አወለቀው,0
ቤተ ሰሪ,0
ነገር አመላላሽ,0
ታቦት ነገሰ,1
ባጣ ባጣ,1
ልቡ ረጋ,1
ብቅል ረገጠ,1
ቀልበ ጮሬ,1
ቁስለ ስጋ,1
ይሰራልኛል,0
ቁም ነገር,0
የአኗኗር ዘይቤያቸውን ቀይረዋል,0
መሰረታዊ ግእዝ,0
በራሪ ወረቀት,1
ምድር ደህና ዋይ አለ,1
ፊደላት አሀዞች,0
ሰውነቱ ተለወጠ,1
አንብቦ መረዳትን,0
ወኔው ቀዘቀዘ,1
ብልሀት አለቀበት,1
ፋይዳ,0
ከመውጣት አስቀድሞ መደረግ ያለባቸው,0
ልብ ወረደው,1
ራስ ራሱን,1
ሀብቷ ቀና,1
አውራ መንገድ,0
ቆሽቱ አረረ,1
አንበጣ መታው,1
ያልሰማ ጆሮ,1
ሰው በመሰል ይሞታል,1
እንደማንኛውም ኢትዮጵያዊ,0
ውስጥ ውሀ ሆኖ በቀረ,0
ምንኛ ጠግበሀል,1
የፖለቲካ እሳቤዎች,0
ባዳመጡት ፅሁፍ ላይ,0
የበሰለ ዋስ,1
ትኩረታቸውም,0
ባህር ሸሸ,1
ከፋኝ,1
ቅጠል በጣሽ,1
ኬላ ሰበረ,1
ህዝበ ክርስቲን,0
ቃሪያ ነገር,1
የምክር ቤቱ አባላት,0
ጓደኛዬ ትልቅ ህልም ይኑርህ,0
ተበታትነው ቀሩ,1
ሳር ቤት,0
አይናቸውን ልከው የልጁን ፎቶ ያያሉ,0
የወዲያ ስራ,1
በቃኝ በቃኝ,1
መዘጋጃ ቤት,0
ሳት አደረገ,1
በቅዱስ ገብርኤል ሆስፒታል በህክምና,0
ካርኔ ቆረጠ,1
እንዲሁም የአካል ቋንቋውንም,0
ሀገር የመሆኗ ህልውና,0
ሚስቱን ለቀቀ,1
ማጠቃለያ ፈተና,0
የህዝቡ ባህል,0
በዱላ ለወሰው,1
በ ማህበራት በመደራጀት,0
የንግግር ለውጥ,0
መላ ቅጡ,1
እንደ ጥሩ ሰው,0
ደስ አላሰኘውም,0
ጥሩ እድል,0
በድብቅ በሚስጥር በስውር,0
ስም አጠፋ,1
የግዴታ ክፍያ,0
ምጣድ ሰማ,1
የረጋ ወጣት,1
ጊዜያቸውን የሚያሳልፉት,0
ቀዳማዊ ሀይለስላሴ አልጋወራሽ,0
ነገር ማብቃቃት,1
ለማስተማር የሚያገለግሉ,0
ልባም,1
ሰውነተ ቢስ,1
በር መታ,1
ልበ ተራራ,1
የሄደበት ሁሉ የሚስማማው,0
ልቡ ቆረጠ,1
ግድ የለሽ,0
የወንድ በር,1
ቀዝቃዛ ጦርነት,1
የተቋጥሮ ዝምድና,1
መላልሶ በአንክሮ ማንበብ,0
በስራ ላይ,1
አገር ቤት ያሉት,0
በነገር ተሸረከተ,1
ለምእላድና ለቃል የጋራ ምሳሌ,0
ምስጢር አፈሳ,1
የሰው ቤት,1
የሚታሰብ አይሆንም,0
ኋሊት,1
ሰይጣናም,1
ላይ በሌ,1
አይነ ምድር,1
ሙሬ አፍ,1
ያስተዋውቋቸው,0
ምንም አይነት,0
ቁም ስቅል,1
ከካናዳና ህንድ አሜሪካ,0
ልብ አትክን,1
ቀፎ ቆራጭ,1
የዉድድር ምርጫ,0
ፍቃድ ሞላ,1
ከተናገራቸው ጥቂት ቃላት,0
የተረሳውን ጎን ቀሰቀሰ,1
በንግግርና በፅሁፍ ሂደት,0
መለመኛ አጣ,1
ተራ ሰው,1
አስረግጠህ ንገረኝ,1
ውስጥ ውስጡን,0
የመንግስት መሆኑን ያሳያል,0
ሞሰበ ወርቅ,0
የታሪካችን ሰበዞች,0
ለማስተማር እንዲያመች,0
ዳታቤዝ ትምህርት,0
መለመኛ አጣ,1
ቅልል ያለ,1
ማብቂያው,1
ሆዱን ቆረጠው,1
የሌሊቱ ቁርና ብርድ ሳይበግራቸው,0
መሬቱ ቀና,1
ትከሻ ሰጠ,1
ባሉበት ሆነው ገንዘብ,0
የትእዛዙን አቀራረብ ይወስነዋል,0
ጉሮሮው ላይ ተናነቀው,1
ተያዘ ተሸነፈ,0
ሀሞተቢስ,1
እንደላቲን ከግራ ወደቀኝ መፃፉ,0
ያንን ሽልማት ለማግኘት,0
ውጤታማ ነጥቦች,0
በወንድ እቅፍ,0
ሰርቆሽ በር,1
በጥንቃቄ በመምረጥ ሊፃፍ ይገባል,0
የምፈልገው ነገር ተሳካ,0
ቅርሻ ቅርሻ አለ,1
ባይሰሙ አጥንታቸዉ,0
ለፈተና ወይም ለማርክ ተብሎ,0
ባዘቶ ገላ,1
ሴተ ላጤ,1
ሰርገኛ መጣ በርበሬ ቀንጥሱ,1
ሀጢያታቸውን ተቋጠራቸው,1
በስለት ለታቦት,0
ልብ ነሳ,1
እንጀራ በወጥ,0
ቆስቁሶ ቆስቁሶ,1
ባሪያ,0
ለአጠቃላይ እውቀት ትኩረት,0
እርስዎም ከቀረቡት ጥያቄዎች,0
የሚገነዘበውና የሚተረጉመው,0
ስራ ላይ ተሰማርተው,0
ግብር ለሀገር ክብር,0
ልቡ ሞተ,1
ቤት ለንቦሳ,1
ስራቸውን በአግባቡ መስራት አይችሉም,0
ሙጢ አፍ,1
መታመም,0
ከየአይነቱ የተሰበሰበ,0
አንደበቱ የተለቀመ,1
በቴአትር ስራ መስራት ቀጠሉ,0
እዉነትን ፍለጋ,0
ያረጀ,0
መምህሩ አስተማረ,0
በፍጥነት አነበበዉ,0
በተግባር አገልጋይ መሆንን እንማራለን,0
ማተቡን በጠሰ,1
ብረ ሸሽ,1
ቀደሰ,1
አለብኝ,1
አስተማሪነታቸው ከፍተኛ,0
ሰውነቱን ሸመቀቀው,1
ዛፉ ሞተ,1
በጎ በጎ,1
ለመሆን መወሰን,0
እንዲህ ያለ ስራ,0
ሴራ መታ,1
ዝናብ አጥፍቶታል,0
በረኛ,1
ልቡ ሸፈተ,1
ስለሆነም ለውይይት የሚጋብዙ,0
ለሀገርና ለሀብረተሰብ እድገት,0
ቆሌው ተገፏል,1
ብትን ቃል,1
ብር ቂንጥ,1
ብልሹ ሌላውን የሚበክል የሚያበላሽ,0
መታከሚያ ገንዘብ መላክ ነበረበት,0
መንገድ ቀደደ,1
ነገር የበላ,1
በራዦች,1
አቢይ ፆም,0
መጠነኛ ገቢም ከሻጮች በመቀበል,0
መሻል መብለጥ,0
ገለጠና በምናብ,0
ስራ ሰሪውን,1
የቀንድ ከብት,0
የቀለም ቀንድ,1
ከጭነት መኪናው,0
ሰውየው ተጣብቶኛል,1
ተባራሪ ጥይት,1
ሲጥ አደረገው,1
እንደምንም ብለው በአካባቢው ቄሶች,0
ብትንትኑ ወጣ,1
በራፍ,1
ልቡ ቋመጠ,1
ስንኙ ገጠመ,0
የብረት ልጥ,1
ስጋዊ,1
ገበታው ሳሳ,1
በየቤቱ,1
ክፉና በጎ,1
የፊቱን ጦር ቀመሰ,1
ቅቤ አንጓች,1
ባዶ እንጀራ,1
የሚቀጥሯት ሰዎች,0
አቃለለ,1
የሰው ሀገር,1
ጎጆ ወጭ,0
ቃሪያ,1
ሆን ብሎ,1
ደህና ነኝ,0
ይህም ይሁንና ከዚህም በላይ,0
አቸፈር ማቻከል ወረዳዎች,0
ቅኔ ነጋሪ,1
ከጋሻ በፊት ጦር የማንሸምት,0
ህንዶች በተለይም በአሁኑ ወጣት,0
የቅናት ስሜት,0
ለማስተማር በተማሪ መፅሀፍ ላይ,0
ያየችውን ሁሉ የምትመኝ,0
እድሜው ሞላ,1
ዱላ ቀመሰ,1
ቁም ዜማ,1
አዲስ ልብስ,0
ሆዱን ሰጠ,1
በአፄ ዘርአያቆብ ዘመነመንግስት,0
ራሱን ሳተ,1
ሰይጣን አትሁንብኝ,1
ጉዱ ካሳም አረፍተ ዘመን ይገታዋል,0
ራስ ምታት,1
ያስኩህ ያስኩህ ይላል,0
ርጥብ,1
የተለያዩ የታሪክ መፃህፍትን,0
የሰይጣን ስራ,1
ቀይ ስር,0
ሲያገለግል ቆይቷል,0
ምርጫ ጣቢያ,0
ዘጠኝ ወር ተሸከመች,1
ለአንባቢያን ለማድረስ ያስችለዋል,0
ስሜቱ ቀዘቀዘ,1
አዲስ አበባ,0
ቦታ ስራ ለመፈለግ,0
ልቡ ቆሰለ,1
ቡዳ ቀረጠፈው,1
በደቡብ ሱዳን በተቀሰቀሰው,0
የግራ ጎን,0
በሀይል ተመነጠቀ,1
በሞተ ከዳ,1
ቁመናማ,1
አዲስ አበባ,0
ቆመብኝ,1
ሀጢያታቸውን ተቋጠራቸው,1
ሸርሞ ለሸርሞ,1
ሰውንቴ ረገፈ,1
በማይሰራበት ትርጉም,0
ለቀለቀኝ,1
እቀልቤ ገባ,1
የፖለቲካና የባህል ጭቆና,0
ቁም አፍ,1
ሀገራቸውን ለቀው ተሰደው,0
ልቡን ማረከው,1
ኦሮሞ ወይም ሽናሻ ወዘተ,0
እንደኢትዮጵያዊ በፈቀዱት,0
ለአንባቢ የሚያደርስ ፅሁፍ,0
ምድር ተፋችው,1
የተለየ ጥበብን,0
ስም አነሳ,1
ኑሮ ያልተሳካለት,0
ባላባት,1
አየር ሀይል,0
መሰራረቅ,1
ራስን መጉዳት,0
ቀንበር ጫነ,1
ሰንካላ ምክንያት,1
መለዮ ኮፍያ,0
በትምህርት ሞረደው,1
ማጠቃለያ ፈተና,0
የሰው አይን በላው,1
ቆርጦት,1
ባህር ወለድ,1
አርፈ መስቀል,1
በምሳሌነት ከቀረቡት አገሮች,0
ልቤ ረጋ,1
ሰነፍ መረቅ,1
የማዳመጥ ክሂልን ለማስተማር የሚያገለግል,0
አበቃቀሉ,1
አይነ ልም,1
መፅሀፉን ቀዳ,1
ምንጭሩ ድብን አለ,1
አጋዥ መፃህፍት,0
አስመታ,1
ፋሲል ከነማ,0
መቀጣጫ,1
ከበደ አለቃዉን,0
ኮሶ ተጣባ,1
አርፎ የማይቀመጥ,0
ልጓም በሊታ,1
አልቀራቸዉም,0
ላይኞች,1
አንገቱን መዘዘ,1
ልብ አብሽቅ,1
ህይወት ሊመስል እንደሚችል ሳሉት,0
ቁርበት,1
በሩን ቀረቀረ,1
ፀጋ ልበስ,1
ምድር ቤት,0
ይሸናል,1
አሜሪካ አውሮፓ,0
አንብበው እንደጨረሱ,0
ህፃን ልጅ,0
መናገር ቃጠኝ,1
ቸብ አደረገ,1
ሞት ይቆረብለትና,1
ሁለት ልብ,1
ስረ ነገር,1
ከዚህ ቀጥሎ ተሰጥተዋል,0
መፍትሄ ሰጭ,0
ሰውየው ሳተ,1
ተግባራትና የቤት ውስጥ ህይወት,0
ባወቃቸው ነገሮች,0
እንደ ሌሎች ተማሪዎች,0
የሰው ዘር,0
አቀለጠኝ,1
ክህሎት ስልጠና,0
ነፃ መንገድ,0
በጥሩ አቀራረብና አገላለፅ,0
አበሰለ አበሰለች,1
መፅሀፉን ቀዳ,1
በቃል ነገረው,1
ተስፋ አገኘ,1
ሰርግና ምላሽ,1
ተጋብተው ወልደው ኖረዋል,0
ሰውነተ ቢስ,1
ለተማሪዎች ስራ ተገቢ,0
ስር ነቀል,1
አጋዥ ሆነው እንዲያገለግሉ,0
የቀረበውን ተግባር ሲያሰሩ,0
ኮምፒዉተር ጥገና,0
ሀገረሰባዊ የህክምና ጥበብ,0
ጎመን በጤና,0
ምኑና ምኑ ተይዞ,1
እነዚሁ ነገሮች ደግሞ,0
የፈጠራ ድርሰት,0
እነሱም,0
መተረቻ,1
ሰርቶ አፍራሽ,1
አሯሯጠው,1
በመጨረሻም ከማስታወሻው ቀጥሎ,0
ሰዎች በተቀበሉትና በሚረዱት ልክ,0
ባላገር,1
ብው አለ,1
ታላቅ ደስታ,0
መሬት አሳመው,1
ልብ አለ,1
ሰባራ ስንጥር,1
እንዲረዱ ያድርጉ,0
ሆዱ ቃረ,1
አፈር ይብላኝ,1
ጎን ለጎ,0
ቆነደደ,1
በርካታ የሶስተኛ አገር መሪዎች,0
ባላባት,1
ያለው ዜጋ,0
ብልቱን ያመዋል,1
የአድዋ ድል በሚል ርእስ,0
ባህርይ አፈጣጠር ለይቶ በማወቅ,0
ያስማማ በደምና ላብ,0
ካሳ ሰራ,1
ሰዶ ማሳደድ,1
ቤተ ክርስቲያን,0
ኢትዮጵያ በአምስተኛ ደረጃ ላይ ትገኛለች,0
ፈገግታ ደስታ,0
መቋቋም አቻ መልስ መስጠት,0
ህክምና የተሻለ,0
የዜግነት ክብር,0
ጭንቅላት የሰው ራስ ቅል,0
ከዚያ በኋላ ብዙዎች የቋንቋ ሊቃውንት,0
ነገሩ ረቀቀ,1
አንጀቴን አርሰኝ,1
የትምህርት ስርአት,0
ለማንም የማይበረከት,0
የሚባልበት አይደለም,0
ህዝባቸውን የሚጠይቁት,0
ማርም አይልስ,1
በሽታ ለከፈው,1
የሆቴልና ቱሪዝም መስኮች,0
አያስችለውም,1
መኖሪያ ቤት,0
ጭራ ቀረሽ,1
በሽታው ተነሳ,1
በሀሳብ ባከነ,1
ሙልጭ አድርጎ ሰደበ,1
ቆርጦኝ,1
ምልከታ በማድረግ ይከታተሉ,0
በንድፈ ሀሳብም በተግባር,0
ጥረት እያደረጉ እንደሚገኙም ነግረውናል,0
ምግበ ነፍስ,1
እግዚአብሄር ጣት,0
ቡራ ከረዩ አለ,1
ፊደል ቆጠረ,1
ልቡ ሸፈተ,1
መተግበር,0
አልተቻለውም,1
ፀረ ሙስና,0
እድሜሽን ልትነግሪኝ,0
የቤት ጉድ,1
ወዳጄ ደግሜ እጅ እነሳለሁ,0
ዱላ መዘዘ,1
ሙሉ ሰው,1
ወሬ አቃዳ,1
ህይወትን ሙሉ,0
የሆነ አገልግሎት የማይጠየቅበት,0
ህይወትን ሙሉ,0
ቀጭን መንማና ሰው,0
ለምሳሌ አጭርና ቀላል,0
የሰጠ,1
መደንገጥ አያስፈልግም,0
ትብብራቸው መፍረሱን ያስታውሳሉ,0
የጨዋ ልጅ ነች መሰረቷ,0
እንዲሰሩ በቂ ጊዜ ይስጧቸው,0
የከተማ ፅዳት የሚጠብቁ ሰዎች,0
አመሳከረ,1
ሸኘው,1
ልብስ ገፋፊ,1
አስራ ስምንት የተለያዩ ምንባቦች,0
ሬሳ,1
ድምፅ ሳያሰሙ ጥንድ ጥንድ ሆነው,0
እየቀደም,1
መሰናክል እሩጫአ,0
ሎሚ ጣሉባት በደረቷ,0
ቆርጦ ቀጥል,1
አታረግርግብኝ,1
በተጠንቀቅ መቆም,0
ገበያ ቆመ,1
ርባ ስባ,1
በሽታው ቀለለው,1
ማህበራዊ ግንኙነት,0
ጭቃው መጠጠ,1
ቅርጥፍ ያለ ውሸታም,1
ልጁን ተቆጣው,1
ደረቅ ትእዛዝ አስገዳጅ,0
አንጀቱ ቆረጠ,1
ብርድ ልብስ,0
ቆሰቆሰ,1
ፍትሀዊነት የጎደለዉ,0
ከልቡ ተነጋረ,1
ግጥሙ እንደየሚገልፀው,0
የፍቅር ግንኙነት,0
ገደደኝ,1
መስክ አልፋ,1
ጥረትና ክትትልን ይጠይቃል,0
ግንኙነት,0
ትከሻ ወረደው,1
የዜጎች ሰላም ደሀንነት,0
ስድ,1
በዛብህ ስንብቱን,0
መነሻ መልሶች,0
በ ኛው ክፍለ ዘመን ላይ,0
ኛው ክፍለ ዘመን,0
መነሻ,1
ደንታ የሌለዉ,0
እንደሆነ አያስታውሱትም,0
ጥምጥሙን ቆለለ,1
እጇን በአደጋ ምክንያት ያጣች,0
ዳቦ በቅርጫት ይዘን እንደርሳለን,0
ምጥ መጣ,1
ለሹመት በቃ,1
በገና ደረደረ,1
እብድ ይለኛል,0
ቅዳሴ ማህሌት,0
ማስመለስ,1
የቃል ጥያቄዎችን በመጠየቅ ማረጋገጥ,0
ቁቲት በጣሽ,1
አማረኛ ቋንቋ,0
ዘጠኙ ምንባቦች,0
በሀብት የበሰበሰ,1
በልብ አዋለ,1
ብታደራልኝ አማግሁልህ,0
ሻ አለ,1
መኖሩ በመታወቁ ለብዙዎቹ የእለት ጉርስ,0
መሬት ላሰ,1
አንዱ ሌላውን በመውቀስ,0
መሬት ይቅለለው,1
ከማስታወቂያ ጥበበኛነታቸው በተጨማሪም,0
የሚሆኑት ደግሞ ሴቶች,0
ልቡን ሰለበችው,1
ብላ ባለኝ,1
ለመሩን ሰናይ ጌታን ከገባር,0
አረፍተነገሮች እንዲፅፉ ያድርጉ,0
ልቡን በላው,1
ጣፋጭ ነገር,0
ስልክ ደወለች,0
ነገረኛ,0
እባጩ በሰለ,1
ቁልፉ ሚስጢር,0
እንደሁናቴዬ,1
ቀን ቀን አለው,1
የቤት ጣጣ,1
ቀን ለቀን,1
ምድር መሸበት,1
ለዛ ቢስ,1
አትቆስቁሰኝ,1
የቃል ዘገባ ወይም ትረካ መገምገም,0
ከልኩ አያልፍም,1
አፈ ሙዝ,1
መላልሶ ጠለፈ,0
ሊነገሩ ወይም በእንጉርጉሮ ሊቀርቡ ይችላሉ,0
በአመራረት ሂደቱ ላይ,0
አበጥሮ ፈለገ,1
እራስን መሆን,0
ታሪክ ማጥናት ሲፈለግ,0
ለወጠው,0
ይሸበሩ ጀመር,0
ሰብእናቸው በውል መታየት አለበት,0
እጅን ማስለመጃ,0
ሰውየው ሳተ,1
የሰማይ ቤት,1
ምንም አይነት ተጨማሪ ግስ የላቸውም,0
ልበ ደረቅ,1
ቁርበተ ሞኝ,1
መሆኔን እወቁ,0
አራት ግስ,0
በክረምት ወጣት,0
የማይለወጥ ልጅ,0
ዋቢ መፅሀፍት,0
ወደኢትዮጵያ ሸሽተዋል,0
በአንድ ወጣት,0
ብድር ከፋይ,1
ውድመምህር,0
ሌባ ሚዛን,1
ቤተሰብ ዘር,0
ሰው መሆን አይቀርም,1
ቃሉን ሰጠኝ,1
ጠመንጃውን አቃመ,1
ልብ ነሳ,1
አቀለጠኝ,1
አይን አፋር,0
በሬ,1
ቀንተዉ ነዉ,0
በቁጣ ተመለከቱ,0
ሾለከ,1
ሽባጥ,1
ተለምነውና አገር አማርጠው,0
ክርክር ማድረግ,0
እውነትን ወደደ አመፅን ጠላ,0
ከባድ ጊዜ,0
ሰነፍ መረቅ,1
አራጋፊ,1
መቅረብ መራቅ,0
ከብቱን ለቀቀ,1
ነገር አመላላሽ,1
መልሶ ሲያቋቁም,0
የብሎት ቀን,1
ሲያነቡ አስፈላጊውን ማስታወሻ እየያዙ,0
እሳቱ ብው አደረገው,1
ቃላትና አገላለፅን በመመጠን,0
ፅድቅ,0
ምጋቤ ምላሽም ይስጧቸው,0
ያለ ቋንቋ,1
ያህል ስደተኞች ኢትዮጵያ ሸሽተዋል,0
ከተቆረጠ በኋላ ህክምናውን ለመስጠት,0
አትክልት በል,0
የሆነው ይሁን,1
ብርቅዬ,0
ልጆች ጋር አብረው ስላደጉ,0
በምንባቡ መሰረት,0
ቃል አጋኖ,0
ተነሳሳ,1
ፍቅር አሟጠጠ,1
ትምህርቱን ቀጠቀጠ,1
የተተወ,1
የወላጆቹን ሞት ሲያረዳው,0
ቅጥብ,1
ደብተሮቻቸውን በመመልከት ማረጋገጥ,0
ድህረ ታሪክ,0
እርግፍ ያርገኝ,1
በረገድ በረገድ,1
ቀን,1
ልቡን ሰበረው,1
ሱቅ በደረቴ,1
ልብ አድርግልኝ,1
አስከሬናቸዉ ተማርኮ,0
ነገር ለኮሰ,1
ስልጣኑ ተያዘ,1
አሻሮ ቃሚ,1
ሲወጣ ሁልጊዜ,0
ተበላሸ ተዋረደ,0
ሲቆፍሩ ከሚያድሩት ኦፓል,0
ልብስ አስቀደደ,1
የቤት ስራ,1
አሳሩን ቆጠረ,1
ትምህርት ሄደ,0
አራጠበ,1
ለማወቅ ጣረች,0
አላዋቂ ሳሚ,1
በራሪ ወረቀት,1
የስፖርት ሜዳ,0
ነገር ግን ሳናወቅ,0
የእውኑ አመተ ምህረት ነፀብራቅ ስለሆነ,0
ሁለት እጁ እነሴ,0
ልቡ ቆረጠ,1
ቀጭን እመቤት,1
በሽምግልና ወጣት,0
እጄን በቆረጠኝ ባላደረግሁት,1
በነገር በከለኝ,1
ነገር አመላላሽ,1
ልበ ትልቅ,1
ስንቱን አየን,0
አለብኝ,1
ደጋግሞ ወጋው,0
እጅ ሳመ,1
ሀብተ ሰባራ,1
የቀለም ቀንድ,1
ከእናታቸው መስማታቸውን ይገልፃሉ,0
ምሳሌ መሰረት እንዲሰሩ ያድርጉ,0
የበቃ,1
እርግፍ እርግፍ አለች,1
ለዛ ሙጥጤ,1
ለመከላከል በውስጣችን ያለ,0
ፍርድ ቀጠነ,1
አሽከራቸዉ በሞተበት,0
ኢንፎርሜሽን ቴክኖሎጅ,0
ቀለም ገባው,1
ብትን ስራ,1
እየተጠቀሙባቸው ከሚገኙት,0
እርማትና ተገቢ ምጋቤ ምላሽ ይስጧቸው,0
ለምን አታነብም,0
ጠላው ተቆጣ,1
ቂጡን ጣለ,1
ስርአተነጥቦችን በተገቢው ቦታ በማስገባት,0
የተመለከቱ ጉዳዮችን ያካተቱ ይሆናሉ,0
የነበራት ወይዘሮ,0
ሀይ አለ,1
እንጨት ሰባሪ,1
ፈሱን ቆረጠ,1
ታጨች,0
የቀረቡ ቃላዊ ግጥሞች,0
አኳኋን,1
አንጀቱ ተቆረጠ,1
አጥግቦ ጣለ,0
ግኡዝ በድኔ ጋር ሰማኒያዬን ቀድጃለሁ,0
ቆርጦኝ,1
ስረ ነገር,1
ከዛጉዌ ስርወመንግስት,0
ጠመንጃውን አቃመ,1
በልጅነቴ ጋብቻ መሰረትኩ,0
በነገር ሸነቆጠው,1
በርካታ ግለሰቦች,0
ብድር መለሰ,1
መድሀኒቱ ከመቆረጡና,0
ስለሆነ,0
ቅርጥፍ አርጎ በላ,1
በአንድ ወጣት ብሄራዊ ሎተሪ,0
ሊበላ,1
ነገር ሰረሰረ,1
ዋንጫ ልቅለቃ,1
አደጋ ስላየ,0
ተማሪዎች የክለሳ ጥያቄዎችን,0
ከዚህ ጊዜ ጀምሮ ማእከላዊ መንግስት,0
መሮጥ መሸሽ,0
ርጋጭ ርጋጭ ይላል,1
ሆኖ ያቆራኘናል,0
ነገር ሰረሰረ,1
ለብሰሽ ፍጂው,1
መስታዉት ፊት,0
አብሮ ሳቀ,1
የመስፋፋትና የማደግ እድሉን ያገኘው,0
ለምኔ,1
የሚሰራበት አገር ስለሆነች,0
ሀሳብ መስጫ,0
እሺ በጎ,1
እኔ እንኳን እዚህ ደረጃ,0
አባቱ,1
ትእዛዛዊ አጋናኝ,0
በአይኑ አልዞር ብሎት,0
ቆቡን ቀደደ,1
እኩል ከመጠቀም,0
በገ ሰማይ,1
መለስ ቀለስ አለ,1
ራስሱ ዞረ,1
ቀባ ቆራጭ,1
ሽጉጥ ጠጣ,1
የሴት መዶሎቻ,1
ስወጣት,0
ለባህላዊ ህክምና ግብአት,0
ሰምና ወርቅ,1
ሰንካላ ምክንያት,1
የሰዋሰዉ ህግጋት,0
ከችግር ተገለለ አተረፈ,0
ሆነብኝ,1
የውሎ አበል,1
ቅሌም ይኸው,1
አንቅሮ ተፋው,1
ቅበ ቢስ,1
እሾህን በሾህ,1
ስልጠና ፍላጎት,0
ከሁለት በላይ መደበኛ ሀረጋት,0
ሆዱን በረበረው,1
መከራ አይተሽ አስተማርሺው,0
መምህርጋት ያስፈልጋል,0
ማጠፍ,0
የአማርኛ ቋንቋ በአፄ ሀይለ ስላሴ,0
አስፈላጊው ነገር የተሟላለት,0
በእያንዳንዱ ምእራፍ,0
መልካም ወጣት,0
ይብላኝለት,1
ሙልጭ አድርጎ ሰደበ,1
እንደሆነ,0
ክፍል ስድስት,0
ልብ ቀረው,1
ደመቅ ደምቅ አለ,0
አትቁጠርብኝ,1
ውድ መምህር,0
እጆችና እግሮች,0
ያም ሆኖ የኦፓል ማእድን,0
ሰማይ ዳሴ,1
ቀልቡን አሳጣሁት,1
ላድርግ ልጄ,0
ሰምና ወርቅ,1
አፍፉን ለቀቀ,1
የምስጥ ቤት,1
ልብ ተሰምቶት,0
የሰጠ ይታክታል,1
ሾላ በድፍን,1
ህግ አውጭ,0
በራሪ ወረቀት,1
ተቆረቆረ,1
ቆቡን ጣለ,1
ሀሳብ ያዘዉ,0
ባላባት,1
ቤት ከቤቱ ገባ,1
ተቆለለበት,1
መሰረት በማድረግ,0
አባቶቻችን ሰልጥነዋል,0
ክፉ ስም ቀባ,1
የሰሯቸው ስራዎች,0
ተስፋ ስጠ,0
ቤተ ሰሪ,0
ጠጁን ለበለበው,1
ኋሊት,1
ልበ ተራራ,1
ፍቃድ ሞላ,1
በትክክል እንዲሰሩ በቂ ጊዜ ይስጧቸው,0
ነገር ቋጠረ,1
አንድ ሰበር,1
ለትምህርት ሄደው,0
በቃላዊ ግጥም መልክ,0
ስጋ,1
ህዝቡም ዙሪያቸውን በመታደም,0
እንደዘመናዊ ህክምና,0
ፍፁም ድሀ,0
ማድ ረጋጭ,1
ከውጭ ርዳታና ብድር ታገኛለች,0
አቋሞች በማሀበራዊነት የሚበለፅጉ እንጂ,0
አእምሮው ተመለሰ,1
ሰቀላ ቤት,1
ጥገኛ ሆኖ,0
ለማስወገድ የሚደረገው,0
የብርሀን ልጆች,1
ይለዋወጣል,1
እንደ ባትሪ ወለል አድርጎ,0
ስራ ፈት,1
ፊት ለፊት በቀጥታ,0
እንዲገልፁ በመጠየቅ,0
ሲሮጥ ያሰሩት,1
ሆዳም,1
ልብ አጣ,1
ባርያ ፈንጋይ,1
ቤተ ክርስትያን ሳመ,1
መቼ አጣሁት,1
እኔን,0
ልብስ አስቀደደ,1
አገር ውስጥ የሚቀበላቸው,0
እየከፋ ሄደ,0
ብዙ ልምድ,0
በቃል እንዲያቀርቡ በመጠየቅ ማረጋገጥ,0
መንገዶች,0
ብልሀት አለቀበት,1
ጉዳዩን አታርቀው,1
መለዮ ለበሾቹ እያዳፉ ከአስፈሪው,0
ራሱን አዋረደ,1
ልቡ ፈረሰ,1
ሆዱ ቆረጠ,1
አመስጋኝ አማሳኝ,1
ሳር እግዚአብሄር,1
እልልታው ቀለጠ,1
ብትባል እንጂ,0
ልበ ደፋር,1
መቼ አጣሁት,1
የሰጠ ይታክታል,1
ሞሰበ ወርቅ,0
ተማሪዎች በየግላቸው እንዲያነቡት ያድርጉ,0
ኢትዮጵያ ውስጥ,0
ደምወዝ ቆረጠ,1
ብቅል አይጠንሰስ,1
ቤት ማያ,1
የአውድ አመት,0
ቁጣው በረደ,1
አፄ ዮሀንስ,0
በቁሙ ቀበረው,1
አሉ ፊታዉራሪ,0
ብልት አወጣ,1
ሁለት ግስ,0
ትኩስ ትኩሱን,1
ልቅ,1
ሰአታት ሊሆን ይችላል,0
የቂል በትር,1
የወሰደውን ገንዘብ ተፋው,1
አመሳቅሎ ለበሰ,1
ደግ ቀን,1
ልበ ቆራጥ,1
ስም ለበስ,1
ጥቂት አመታት,0
ልበ ቀላል,1
ስርቅ ያለ,1
ቀን ወጣለት,1
ስለሆነ,1
አዎ ይደውላል,0
የሚመጡ በሙያቸው ስራ አያገኙም,0
ምድር ላይዋ ሳይሆን ውስጧም,0
ውሏችሁ,0
በእርሱ ላይ የደረሰው አልደነቀውም,0
ያለውና ለሰብእናችን ነፃነት የሚሰጥ,0
አማረኛ ቋንቋ,0
በጥፊ ለጠፈበት,1
አሸናው,1
ሰውነቱ ተረታ,1
ልብ ወረደው,1
ትኩረት ማድረግ,0
ጠቋሚ አገናዛቢና መጣኝ ቅፅላዊ ሀረግ,0
የት ሁነህ,1
ተገቢ አገላለፅ ልንጠቀማቸው ግድ ይላል,0
ሳረ በል,1
የሰጡትን ይይዛል,1
በማስተካከሉ በኩል የራሱን,0
ጎጃም አዘነ,0
የሚል ጭብጥ አለው,0
ሽሮ ወጥ,0
ደብረ ወርቅ,0
በመጨረሻም,0
ቋቱ ጠብ አለ,1
ነፋሱ ተነሳ,1
ቁም ስቅል አሳየ,1
ቁስለ ስጋ,1
ጥይቱን አርከፈከፈበት,1
ማየል መጠንከር,0
ለሁለቱ ከተማ መስተዳደሮች,0
ራሱን ሳተ,1
ቂጣ,1
ተቋጠረ,1
ብዙ የግብር ገቢ መሰብሰብ,0
ርስት ተመራ,1
ጎመን በጤና,0
ልበ ሙት,1
ተብላላ,1
ዘጠኙ ደግሞ,0
መልካም ባል,0
የቆየ,1
ቻሉ,0
ከሞት ተፋው,1
ሰነፍ ምርት,1
ንስሀ አባት,0
ታዳሸ ክፍቶችና ህያዋን,0
መሬት ቁና,1
ግብር አግባብነት ባላቸው ህጎች የሚጣል,0
ውሀ በላው,1
ሆዱ ቃረ,1
አይለመደኝም,1
ተወዳዳሪ ተፎካካሪ,0
ልቡ ሰባ,1
ከባህል ባህል,0
በመሰረተ ትምህርት ዘመቻ,0
ልበ ጥልቅ,1
መጠኑ ጨመረ,0
በኢኮኖሚያዊ ችግር ምክንያት,0
በራሴ ጊዜ,0
ባለደም,1
ችግር አለው,1
ጉዳዮችን ሊያነሳ ይችላል,0
ከልቡ ወደደ,1
ፍሬው ተንተርክኳል,1
ሁለትምህርትምህርትምህርት ቤት,1
አካል,0
ትንሽ ትንሽ ሰጠን,0
ፊጥኝ,0
ፀጥታ ሰፈነ,0
ልብ ለልብ,1
ሌባ ውጋት,1
ደስተኛ ነች,0
ማነብነብ ጀመረ,0
በህክምና ስህተት,0
መረጃዎችን በማሰባሰብ የተካሄደ,0
ለቅሶ ለመዋጥ,0
ግብረ ገብነት,0
ስብስብ,1
መስከረም ነጋ,1
በራዥ ከላሽ,1
አንደበቱ ረታ,1
ልቃቂት ለቀቀ,1
የህዘብ ዝግጅት,0
ህቅ ህቅ አደረገው,1
ተማሪዎች በቀረቡላቸው ርእሰጉዳዮች,0
ከምንባቡ የወጣትን ጥያቄዎች ይሰራሉ,0
ይህም የልቦለዱን ታሪክ,0
ሀሳበ ቢስ,1
ቁም ነገራም,1
መጥፎ ዜናዎች,0
ባጠፌታ እንዲከፍሏቸዉ,0
መቸውንም,1
ሽንተ መልካም,1
ድንበር ረገጠ,1
በማዳመጥ ጊዜ,0
ወፍራም አንጀት,0
ባህር ሸሽ,1
ሆሳእና ትንሳኤ,0
መኪናውን ቆሰቆሰ,1
ከቀደመ እውቀታችሁ ጋር,0
ስለዚህ የሚያደርጉት,0
አያያዥ ተብለው ይጠራሉ,0
የጭን በቅሎ,1
ነገሩን አብላላው,1
ተበታትነው ቀሩ,1
ወደድንም ጠላንም,0
የምታምር አንዲር,0
ሰነፍ ደካማ,0
የጥበቃ ሀይል,0
የነገር ቤት,1
መንግስት የሚያደርገዉ,0
ከገዛ ታሪካችን እንደተመለከትነው,0
ይህ እንግዳ ተቀባይነት,0
አበጥሮ ያውቃል,1
እጄን በቆረጠኝ ባላደረግሁት,1
ስራ ቤት,1
ሸሚዜን ለብሸ,0
ታዲየ,1
እባክሽ በሩን ዝጊው,0
ሙስጠፋ ነገ ይመጣል,0
አቅጣጫ በማሳየት ረገድ,0
ጣእመ ዜማ ያለው,0
ልቡን ከዳው,1
ጋለ,0
ዋጋ የለውም ተብሎ ይታሰባል,0
ጣፋጭ ነገር,0
መድሀኒት መቁረጥና,0
ሁለት ልብ,1
ድምፃዊ ትእግዚአብሄርትነት,0
ርእሰጉዳዩን እንዲረዱት,0
ስደት በአሁኑ ወጣት,0
ፈሪ ቦቅባቃ,0
ተባራሪ ነጋዴ,1
ትኩስ ሬሳ,0
ድህነት ሰለጠነ,1
ንባቡን ለበለበው,1
የድሀረማዳመጥ ጥያቄዎችን,0
ጋለሞታ,0
አቀለጠ,1
ተው ተው አለ,1
ይጨምረዋል እንጂ,0
የነበራት ወይዘሮ,0
ከሶማሌያዊያኑ,0
ቤት ይቁጠረው,1
ቋንቋውን በኮምፒዩተር መጠቀም መቻሉ,0
ቅመም,1
ለምለም እንጀራ,0
የትንቢት ጊዜ,0
ውጭ አገር,0
ቃላዊ ግጥሞች እንደሁኔታው ሊዜሙ,0
ቃናው ተለወጠ,1
ጥልቅ ውይይት ማድረግ,0
በባለፀጋ ልጅ,0
ጉዳዩን ተኮሰ,1
እግዜር ይማርሽ መች አለሽ,0
አመልህን ሰብስብ,1
እጁን ሰጠ,1
ብር ብሎ ሄደ,1
ልቡ ቀና,1
ሲያቀና ዋለ,1
አንድ ራሱን,1
የተጣለ የግብር መጠን,0
ምርዝ አደረገ,1
ለይቶ አየ,1
እንዲሁም በተለያዩ ክልሎች,0
የክፍለትምህርቱ ዝርዝር ይዘቶች,0
አይሁን,1
ዳኛ ረግጦ ሄደ,1
ልቡን በላው,1
ጠበል አስመታ,0
መተረቻ,1
ቅዱስ ባለጌ,1
ጀምሮ ሶማሊያ በእርስ በርስ ግጭት,0
ቆርረጠኝ,1
በሶ አበሰበሰ,1
ልበ ባህር,1
ሱሪ ቢጣልባት የምታረግዝ,1
ላንቺ ሊፈይድልሽ,0
ህልውናዋን የምታረጋግጥባቸው,0
ኢትዮጵያ ብዙ መንፈሳዊ ተአምራት,0
መሬት ቁና,1
ይህች ልጅ,0
የሰውልጅ ቁሳዊ,0
በቃል እንዲመልሱ ያድርጉ,0
ሰነበታችሁ,0
የደረደራቸው ውብ,0
በችግር ምክንያት,0
ረገፈ,1
መከዳ አቃፊ,1
አባቱ,1
ክሱን አዳመጠ,0
ቀወት ጣርማ በር,0
ከዚህ አመተ ምህረት በሞት የተለዩ,0
ሳል ተከለበት,1
አሜን አሜን,0
በር ከፋች,1
የሚቻል ከሆነ,0
የተከተለ,0
የሀረጋት ተዋቃሪዎች,0
አጎላማሽ,0
ምንም ሳይኖራቸው,0
ርጥብ አማኝ,1
ልቡ ከዳው,1
ርጥባን,1
ቅጭታም,1
ብቅ ጥልቅ አለ,1
የጣላቸው ግዴታዎች እንደነበሩ,0
በሙያቸው ስራ ያገኛሉ,0
በጎ አድራጎት,0
የስሜት መነቃቃት,0
ስሜት ዜማው ይለያያል,0
ከአስር ያላነሱ ክሊኒኮች,0
አይሆንም,0
የሰራችው የሚበረክት,0
የተባሉ ባልና ሚስት ነበሩ,0
አሉታዊ,0
ሰማይ ጠቀስ,1
ብቅል አበቀለ,0
ተልባ,1
ብልቱን መታው,1
ሙልጭ አደረገ,0
ምች አደር,1
አብራጃ,1
በመጠቀም,0
ባይሰሙ አጥንታቸዉ,0
ልበ ፈሪ,1
ሁነኛ,1
በል ልበልህ,1
አባ ሰንጋ,1
ቆጠረ,1
ነገር ቆሰቆሰ,1
አቅም ሳይፈቅድ,0
ለበቃ ለባቃ,1
ያገኙትን ኦፓል ይዘው ብቅ ይላሉ,0
የጥርስ ስጋ,1
አይነ ሌባ,1
ዘመናዊ ህክምና,0
መነሻ ሆነው ያገለግላሉ,0
ሲያቀና ዋለ,1
ሳት አድረገ,1
ሰልፍ ዉጣ,1
የማርያም መቀነት,1
በረት ድስት,0
ግጥም ቃላዊ በሆነ መንገድ,0
ደመ መምህር,1
ያ የቁራ መልክተኛ በዛው ቀረ,1
እንደሀገራቸው በኖሩባት,0
የሀገራችን ችግር,0
በርካታ ወጣቶች ከእለት ጉርስ አልፈው,0
አስራ ሰባት አመት ሲሆነው,0
አንድ ጊዜ,0
በቀጥታ የድሀረማዳመጥ,0
ያዝ ለቀቅ,0
በዚህም ምክንያት በህይወቱ,0
ከነቅራቅንቦው ከነሙሉ ጓዙ,0
የአሁን ጊዜ,0
በቀን በተወሰኑና ሰው በማይበዛባቸው,0
ነገሩን ረገጠ,1
ከሰው ልጅ ንቃተ ህሊና,0
ሀሳብ ተሰነቀረብኝ,1
በኦፓል ቁፋሮ ስራ ላይ ያሳልፋሉ,0
ቀንበር ጫነ,1
ቁልፍ ሰው,1
ስንዝር መሬት,1
ምክሩ አጥንት ይሰብራል,1
ተሌላ ሰው አፍ ሰማሁት,0
የሰማይ ስባሪ የሚያህል,0
ሴራ መታ,1
ተሻሽሎ በቀረበው,0
ልትኖር አትችልም,0
መለየት መቻላቸውን,0
አፉን አሾለ,1
በመቶ ሽህዎች የሚቆጠሩ,0
መገዘዝ ፊት,1
መሰራረቅ,1
ሊያስፈልግ ይችላል,0
ጥቂት ገንዘብ,0
ልበ ደረቅ,1
በተለይም ከቋንቋ ትምህርት ጋር,0
የሚል ብሂል ይዘን እንኖራለን,0
ከተማ ቆረቆረ,1
በአመተ ምህረት አቀፍ ደረጃ,0
እንደመርግ ይጫንሀል,0
አፉን አሾለ,1
አራገፈ,1
ሰውነቴ በረዶ,1
መምህራን አሳታፊ,0
ራቤ,1
ልብስህን አዉልቅ,0
ሞተር አስነሳ,1
እንደመሆኑ መጠን,1
በአንድ መስሪያ ቤት የፅዳት ሰራተኛ,0
ደስታቸው ወደር የለውም,0
ልቡ ቆሰለ,1
የሰደድ እሳት,1
የአሰብ ወደብ,0
አሳቡን ሚያከብሩለት,0
ምንባቡን ለማንበብ በቂ ጊዜ ይስጧቸው,0
የመጨረሻውን ያጠረ ፅሁፍ ቅጂ መፃፍ,0
ተቋቋመው,1
ተሆነ ተሆነ,1
ይህ የምሁሮች መሰደድ,0
ገበታ ሰራ,0
ታች አብሽ ወረደ,1
ረዘም ያለ ንግግርን አዳምጦ,0
በር መታ,1
አመስጋኝ አማሳኝ,1
በዛብህ ተነሳ,0
ምስጋናዉን አጣምሮ,0
መድሀኒት ለመቁረጥ,0
ቃርያው በሰለ,1
አደብ ገዛ,0
አሳከረ,1
ለማለት ያህል,0
ለጥፎ ባጋራው መረጃ መሰረት,0
ተው ተው አለ,1
ልበ ጎዶሎ,1
ውበት,0
አንድን ቃል በተለያዩ አረፍተነገሮች,0
ልበ ቢስ,1
በሰዎች ቆፈን ውስጥ ትገባለህ,0
ሽብሽብ አደረገ,1
መንገዱ ቀና,1
በዛብህ አለመኖሩን ትሰማና,0
ተንኮታክተው ይሞታሉ,0
መፅሀፍ ቅዱስ,0
የሰጡትን ይይዛል,1
ሀብተ ስንኩል,1
ልቦለድ ለመፃፍ ስንነሳ ልናተኩርባቸው,0
ቤት ለቤት,1
የሰይጣን ፈረስ,1
ልበ ገር,1
አረፍ ለማለት ቤታቸው ይሄዳሉ,0
ባዝራ ተድንጉላ,1
ቃል በቃል,1
በመሆናቸው የሰው ልጆችን,0
ተቋጠረ,1
ዘመደ ብዙ,0
በሀዘን ሰጠመ,1
ዋጋ አሳበረ,1
ሀይማኖቱን ለወጠ,0
መምህራን በሚያስተምሩበት ጊዜ,0
ደራርቦ ደረሰበት,0
ሆዱ ተቆለፈ,1
በቃል እንዲመልሱ ያድርጉ,0
በቁፋሮ ሂደት እስከሰው ህይዎት መጥፋት,0
ሽልማትና ርዳታ አግኝተናል,0
ባጣ ባጣ,1
መሬት አሳመው,1
አሸናው,1
ፊታዉራሪ መሸሻ,0
ሞላጫ ሌባ,1
ግንኙነት ሊኖራቸው ይገባል,0
ስራት ለበሰ,1
እድሜው ተበጠሰ,1
መረጃ ከሰንጠረዥ ውስጥ,0
እራስን መቻል,0
ሞት ሞት ሸተተው,1
አራጠበ,1
ከስማዊ ሀረግ ጋር ተዋቃሪዎች,0
ስንቱን አየን,0
ሀገራችን የተለያዩ ስራዎችን,0
ጭራ ቀረሽ,1
ግላዊ እድገት,0
ፎቶ ኮፒ,0
ቁጭ ቁጭ አደረገ,1
ገበያዎች በመሸጥ ላይ የሚገኝ,0
ዉሀ አለች,0
የምንባብን ሀሳብ በራስ አባባል መግለፅ,0
የሰማንያ ሚስት,1
በቃልሉ ፀና,1
ከአፄ ቴዎድሮስ ጀምሮ,0
እየቆየም ጥሩ ተናጋሪ,0
ብስል ሰው,1
ዝም አለማለቴ,0
በዛሁ ቀንሱልኝ አለ,1
አንጀቴ ቁልፍ አለ,1
ቀንዱን ተመታ,1
ስልጣን እየጨመረ ይሂድ,0
የወር ቀለብ,0
ቁሞች,1
ህፃን ልጅ,0
የገና ዛፍ,0
ልቡ ቀዘቀዘ,1
በነገር ሸቀጠ,1
ቤት ይቁጠረው,1
ከጥገኝነት ወጣ,0
በሱስ የተጠመዱ ሰዎች,0
ከልኩ አለፈ,1
አመሳቅሎ ለበሰ,1
ቀልበ ቢስ,1
ሱሪ ቢጣልባት የምታረግዝ,1
መንገድ አሳበረ,1
መሙያ አጎላማሽ መስተአምር,0
ቆነደደ,1
ባለ ቀትር,1
የሴት ምራቋ ደንዳና,1
እነዚህ አርመናዊያን,0
መቆሚያ መቀመጫ ያሳጡብኛል,0
ጨዋታው ቀለጠ,1
የሚኖሩ ባለታሪኮች,0
የንግግር ክህሎቶቹን አሳድጓል,0
የቤት እቃ,0
በክርክር ጊዜ ትኩረት,0
ቀልባቸውን ቢስበው አንድ መላ ይዘይዳሉ,0
ቃል አልገባም,0
ክፉና በጎ,1
ለሚያገለግል ህዋስ,0
ሳር እግዚአብሄር,1
እጅህን ሰብስብ,1
ምርጊት ፊት,1
አልላዋቂ መሆን,0
ሁሉን አቀፍ,0
ልቡ አላረፈም,1
ከሚጠቀምባቸው መካከል,0
ቅል አንገት,1
ስመ ጥቁ,1
ጊዜ ልትሰጭው አይገባም,0
ምስጢር ባከነ,1
ቆይታ ያዘ,1
በዚያም በዛብህ አባይ በርሀ ላይ,0
ትምህርት ቀሰመ,1
ምርጫው የአንተ,0
አዲስ ልብስ,0
ቀፎ ለቀፎ,1
አድማ መታ,1
ተገቢ አገላለፅ ላይ የተመሰረተ,0
አርአያነት ለመፍጠር,0
ከካናዳ አሜሪካ,0
የተሰጡ መነሻ መልሶች,0
ፍቅር ይሉኝታዋን,0
ላይ አሰጡት,0
እንዲያሻሽል ረድቶታል,0
አንዳንድ ነገር,0
ጉንፋኑ በሰለ,1
አስፈራራው,0
ቆይቶ ቆይቶ,1
ቀይ ሽንኩርት,0
ስልጡን አፍ,1
በተጨማሪ ሌሎችም,0
አየር ጤና,0
ተናደደ ተበሳጨ,0
ቅስሙ ተሰበረ,1
ቃሪያ ጥፊ,1
ቆዳ መሬት,1
የግብርና ስራቸውን ሰርተው ሲጨርሱ,0
መሟጠጫ,1
መኸሩ ሳተ,1
ውይ ብርድ,0
ያለው የመግባባት ደረጃ,0
አይኑ ይሳሳል,1
የመፃፍ ልምድን ማዳበር ይጠቅመናል,0
ይህንን የመምህር መምሪያ,0
ጀርባውን መነጠረው,1
በደስታ መምህር,0
ቁመት አለብኝ,1
ለቃላት ተመሳሳይ ፍቺ,0
ሩቅ ሀገር,0
አከንባሎ ሰበረ,1
ድክም ባለ ድምፅ ትመልሳለች,0
ምግብ ቤት,0
ቅኔ ነጋሪ,1
ቀኝ ቀኙን ያስመልክትህ,1
በጋራ መሻት ያስፈልጋል,0
ላይ ላዩን ሄደ,1
ሽንት,1
ትምህርት ተማረ,0
ቅሬታ ገባው,1
የሚመስላት አጥታ,0
በር ከፋች,1
ቃላዊ ግጥም እየተባለ ይጠራል,0
የጎድን በር,1
አንዳች ነገር,0
ተገቢ ስርአተነጥቦች በተገቢ ቦታቸው,0
ክፉ ነገር ረመጠብኝ,1
ስለምእላድና ቃል,0
ለቅሶ ለመዋጥ,0
ሹም ሽር,1
ባህርይ,0
አልላዋቂ መሆን,0
መሸጦ,1
ከብቱ ጥርሱን ሰብሯል,1
መሬቱ ተርቧል,1
ስሜትህ ይጎፈንናል,0
ፍቃድ ሞላ,1
ከንፈሯን መገመገው,1
ልቡ ራሰ,1
በተጨማሪ በአማራ,0
ሆሳእና ትንሳኤ,0
መሰንቆ መታ,1
በራስ አባባል የተፃፈው ሙከራ,0
በየምክንያቱ,0
ረሳ,1
የቂጥ ማረፊያ,1
ይሸበሩ ጀመር,0
ተንታኝ አንቀፅ,0
ቷቷ አለ,1
የሽና,1
የሴት ልጅ,1
ያለንም አንድ ብሄራዊ መንግስት,0
በነገር በከለኝ,1
ባዶ ለባዶ,1
ቁርጬ ደሀ,1
ቀድሞ በሽታ,0
በትእዛዝ ሶስት,0
ችግር አይኖርባቸውም,0
መሬት አስላሰ,1
ቅቤ አንጓች,1
ቅርብ ለቅርብ,1
ቋቱ ጠብ አላለም,1
ለጋ ጨረቃ,1
ገንዘቡ ቀለጠ,1
ዜማው ሰበረ,1
አፉ ተሸበሸበ,1
አሟልቶ ሰጠው,1
ባይሆን,1
አብዛኛውን ጊዜ,0
ታታሪ ሰራተኛ,0
ይህንንም,0
ይሯሯጣል,1
ቅፅላዊ ሀረግ,0
ለመባልም ተገቢነት የለውም,0
አገር ተመታ,1
አይዞሽ አላላትም,0
የኔ ውብ አገር,0
ቤት አፈረሰ,1
የፉከራ,0
ቀለሙ ተሰበረ,1
ባጭር ቀጨ,1
ለችግር,1
በውጊያ ሜዳ,0
ለአንብቦ መረዳት የቀረበውን ምንባብ,0
ጠበል አስመታ,1
ተፈፅሞም ተሞክሮም አያውቅ,0
የፖለቲካና የሀይማኖት ነፃነት,0
ዋው ጫካው ያምራል,0
ክፉ ነገር,0
ወሬ ነጋሪ,0
እንቅልፍ ወሰደዉ,0
አለባበሰ,1
ሀገር ስላም,0
ማህበራዊ ዲሞክራሲ,0
መቋለፍ,1
ሁለትምህርትምህርትምህርት ቤት,1
ላይ በሌ,1
ታጋሽ,0
አፈ ሙዝ,1
የተለያዩ ጉዳዮችን በተመለከተ,0
ውሀ ሽንት,1
መስቀል መተኮሻ,1
ነገሩ በሰለ,1
መምህራንም ሆኑ ተማሪዎች,0
ቁርጥ ነገር,1
ቤቱ ፈረሰ,1
ስራ ያዘ,1
ባጭር አስቀረ,1
ተነሳሳ,1
በመስጠት ማንበብ,0
አይሞላለት,1
ተማሪዎች የቤት ስራ,0
በጥቂት ገፀባህሪያት,0
በር ከፋች,1
እግዚአብሄርህን ሰብስብ,1
አዝኖ አለቀሰ,0
መኖሪያ ቤት,0
ሰውየው ተጣብቶኛል,1
የግብር ክፍያ,0
ሰው መሆን አይቀርም,1
አይስማማኝም,0
የቅርብ ሩቅ,1
በራስ መተማመኑን አግኝቶ,0
ቅድሚያ የሚሰጠው,0
ህግ አዉጭ,0
ሁለቱም ወገኖች,0
ሞላጫ ሌባ,1
አስረጂ አንቀፅ መፃፋቸውን ማረጋገጥ,0
የበዛብህንና የሰብለወንጌልን የፍቅር ዜና,0
የተሰማዉን የልብ,0
ሰይጣናም,1
ለቁጥር የሚታክቱ,0
ተጫጫነኝ,1
ኢትዮጵያዊ ሱቆች,0
አሞላ,1
ለማቆም ሀሞት ይጠይቃል,0
ነፍስ ውጪ ነፍስ ግቢ,0
ከመሞከር ይልቅ,0
አስችሎት አይቀመጥም,0
ከፋኝ,1
የሸማችና ሻጭ አለመገናኘት,0
ላይ ጠለቅ ያለ ጥናት,0
ጎመን ዘር,0
ባለጌ,0
መሬት ላሰ,1
እራት እንዳትቀር,0
መፅሀፉን ቀዳ,1
የአማራ መነሻ,0
ሰዉየዉ ቻይ,0
ስራ ማይዝ,1
ከነበረበት ቦታ በዝናብ ወይም በጎርፍ,0
ዘር ቆጠረ,1
በሬ ወለደ,1
የበይ ተመልካች,1
ልብሱ ተቀበለው,1
በመውሰድና ስድስት አዳዲስ,0
የተፈጥሮውን ቅኝትና መንፈስ,0
የአካባቢው ወጣቶች,0
ወገቡን ሞከረ,1
ብንቸገር,0
ሰው ለየ,1
ቃሪያ ነገር,1
የሰብለን ልብና አቋም ተረድተው,0
የዛር በቅሎ,1
ሞቅ አለው,1
አመለ ቁርንጭ,1
ከእነዚህ አራት አገሮች,0
ብቁ ዜጋ,0
ምስጢር አወጣ,1
ሾላ በድፍን,1
በዱላ አበራየው,1
የሬሳ ሳጥን,0
ተስፋ ሰጠ,1
በለበሰ አይናቸዉ,0
ሲቀር ይቀራል,1
ሰው,1
ተነሳሳ,1
ትእዛዝ ሶስትንም በተመሳሳይ ያሰሩ,0
መልካም ህይወት,0
መረጃ ቴክኖሎጂ ሰው ሰራሽ,0
ልብስ አስቀደደ,1
ዋጋ አሳበረ,1
አንድ ቃል ሊኖረው የሚችለው አገባባዊ ፍቺ,0
የሰባ ነገር,1
ዘወረደ ቅድስት,0
ህብር ሬስቶራንት,0
አውድማን ረገጠ,1
ሙት አማጣኝ,1
የተቀናጀ ጥሩ ፅሁፍ ለመፃፍ,0
የማዳመጥ ክሂል,0
በቦታው ኦፓል ሲገዙ,0
አንዳንድ አካባቢዎችም ይገኛል,0
ልበ ቢስ,1
አንዱ ለሌላው ተራውን ይለቃል,0
ራስን መጉዳት,0
ሰነፍ ቆሎ,1
ስም አጠፋ,1
ቆለለበት,1
ቀፎ ለቀፎ,1
ሀረግ ጣለ,1
ይቀለኛል,1
ባላንጣ,1
ቅርብ ለቅርብ,1
እኔን,0
ለአይን ሞላ,1
ቦጨቀ,1
ሰኔና ሰኞ,1
አገራቸው ውስጥ የሰለጠኑ,0
የቃላቱን አጠቃቀም ሁኔታ,0
በመጠኑ ሰከረ,0
አራስ ጨቅላ,0
ልቡ ቀረ,1
ብሎ በሩ,0
ዛፉ ሞተ,1
ባዶ አፍ,1
ልበ ተራራ,1
ሰብቷል,1
አርመኖች በደረሰባቸዉ,0
ጥፋተኛዉ እኔ,0
ሲፈራ ሲቸር,1
መልካም ወጣት,0
አንድ ቀን በተወለዱበት አካባቢ,0
በምንም ምክንያት,1
ያገልግሎት ጊዜ,0
የመኪናዉን ሞተር,0
ተረባረበ,1
በተለያዩ ርእሰ ጉዳዮች,0
ጠመንጃ በያዙ ጠባቂዎች,0
ዳንኪራ መታ,1
የልብ ሰንኮፍ,1
ውስጥ ሰፍረው ይገኛሉ,0
ውሸቱን ሸመጠጠው,1
ብትን ቃል,1
ኦፓል በደቡብ ወሎ ዞን ደላንታ,0
መረጃዎችን ተርጉመው ይፅፋሉ,0
አንድ ኢትዮጵያ,0
ቤት መለስ,1
ቢሆን ባይሆን,1
ሙልጭ አለ,1
ሀብቱን ሰነከለበት,1
ሆዱን ቦረቦረው,1
መኪናዬ በሽተኛ ሁናለች,1
በመሆኑም በቅድሚያ ተማሪዎቹ,0
በምሳሌ እንዲያብራሩ,0
በተጨባጭ ምሳሌ አስደግፈው,0
ከመቻሉም,0
የጌቶች ልጅ,0
ሁለተኛ ተሰራ,1
ባለቅኔ,1
መተኛት አለበት,0
ከልኩ አለፈ,1
ለምሳሌ ካናዳዊያን አሜሪካ,0
ተሽጦ,1
በር በሩን አዬ,1
አጥር ግቢ,0
ዋንጫ ልቅለቃ,1
ስለሆነም የደራሲ የቋንቋ አጠቃቀም,0
መምህርተር ልምዱ,1
ሁለተኛ ተሰራ,1
ለብቻ,1
ቆዳ ተማሪ,1
ሞት ሞት ሸተተው,1
አካላዊ ወይም ረቂቅ ሊሆን ይችላል,0
ተተክሎ ዋለ,1
ባዶ እጅ,1
ይኖራሉም,0
መርሆ,0
ቁም አፍ,1
ቃልዎ ይድረሰኝ አለ,1
መበቀል ብድር መመለስ,0
አካሉ ወፍራም የሆነ ሰው,0
ሀዘን ሸነቆጠው,1
ስር ጠምዛዣ,1
አንድነትና ልዩነታቸውን እያነጠረ,0
መሬት ላሰ,1
በበጋ ወጣት,0
ዋጋ ቀረፈ,1
ራስ ላይ ወጣ,1
ምኩራብ መፃጉ,0
ርካሽ ቦታ,1
ልቡን ቆረቆረው,1
በጨጉራህ ይቆረባል,1
እንደ እብድ አደረገው,0
ሸናበት,1
ስልጠና መስጠት,0
በቁርጥ ስራ,1
የሽና,1
ለገበሬ ሰዉ,0
ልበ ድንጉጥ,1
የጤና እክል,0
አንቀፅ እንዲፅፉ,0
ሲያዳምጡም ማስታዎሻ እንዲይዙ ያድርጉ,0
ግጥሞቹ በአብዛኛው,0
እጄን ሲነካዉ,0
ለሰሚ ግራ ነገር,1
በተወሰነ ጊዜ ሲደጋገሙ,0
ልብ ወለድ,0
መምህራን ቋንቋን ለማስተማር,0
ቀንቶታል ጎብዟል,0
በሽታዬን አውቀህልኛል,1
ቁሳዊ ስኬት,0
ለቆፋሪዎች ምግብ ያመጣሉ,0
ግብረ ስጋ,1
ሌባ ዝናብ,1
የጉድፍ ልቅ,1
የወሰደውን ገንዘብ ተፋው,1
የሚሰሩበት ቃላት,0
እንደሚከፋ,0
ቁርጡ ታወቀ,1
ተበሳበሰ,1
ዳንኤል ትናንት በጎቹን ሸጠ,0
ሽጉጥ ጠጣ,1
ባህሩን በዋና ቆረጠ,1
ፊደሎች ፴,0
ራስን ማሻሻል,0
በእርግጥ በትክክል በእውነት,0
ይሸበሩ ጀመር,0
ለነዚህ ልጄን,0
ዜማው ሰበረ,1
ረባ,1
መቀነትሽን አጥባቂ,1
የስድስተኛ ክፍል,0
መገመት የሚቻል ይመስላችኋል,0
ቢነስርም ቢከስርም,1
አሸበሸበ,1
ቢኖር ማፈርና መግደርደር,0
ሞት ይርሳኝ,1
ለሰው ልጅ ብዙ ጠቃሚ ነገሮችን ይዟል,0
ባሌን አሞኘሁት,1
በመስጠት በተጨባጭ እንዲረዱ ያድርጉ,0
እጀ ሴሰኛ,1
በዛብህ ስንብቱን,0
እሰጥ አገባ,1
የእንጨት ምንቸት,1
እሾህ አይውጋህ,1
በነገር ሸቀጠ,1
ልበ ክፍት,1
ሆድ ለሆድ,1
ግንኙነት ለመመስረት,0
ርካሽ ቦታ,1
በስለት ለታቦት,0
የቀረበው ማስታወሻ ላይ,0
ልቡን ሰወረው,1
መርህንና እውነታን ያዝ,0
የበሰለ ቅቤ,1
ተባራሪ ወሬ,1
ታሪካዊ,0
ተመልሰዉ ሲፍራሩ,0
ጠፋ,0
እድላም,0
ሰውነቱ ተረታ,1
ባጭር አስቀረ,1
ልቡን ነሳው,1
አብዛኞቹ በአሜሪካ ኩባንያዎች,0
ቅንድብ መሸለል,1
በራጉኤል ቤተክርስቲያን,0
መንግስት አልባ ስትሆን,0
የተፈጥሮ ጋዝ,0
ይቅር ባይ,1
እርግፍ ያርገኝ,1
ቆሽቱ አረረ,1
ስም አነሳ,1
እርስ በርስ,0
እርስ በርስ,0
ሀሰት እውነት ደባላቂ,0
ልበ ጥኑ,1
መገለፅ ካለበት,0
ልብሱን ለወጠ,1
ብስል ከጥሬ,1
የገበያው ትርምስ,0
ትልቁ ሴማዊ ቋንቋ,0
በጎግል ወደሚተረጎሙት ቋንቋዎች,0
ባልና ሚስት ቁልፍ,1
የሰው ስም ሰበረ,1
ለመጨረስ ለመፈፀም መታገል,0
መንታ ልብ,1
ኢመደበኛ ውይይቶቸን አዳምጠው,0
የቤት ጉድ,1
አይኑን ተከለ,1
ረሀብ ሸነቆጠው,1
በየጊዜው ማስተማር,0
ቤት መታ,1
ነጣላዋን በተነች,1
ሴተ መሬት,1
እንዲያዉም አላቻዋ,0
የቋንቋ አዋቂዎች,0
ሬሳውን ወንዝ ተፋው,1
የነበረበት ዋና ምክንያት,0
እዝን ቤት ስሄድ,0
የማደራጀትና ቦታ የመስጠት ስራ,0
ሀሳብ ሰነዘረ,1
አገር ረጋ,1
አንድ እጅ ችሎታ ልተካከል አልችልም,0
የምሞቀ ቤት,1
ትንሽ ስህተት,0
ምስጋና ቢስ,1
ጥሩ እድል,0
ነክሰዉ የጠላቶቻቸዉን,0
ለመረጋጋት ሞክር,0
አገዘ,0
መፅሀፍ አዘጋጀ,0
ልቡ ተርፏ አለ,1
የሌሊት ቁር ሳይበግራቸው,0
ጥፊ ላሰ,1
ባህላዊ ሽምግልናዎች የተለየ የሚያደርገው,0
ስር ነቃይ,1
ግን ቦታ ተቀባይነታቸው,0
ተምሳሊተ ብዙ,1
ጉድጓድ ማሰለት,1
ቀጭን አንጀት,0
ልብ አብሽቅ,1
እንኳወ ላጆችዋ,0
ላክ አደረገ,1
የተወለደበትን ቀን አስቆጠረው,1
መሸኛ ደብዳቤ,1
ተባሰል,1
በተካልቦ አይደለም,0
ቆይ,1
ፈሊጣዊ ንግግሮች,0
ለእውቀት በቃ,1
እየቀደም,1
ጠላው ተቆጣ,1
የክርስትና ምንጭ,0
አንድ ቀን ይመለስ ይሆናል,0
የተሰጣቸው ደግሞ በአንጎል,0
ትክለኛ,1
ለተለያዩ ክልሎች,0
የሰባ ነገር,1
ይሰበር ደጋሚ,1
ተንኮል አለማሰብ ተገቢ ይሆናል,0
ራሱን ጣለ,1
ቤተሰብ ዘር,0
የዉብ ዳር,0
በዛሁ ቀንሱልኝ አለ,1
ብስል ከጥሬ,1
በቀረበው ምሳሌ መሰረት,0
አጥንተው እንዲመጡ ያድርጉ,0
ጓደኝነት ጀመሩ,0
ሰውነቴ በሰለ,1
ካንድ ወንዝ የተቀዱ,1
ልጅቷ ብድግ ብላ,0
እንደየቤቱ,1
ቁርበተ ነክ,1
አባዛች,1
ቂሙን ቀረፈ,1
በቁርጥ ስራ,1
ቆርፋዳ ሻንጣ,0
የሚያመለክቱ ጠቃሚ መርሆዎች,0
ቱግ አለ,1
ርጥብ ሬሳ,1
ባላን ደንቆሮ,1
ምስጢር አፈሳ,1
ሰውነቴ በሰለ,1
ብራ ቀን,1
ባህላዊ ጫወታ,0
ስሜትን በመረዳቱ,0
ሰንደቅ አላማ,0
በትኩሱ,1
እዉነተኛ ፍቅር,0
በመደበኛ አረፍተነገሮቹ ውስጥ የገቡ,0
ቀጠንጠን አድርጎታል,1
በማሀበረሰቡ ዘንድ,0
ይሁንና,0
በብዙ ቋንቋዎች,0
በሶ አበሰበሰ,1
አጉልቶ የሚያሳየው,0
ቀጥሎ በቡድን,0
አእምሮው ተበርዟል,1
ቆጠረበት,1
መምህር መከናወት,0
መከተል ማሳደድ,0
ፊቱ በራ,1
ለሰሚ ግራ ነገር,1
ልጃገረድ አጨ,0
ማቋረጥ የሌለበት የንባብ,0
ያልሰማ ጆሮ,0
አለቃችን ሆደ,0
ትከሻም,1
ተቀባባች,1
ሀላፊ ደስታ,0
ያካተተ መሆን እንዳለበት ይጠበቃል,0
በጥቁር ካባቸው ተውበው,0
ተሽጦ,1
ሰልፍን አሳምር,1
መንገድ ቀጠለ,1
ፊቱ በራ,1
የትንቢት ጊዜ,0
የወሬ ወሬ,0
መሪ ቃል ስም,0
በጎ በጎ,1
የት ቦታ ሰርተዋል,0
መቀነትሽን አጥባቂ,1
እንደሚጠቅም,0
ፊታውራሪ ከፈረስ ላይ ወድቀው,0
ዳኛን ሰበረ,1
መሰናዘሪያ ቦታ,1
ምሁር ማቆምና ጠፍቶ የቀረውን,0
ከገደል ላይ ማር የሚያወጣ,1
ሴቶቹ ያዘጋጁትን ምግብ ያቀርባሉ,0
መጠቀምን ስለሚፈቅዱ,0
ሆኖለታል,1
ቀኔ,1
ላይ ታች አለ,1
መሟጠጫ,1
በንባብ ጊዜም የማዳመጥ ጊዜ,0
ጠላ ቤት,0
ማዛመዳቸውን ማረጋገጥ,0
ሁለቱ ድርና ማግ ሁነዋል,1
ቀጣዩ የታሪክ,0
ትዳሩን አሸነፈ,1
ብቅል አውራጅ,1
ወንደ ላጤ,0
የትርጉሙ ጥራት,0
ይቅር ላንተ,1
ተጨማሪ,0
በኮምፒውተር በቀላሉ,0
ጥናት ማድረግ,0
የነገር ሰረገላ,1
አየር መንገድ,0
ያለበት ሁኔታ,0
የሴት ምራቋ ደንዳና,1
የቀረቡትን ጥያቄዎች በማስታወሻው ላይ,0
እንደ ዋለ ቀረ,1
የክለሳ ጥያቄዎች አተገባበር,0
ተንፈስ አለ,0
ሲቀር ይቀራል,1
ለነገር አቆተመ,0
ብዝሀነት ዝንቅነት ጉራማይሌነት,0
አይጥ አበላ,1
ከሞት ተፋው,1
ምድር መሸበት,1
በሩን ዝጋው,0
የርሱ ነገር በቃኝ,1
ቂጡ ቄጤማ ቆረጠ,1
ደማቅ ዘይቤው የጠበቀ,0
ምጣድ ሰማ,1
ችግሬ,1
ቁጥብ ቁጥብ,1
ቂም አረገዘ,1
መገንዘብ ያስፈልጋል,0
በምንም ምክንያት,1
ተለሳለሰ,1
ቃልዎ ይድረሰኝ አለ,1
ማስታወሻ በደብተራቸው ፅፈው,0
ጥሩ የስራ አፈፃፀም ያለውን,0
ምንም ያህል በጎ በጎውን ቢመኝ,0
እኔው,0
ሴራ ቆረጠ,1
ስጋዊ,1
ሙሉ ዉድቀት,0
ገዢው በህዝብ ላይ ሰነፈጠ,1
መንግስት ከዜጎች በሰበሰበው ገንዘብ,0
ጥረት በሚያደርጉበት ወጣት,0
በመሆኑም በቅድሚያ ተማሪዎቹ,0
እንዲመራቸው,0
ገዘፈ አደገ,0
እርግጥ ለዚህ ሁሉ መንግስታት,0
ሽቢያ ጋለበ,1
አየር ጤና,0
እንዲናገሩ በመጠየቅ ማረጋገጥ,0
ኮምፒዉተር ሳይንስ,0
ሽል ያለ,1
በአውሮፓዊያን አቆጣጠር,0
መታ ያለ,1
ልብሱን ለወጠ,1
ቢስ ገላ,1
በማስታወሻው ላይ በቀረበው ምሳሌ,0
ቤት የሚመታ,0
የወጡ የአዳምጦ መመለስ,0
ግዴለም,1
ቴክሎጅ ፋካሊቲ,0
ስንት ወር,0
ነገር ሸተተው,1
ባለቅልጥም,1
በመቀጠልም የሀረግ ምንነት,0
ከሞት ተፋው,1
ፊቱን ቋጠረ,1
ሲንቀሳቀሱና ድርጊት ሲፈፅሙ የሚታዩ,0
ተቃበጠ,1
የንባብ ጊዜ ጥያቄዎችን እንዲሰሩ,0
ሀሳብ ተሰነቀረብኝ,1
ምኝታቸዉ ሄዱ,0
ሽቅብ መጣቂ,0
እየተሰራ ቢሆንም,0
በለስ አገኘ,1
ተርፍ ቃል,0
በዚህም ምክንያት,0
ሲቆፍሩ ያደሩት,0
የረጋ ወጣት,1
የራስ ቅል,0
ዜና ሙዳይ,0
ለፈለሱ የመናዊያን የተደረገው አቀባበል,0
አዳምጦ ፍሬሀሳቦችን በማስታወሻ መያዝ,0
በአዲስ አበባ,0
ዴሞክራሲ ፍትህና ነፃነት,0
ከላይ የቀረቡት,0
ቢርበኝም የእስዋን,0
በቁርጥ ስራ,1
ቆሻሻ ውስጥ,0
ቶሎ በሉ,0
ነገር ተበተበ,1
ነገር የበላ,1
ለጊዜዉ ተቆጡ,0
ቆብ ጫነ,1
ወኔው ቀዘቀዘ,1
የአንድ ማሀበረሰብ ባህል,0
ብድር መለሰ,1
ሰማይ ጠቀስ,1
ሻ አለው,1
ለይምሰል ስራ,1
ላስ አደረገው,1
ተንተርሶ ያኖረውን ምልከታ ለመቃረም,0
ጥቁር ሰሌዳ,0
ስራህ ብዙ,1
እጅ መንሻ,1
ተምረው እንዳልተማሩ,0
እንደ ተረከበው,1
ለየት ያለ,0
በቅድመንባብ ጥያቄዎች ላይ,0
የጋማ ከብት,0
የሚስጥር በር,0
ቁመት አለብኝ,1
ርጋ,1
ገንዘብ ቀረጠኝ,1
መፅሀፍ ማስታወሻ,0
ባንድ አይቅር,1
ቅጠ ቢስ,1
ሌባ ሚዛን,1
የከበረ ድንጋይ,0
አበበ ከወንድሙ,0
ልቡን ሰረቀው,1
በር መታ,1
ጥቅም,0
ሊቀ መንበር,0
በሰፊዉ የለመደች,0
መታወቂያዉ ዉስጥ,0
በሬ,1
አባቴ ልሁን,1
ቁስሉ ምጠጠ,1
ባልጌ,0
ቤቱን አሸነፈ,1
እንደየነገሩ,0
ማስታወስ መገንዘብ,0
መንገድ ቀጠለ,1
ቆራጭ ፈላጭ,1
እድሜው ተሰናከለ,1
በመቀጠልም ስለምእላድና ስለቃል ምንነት,0
በቤቱ ሂሳብ,1
መድሃኒት መውሰድ,1
ቁልፍ ቦታ,1
መኪና መንዳት,1
ጸጉር መሰንጠቅ,1
ቀጠሮ መውሰድ,1
ሚና መጫወት,1
በፍቅር መውደቅ,1
ስብሰባ መጥራት,1
ጽዋ ማንሳት ,1
ፈተና መቀመጥ,1
ሴት ወዳጅን ማውጣት,1 
ሊፍት መስጠት,1
ወንበር መውሰድ,1
ቀዝቃዛ ጦርነት,1
ገበታ መስራት,1
ታክሲ መያዝ,1
አብሮ መሄድ ለልብስ,1
ሰውን መዝጋት,1